level,	time,	path,	model,	serial,	container,	slot,	msg,	errtype,	raw,	info,	eunit,	note
info,	2026/03/10 10:24:01,	/dev/sdmb,	ST4000NM002A,	WS23LDH7,	RX1217rp-1,	2,	plugin,	,	0,	,	,	
debug,	2026/03/10 10:24:01,	/dev/sdmb,	ST4000NM002A,	WS23LDH7,	RX1217rp-1,	2,	disk_refresh,	,	0,	,	,	
info,	2026/03/04 00:02:05,	/dev/sdsc,	HAT5300-4T,	2420U6RA0A06TFW1H,	RX1217rp-2,	9,	disk_smart_test_end,	,	0,	,	,	
info,	2026/03/04 00:02:05,	/dev/sdqb,	HAT5300-4T,	2420U6RA0A063FW1H,	RX1217rp-2,	2,	disk_smart_test_end,	,	0,	,	,	
info,	2026/03/04 00:02:05,	/dev/sdrc,	HAT5300-4T,	2420U6RA0A0GAFW1H,	RX1217rp-2,	6,	disk_smart_test_end,	,	0,	,	,	
info,	2026/03/04 00:02:05,	/dev/sdra,	HAT5300-4T,	2420U6RA0A0CSFW1H,	RX1217rp-2,	4,	disk_smart_test_end,	,	0,	,	,	
info,	2026/03/04 00:02:05,	/dev/sdsb,	HAT5300-4T,	2420U6RA0A0BGFW1H,	RX1217rp-2,	8,	disk_smart_test_end,	,	0,	,	,	
info,	2026/03/04 00:02:05,	/dev/sdta,	HAT5300-4T,	2420U6RA0A189FW1H,	RX1217rp-2,	10,	disk_smart_test_end,	,	0,	,	,	
info,	2026/03/04 00:02:04,	/dev/sdrb,	HAT5300-4T,	2420U6RA0A0BEFW1H,	RX1217rp-2,	5,	disk_smart_test_end,	,	0,	,	,	
info,	2026/03/04 00:02:04,	/dev/sdqc,	HAT5300-4T,	2420U6RA0A0D4FW1H,	RX1217rp-2,	3,	disk_smart_test_end,	,	0,	,	,	
info,	2026/03/04 00:02:04,	/dev/sdsa,	HAT5300-4T,	2420U6RA0A069FW1H,	RX1217rp-2,	7,	disk_smart_test_end,	,	0,	,	,	
info,	2026/03/04 00:02:04,	/dev/sdtb,	HAT5300-4T,	2420U6RA0A061FW1H,	RX1217rp-2,	11,	disk_smart_test_end,	,	0,	,	,	
info,	2026/03/04 00:02:04,	/dev/sdqa,	HAT5300-4T,	2420U6RA0A0CCFW1H,	RX1217rp-2,	1,	disk_smart_test_end,	,	0,	,	,	
info,	2026/03/04 00:02:04,	/dev/sdtc,	HAT5300-4T,	2420U6RA0A068FW1H,	RX1217rp-2,	12,	disk_smart_test_end,	,	0,	,	,	
info,	2026/03/04 00:01:12,	/dev/sdoa,	ST4000NM002A,	WS23LDF5,	RX1217rp-1,	7,	disk_smart_test_end,	,	0,	,	,	
info,	2026/03/04 00:01:12,	/dev/sdnb,	ST4000NM0035-1V4107,	ZC19PFSG,	RX1217rp-1,	5,	disk_smart_test_end,	,	0,	,	,	
info,	2026/03/04 00:01:12,	/dev/sdf,	ST4000NM0035-1V4107,	ZC17ZSKN,	RS3617RPxs,	6,	disk_smart_test_end,	,	0,	,	,	
info,	2026/03/04 00:01:12,	/dev/sdpb,	ST4000NM002A,	WS23LDK4,	RX1217rp-1,	11,	disk_smart_test_end,	,	0,	,	,	
info,	2026/03/04 00:01:11,	/dev/sdl,	ST4000NM0035-1V4107,	ZC184H3P,	RS3617RPxs,	12,	disk_smart_test_end,	,	0,	,	,	
info,	2026/03/04 00:01:11,	/dev/sdh,	ST4000NM0035-1V4107,	ZC1B50Q0,	RS3617RPxs,	8,	disk_smart_test_end,	,	0,	,	,	
info,	2026/03/04 00:01:11,	/dev/sdpc,	ST4000NM002A,	WS23LDC0,	RX1217rp-1,	12,	disk_smart_test_end,	,	0,	,	,	
info,	2026/03/04 00:01:11,	/dev/sdpa,	ST4000NM002A,	WS23LD22,	RX1217rp-1,	10,	disk_smart_test_end,	,	0,	,	,	
info,	2026/03/04 00:01:11,	/dev/sdob,	ST4000NM002A,	WS23LD51,	RX1217rp-1,	8,	disk_smart_test_end,	,	0,	,	,	
info,	2026/03/04 00:01:11,	/dev/sdmc,	ST4000NM0035-1V4107,	ZC11XPD8,	RX1217rp-1,	3,	disk_smart_test_end,	,	0,	,	,	
info,	2026/03/04 00:01:11,	/dev/sde,	ST4000NM002A,	WS23LD71,	RS3617RPxs,	5,	disk_smart_test_end,	,	0,	,	,	
info,	2026/03/04 00:01:11,	/dev/sdoc,	ST4000NM002A,	WS23LDJ2,	RX1217rp-1,	9,	disk_smart_test_end,	,	0,	,	,	
info,	2026/03/04 00:01:10,	/dev/sdnc,	ST4000NM0035-1V4107,	ZC15VT6Z,	RX1217rp-1,	6,	disk_smart_test_end,	,	0,	,	,	
info,	2026/03/04 00:01:10,	/dev/sdna,	ST4000NM0035-1V4107,	ZC124SEN,	RX1217rp-1,	4,	disk_smart_test_end,	,	0,	,	,	
info,	2026/03/04 00:01:10,	/dev/sdma,	ST4000NM0035-1V4107,	ZC129286,	RX1217rp-1,	1,	disk_smart_test_end,	,	0,	,	,	
info,	2026/03/04 00:01:10,	/dev/sdk,	ST4000NM0035-1V4107,	ZC1BVTDZ,	RS3617RPxs,	11,	disk_smart_test_end,	,	0,	,	,	
info,	2026/03/04 00:01:10,	/dev/sdi,	ST4000NM0035-1V4107,	ZC1BVKQ6,	RS3617RPxs,	9,	disk_smart_test_end,	,	0,	,	,	
info,	2026/03/04 00:01:10,	/dev/sdg,	ST4000NM0035-1V4107,	ZC1ASSRR,	RS3617RPxs,	7,	disk_smart_test_end,	,	0,	,	,	
info,	2026/03/04 00:01:10,	/dev/sdj,	ST4000NM0035-1V4107,	ZC1BVAJH,	RS3617RPxs,	10,	disk_smart_test_end,	,	0,	,	,	
info,	2026/03/04 00:01:03,	/dev/sdc,	ST4000NM0035-1V4107,	ZC12PNH9,	RS3617RPxs,	3,	disk_smart_test_end,	,	0,	,	,	
info,	2026/03/04 00:01:03,	/dev/sdb,	ST4000NM0035-1V4107,	ZC1BAL3S,	RS3617RPxs,	2,	disk_smart_test_end,	,	0,	,	,	
info,	2026/03/04 00:01:01,	/dev/sda,	ST4000NM0115-1YZ107,	ZC124E4Y,	RS3617RPxs,	1,	disk_smart_test_end,	,	0,	,	,	
info,	2026/03/04 00:01:01,	/dev/sdd,	ST4000NM0035-1V4107,	ZC13E3RC,	RS3617RPxs,	4,	disk_smart_test_end,	,	0,	,	,	
info,	2026/03/04 00:00:13,	/dev/sdtc,	HAT5300-4T,	2420U6RA0A068FW1H,	RX1217rp-2,	12,	disk_smart_test_start,	,	0,	,	,	
info,	2026/03/04 00:00:12,	/dev/sdsa,	HAT5300-4T,	2420U6RA0A069FW1H,	RX1217rp-2,	7,	disk_smart_test_start,	,	0,	,	,	
info,	2026/03/04 00:00:12,	/dev/sdsb,	HAT5300-4T,	2420U6RA0A0BGFW1H,	RX1217rp-2,	8,	disk_smart_test_start,	,	0,	,	,	
info,	2026/03/04 00:00:12,	/dev/sdsc,	HAT5300-4T,	2420U6RA0A06TFW1H,	RX1217rp-2,	9,	disk_smart_test_start,	,	0,	,	,	
info,	2026/03/04 00:00:12,	/dev/sdta,	HAT5300-4T,	2420U6RA0A189FW1H,	RX1217rp-2,	10,	disk_smart_test_start,	,	0,	,	,	
info,	2026/03/04 00:00:12,	/dev/sdtb,	HAT5300-4T,	2420U6RA0A061FW1H,	RX1217rp-2,	11,	disk_smart_test_start,	,	0,	,	,	
info,	2026/03/04 00:00:11,	/dev/sdrc,	HAT5300-4T,	2420U6RA0A0GAFW1H,	RX1217rp-2,	6,	disk_smart_test_start,	,	0,	,	,	
info,	2026/03/04 00:00:10,	/dev/sdqa,	HAT5300-4T,	2420U6RA0A0CCFW1H,	RX1217rp-2,	1,	disk_smart_test_start,	,	0,	,	,	
info,	2026/03/04 00:00:10,	/dev/sdqb,	HAT5300-4T,	2420U6RA0A063FW1H,	RX1217rp-2,	2,	disk_smart_test_start,	,	0,	,	,	
info,	2026/03/04 00:00:10,	/dev/sdqc,	HAT5300-4T,	2420U6RA0A0D4FW1H,	RX1217rp-2,	3,	disk_smart_test_start,	,	0,	,	,	
info,	2026/03/04 00:00:10,	/dev/sdra,	HAT5300-4T,	2420U6RA0A0CSFW1H,	RX1217rp-2,	4,	disk_smart_test_start,	,	0,	,	,	
info,	2026/03/04 00:00:10,	/dev/sdrb,	HAT5300-4T,	2420U6RA0A0BEFW1H,	RX1217rp-2,	5,	disk_smart_test_start,	,	0,	,	,	
info,	2026/03/04 00:00:09,	/dev/sdpa,	ST4000NM002A,	WS23LD22,	RX1217rp-1,	10,	disk_smart_test_start,	,	0,	,	,	
info,	2026/03/04 00:00:09,	/dev/sdpb,	ST4000NM002A,	WS23LDK4,	RX1217rp-1,	11,	disk_smart_test_start,	,	0,	,	,	
info,	2026/03/04 00:00:09,	/dev/sdpc,	ST4000NM002A,	WS23LDC0,	RX1217rp-1,	12,	disk_smart_test_start,	,	0,	,	,	
info,	2026/03/04 00:00:08,	/dev/sdob,	ST4000NM002A,	WS23LD51,	RX1217rp-1,	8,	disk_smart_test_start,	,	0,	,	,	
info,	2026/03/04 00:00:08,	/dev/sdoc,	ST4000NM002A,	WS23LDJ2,	RX1217rp-1,	9,	disk_smart_test_start,	,	0,	,	,	
info,	2026/03/04 00:00:07,	/dev/sdnc,	ST4000NM0035-1V4107,	ZC15VT6Z,	RX1217rp-1,	6,	disk_smart_test_start,	,	0,	,	,	
info,	2026/03/04 00:00:07,	/dev/sdoa,	ST4000NM002A,	WS23LDF5,	RX1217rp-1,	7,	disk_smart_test_start,	,	0,	,	,	
info,	2026/03/04 00:00:06,	/dev/sdnb,	ST4000NM0035-1V4107,	ZC19PFSG,	RX1217rp-1,	5,	disk_smart_test_start,	,	0,	,	,	
info,	2026/03/04 00:00:05,	/dev/sdl,	ST4000NM0035-1V4107,	ZC184H3P,	RS3617RPxs,	12,	disk_smart_test_start,	,	0,	,	,	
info,	2026/03/04 00:00:05,	/dev/sdma,	ST4000NM0035-1V4107,	ZC129286,	RX1217rp-1,	1,	disk_smart_test_start,	,	0,	,	,	
info,	2026/03/04 00:00:05,	/dev/sdmc,	ST4000NM0035-1V4107,	ZC11XPD8,	RX1217rp-1,	3,	disk_smart_test_start,	,	0,	,	,	
info,	2026/03/04 00:00:05,	/dev/sdna,	ST4000NM0035-1V4107,	ZC124SEN,	RX1217rp-1,	4,	disk_smart_test_start,	,	0,	,	,	
info,	2026/03/04 00:00:04,	/dev/sdh,	ST4000NM0035-1V4107,	ZC1B50Q0,	RS3617RPxs,	8,	disk_smart_test_start,	,	0,	,	,	
info,	2026/03/04 00:00:04,	/dev/sdi,	ST4000NM0035-1V4107,	ZC1BVKQ6,	RS3617RPxs,	9,	disk_smart_test_start,	,	0,	,	,	
info,	2026/03/04 00:00:04,	/dev/sdj,	ST4000NM0035-1V4107,	ZC1BVAJH,	RS3617RPxs,	10,	disk_smart_test_start,	,	0,	,	,	
info,	2026/03/04 00:00:04,	/dev/sdk,	ST4000NM0035-1V4107,	ZC1BVTDZ,	RS3617RPxs,	11,	disk_smart_test_start,	,	0,	,	,	
info,	2026/03/04 00:00:03,	/dev/sde,	ST4000NM002A,	WS23LD71,	RS3617RPxs,	5,	disk_smart_test_start,	,	0,	,	,	
info,	2026/03/04 00:00:03,	/dev/sdf,	ST4000NM0035-1V4107,	ZC17ZSKN,	RS3617RPxs,	6,	disk_smart_test_start,	,	0,	,	,	
info,	2026/03/04 00:00:03,	/dev/sdg,	ST4000NM0035-1V4107,	ZC1ASSRR,	RS3617RPxs,	7,	disk_smart_test_start,	,	0,	,	,	
info,	2026/03/04 00:00:02,	/dev/sdc,	ST4000NM0035-1V4107,	ZC12PNH9,	RS3617RPxs,	3,	disk_smart_test_start,	,	0,	,	,	
info,	2026/03/04 00:00:02,	/dev/sdd,	ST4000NM0035-1V4107,	ZC13E3RC,	RS3617RPxs,	4,	disk_smart_test_start,	,	0,	,	,	
info,	2026/03/04 00:00:01,	/dev/sda,	ST4000NM0115-1YZ107,	ZC124E4Y,	RS3617RPxs,	1,	disk_smart_test_start,	,	0,	,	,	
info,	2026/03/04 00:00:01,	/dev/sdb,	ST4000NM0035-1V4107,	ZC1BAL3S,	RS3617RPxs,	2,	disk_smart_test_start,	,	0,	,	,	
info,	2026/02/22 20:21:32,	/dev/sdmb,	ST4000NM0035-1V4107,	ZC11M9S0,	RX1217rp-1,	2,	plugout,	,	0,	,	,	
debug,	2026/02/22 20:21:28,	/dev/sdmb,	,	,	RX1217rp-1,	2,	reset_fail,	soft,	4,	,	,	
debug,	2026/02/22 20:21:28,	/dev/sdmb,	,	,	RX1217rp-1,	2,	timeout,	rw,	0,	,	,	
info,	2026/02/04 00:02:07,	/dev/sdrc,	HAT5300-4T,	2420U6RA0A0GAFW1H,	RX1217rp-2,	6,	disk_smart_test_end,	,	0,	,	,	
info,	2026/02/04 00:02:07,	/dev/sdsc,	HAT5300-4T,	2420U6RA0A06TFW1H,	RX1217rp-2,	9,	disk_smart_test_end,	,	0,	,	,	
info,	2026/02/04 00:02:07,	/dev/sdra,	HAT5300-4T,	2420U6RA0A0CSFW1H,	RX1217rp-2,	4,	disk_smart_test_end,	,	0,	,	,	
info,	2026/02/04 00:02:07,	/dev/sdsb,	HAT5300-4T,	2420U6RA0A0BGFW1H,	RX1217rp-2,	8,	disk_smart_test_end,	,	0,	,	,	
info,	2026/02/04 00:02:07,	/dev/sdtc,	HAT5300-4T,	2420U6RA0A068FW1H,	RX1217rp-2,	12,	disk_smart_test_end,	,	0,	,	,	
info,	2026/02/04 00:02:06,	/dev/sdrb,	HAT5300-4T,	2420U6RA0A0BEFW1H,	RX1217rp-2,	5,	disk_smart_test_end,	,	0,	,	,	
info,	2026/02/04 00:02:06,	/dev/sdqa,	HAT5300-4T,	2420U6RA0A0CCFW1H,	RX1217rp-2,	1,	disk_smart_test_end,	,	0,	,	,	
info,	2026/02/04 00:02:06,	/dev/sdsa,	HAT5300-4T,	2420U6RA0A069FW1H,	RX1217rp-2,	7,	disk_smart_test_end,	,	0,	,	,	
info,	2026/02/04 00:02:06,	/dev/sdqc,	HAT5300-4T,	2420U6RA0A0D4FW1H,	RX1217rp-2,	3,	disk_smart_test_end,	,	0,	,	,	
info,	2026/02/04 00:02:06,	/dev/sdta,	HAT5300-4T,	2420U6RA0A189FW1H,	RX1217rp-2,	10,	disk_smart_test_end,	,	0,	,	,	
info,	2026/02/04 00:02:06,	/dev/sdtb,	HAT5300-4T,	2420U6RA0A061FW1H,	RX1217rp-2,	11,	disk_smart_test_end,	,	0,	,	,	
info,	2026/02/04 00:02:01,	/dev/sdqb,	HAT5300-4T,	2420U6RA0A063FW1H,	RX1217rp-2,	2,	disk_smart_test_end,	,	0,	,	,	
info,	2026/02/04 00:01:14,	/dev/sdoc,	ST4000NM002A,	WS23LDJ2,	RX1217rp-1,	9,	disk_smart_test_end,	,	0,	,	,	
info,	2026/02/04 00:01:14,	/dev/sdpa,	ST4000NM002A,	WS23LD22,	RX1217rp-1,	10,	disk_smart_test_end,	,	0,	,	,	
info,	2026/02/04 00:01:14,	/dev/sdpc,	ST4000NM002A,	WS23LDC0,	RX1217rp-1,	12,	disk_smart_test_end,	,	0,	,	,	
info,	2026/02/04 00:01:14,	/dev/sdpb,	ST4000NM002A,	WS23LDK4,	RX1217rp-1,	11,	disk_smart_test_end,	,	0,	,	,	
info,	2026/02/04 00:01:08,	/dev/sdmc,	ST4000NM0035-1V4107,	ZC11XPD8,	RX1217rp-1,	3,	disk_smart_test_end,	,	0,	,	,	
info,	2026/02/04 00:01:08,	/dev/sdk,	ST4000NM0035-1V4107,	ZC1BVTDZ,	RS3617RPxs,	11,	disk_smart_test_end,	,	0,	,	,	
info,	2026/02/04 00:01:08,	/dev/sdma,	ST4000NM0035-1V4107,	ZC129286,	RX1217rp-1,	1,	disk_smart_test_end,	,	0,	,	,	
info,	2026/02/04 00:01:07,	/dev/sde,	ST4000NM002A,	WS23LD71,	RS3617RPxs,	5,	disk_smart_test_end,	,	0,	,	,	
info,	2026/02/04 00:01:07,	/dev/sdf,	ST4000NM0035-1V4107,	ZC17ZSKN,	RS3617RPxs,	6,	disk_smart_test_end,	,	0,	,	,	
info,	2026/02/04 00:01:07,	/dev/sdna,	ST4000NM0035-1V4107,	ZC124SEN,	RX1217rp-1,	4,	disk_smart_test_end,	,	0,	,	,	
info,	2026/02/04 00:01:07,	/dev/sdj,	ST4000NM0035-1V4107,	ZC1BVAJH,	RS3617RPxs,	10,	disk_smart_test_end,	,	0,	,	,	
info,	2026/02/04 00:01:07,	/dev/sdoa,	ST4000NM002A,	WS23LDF5,	RX1217rp-1,	7,	disk_smart_test_end,	,	0,	,	,	
info,	2026/02/04 00:01:07,	/dev/sdnc,	ST4000NM0035-1V4107,	ZC15VT6Z,	RX1217rp-1,	6,	disk_smart_test_end,	,	0,	,	,	
info,	2026/02/04 00:01:07,	/dev/sdl,	ST4000NM0035-1V4107,	ZC184H3P,	RS3617RPxs,	12,	disk_smart_test_end,	,	0,	,	,	
info,	2026/02/04 00:01:07,	/dev/sdh,	ST4000NM0035-1V4107,	ZC1B50Q0,	RS3617RPxs,	8,	disk_smart_test_end,	,	0,	,	,	
info,	2026/02/04 00:01:07,	/dev/sdob,	ST4000NM002A,	WS23LD51,	RX1217rp-1,	8,	disk_smart_test_end,	,	0,	,	,	
info,	2026/02/04 00:01:06,	/dev/sdg,	ST4000NM0035-1V4107,	ZC1ASSRR,	RS3617RPxs,	7,	disk_smart_test_end,	,	0,	,	,	
info,	2026/02/04 00:01:06,	/dev/sdd,	ST4000NM0035-1V4107,	ZC13E3RC,	RS3617RPxs,	4,	disk_smart_test_end,	,	0,	,	,	
info,	2026/02/04 00:01:06,	/dev/sdi,	ST4000NM0035-1V4107,	ZC1BVKQ6,	RS3617RPxs,	9,	disk_smart_test_end,	,	0,	,	,	
info,	2026/02/04 00:01:06,	/dev/sdc,	ST4000NM0035-1V4107,	ZC12PNH9,	RS3617RPxs,	3,	disk_smart_test_end,	,	0,	,	,	
info,	2026/02/04 00:01:06,	/dev/sdnb,	ST4000NM0035-1V4107,	ZC19PFSG,	RX1217rp-1,	5,	disk_smart_test_end,	,	0,	,	,	
info,	2026/02/04 00:01:06,	/dev/sdmb,	ST4000NM0035-1V4107,	ZC11M9S0,	RX1217rp-1,	2,	disk_smart_test_end,	,	0,	,	,	
info,	2026/02/04 00:01:00,	/dev/sdb,	ST4000NM0035-1V4107,	ZC1BAL3S,	RS3617RPxs,	2,	disk_smart_test_end,	,	0,	,	,	
info,	2026/02/04 00:00:59,	/dev/sda,	ST4000NM0115-1YZ107,	ZC124E4Y,	RS3617RPxs,	1,	disk_smart_test_end,	,	0,	,	,	
info,	2026/02/04 00:00:12,	/dev/sdsb,	HAT5300-4T,	2420U6RA0A0BGFW1H,	RX1217rp-2,	8,	disk_smart_test_start,	,	0,	,	,	
info,	2026/02/04 00:00:12,	/dev/sdsc,	HAT5300-4T,	2420U6RA0A06TFW1H,	RX1217rp-2,	9,	disk_smart_test_start,	,	0,	,	,	
info,	2026/02/04 00:00:12,	/dev/sdta,	HAT5300-4T,	2420U6RA0A189FW1H,	RX1217rp-2,	10,	disk_smart_test_start,	,	0,	,	,	
info,	2026/02/04 00:00:12,	/dev/sdtb,	HAT5300-4T,	2420U6RA0A061FW1H,	RX1217rp-2,	11,	disk_smart_test_start,	,	0,	,	,	
info,	2026/02/04 00:00:12,	/dev/sdtc,	HAT5300-4T,	2420U6RA0A068FW1H,	RX1217rp-2,	12,	disk_smart_test_start,	,	0,	,	,	
info,	2026/02/04 00:00:11,	/dev/sdqb,	HAT5300-4T,	2420U6RA0A063FW1H,	RX1217rp-2,	2,	disk_smart_test_start,	,	0,	,	,	
info,	2026/02/04 00:00:11,	/dev/sdqc,	HAT5300-4T,	2420U6RA0A0D4FW1H,	RX1217rp-2,	3,	disk_smart_test_start,	,	0,	,	,	
info,	2026/02/04 00:00:11,	/dev/sdra,	HAT5300-4T,	2420U6RA0A0CSFW1H,	RX1217rp-2,	4,	disk_smart_test_start,	,	0,	,	,	
info,	2026/02/04 00:00:11,	/dev/sdrb,	HAT5300-4T,	2420U6RA0A0BEFW1H,	RX1217rp-2,	5,	disk_smart_test_start,	,	0,	,	,	
info,	2026/02/04 00:00:11,	/dev/sdrc,	HAT5300-4T,	2420U6RA0A0GAFW1H,	RX1217rp-2,	6,	disk_smart_test_start,	,	0,	,	,	
info,	2026/02/04 00:00:11,	/dev/sdsa,	HAT5300-4T,	2420U6RA0A069FW1H,	RX1217rp-2,	7,	disk_smart_test_start,	,	0,	,	,	
info,	2026/02/04 00:00:10,	/dev/sdqa,	HAT5300-4T,	2420U6RA0A0CCFW1H,	RX1217rp-2,	1,	disk_smart_test_start,	,	0,	,	,	
info,	2026/02/04 00:00:09,	/dev/sdpb,	ST4000NM002A,	WS23LDK4,	RX1217rp-1,	11,	disk_smart_test_start,	,	0,	,	,	
info,	2026/02/04 00:00:09,	/dev/sdpc,	ST4000NM002A,	WS23LDC0,	RX1217rp-1,	12,	disk_smart_test_start,	,	0,	,	,	
info,	2026/02/04 00:00:08,	/dev/sdoc,	ST4000NM002A,	WS23LDJ2,	RX1217rp-1,	9,	disk_smart_test_start,	,	0,	,	,	
info,	2026/02/04 00:00:08,	/dev/sdpa,	ST4000NM002A,	WS23LD22,	RX1217rp-1,	10,	disk_smart_test_start,	,	0,	,	,	
info,	2026/02/04 00:00:07,	/dev/sdoa,	ST4000NM002A,	WS23LDF5,	RX1217rp-1,	7,	disk_smart_test_start,	,	0,	,	,	
info,	2026/02/04 00:00:07,	/dev/sdob,	ST4000NM002A,	WS23LD51,	RX1217rp-1,	8,	disk_smart_test_start,	,	0,	,	,	
info,	2026/02/04 00:00:06,	/dev/sdmc,	ST4000NM0035-1V4107,	ZC11XPD8,	RX1217rp-1,	3,	disk_smart_test_start,	,	0,	,	,	
info,	2026/02/04 00:00:06,	/dev/sdna,	ST4000NM0035-1V4107,	ZC124SEN,	RX1217rp-1,	4,	disk_smart_test_start,	,	0,	,	,	
info,	2026/02/04 00:00:06,	/dev/sdnb,	ST4000NM0035-1V4107,	ZC19PFSG,	RX1217rp-1,	5,	disk_smart_test_start,	,	0,	,	,	
info,	2026/02/04 00:00:06,	/dev/sdnc,	ST4000NM0035-1V4107,	ZC15VT6Z,	RX1217rp-1,	6,	disk_smart_test_start,	,	0,	,	,	
info,	2026/02/04 00:00:05,	/dev/sdk,	ST4000NM0035-1V4107,	ZC1BVTDZ,	RS3617RPxs,	11,	disk_smart_test_start,	,	0,	,	,	
info,	2026/02/04 00:00:05,	/dev/sdl,	ST4000NM0035-1V4107,	ZC184H3P,	RS3617RPxs,	12,	disk_smart_test_start,	,	0,	,	,	
info,	2026/02/04 00:00:05,	/dev/sdma,	ST4000NM0035-1V4107,	ZC129286,	RX1217rp-1,	1,	disk_smart_test_start,	,	0,	,	,	
info,	2026/02/04 00:00:05,	/dev/sdmb,	ST4000NM0035-1V4107,	ZC11M9S0,	RX1217rp-1,	2,	disk_smart_test_start,	,	0,	,	,	
info,	2026/02/04 00:00:04,	/dev/sdh,	ST4000NM0035-1V4107,	ZC1B50Q0,	RS3617RPxs,	8,	disk_smart_test_start,	,	0,	,	,	
info,	2026/02/04 00:00:04,	/dev/sdi,	ST4000NM0035-1V4107,	ZC1BVKQ6,	RS3617RPxs,	9,	disk_smart_test_start,	,	0,	,	,	
info,	2026/02/04 00:00:04,	/dev/sdj,	ST4000NM0035-1V4107,	ZC1BVAJH,	RS3617RPxs,	10,	disk_smart_test_start,	,	0,	,	,	
info,	2026/02/04 00:00:03,	/dev/sdf,	ST4000NM0035-1V4107,	ZC17ZSKN,	RS3617RPxs,	6,	disk_smart_test_start,	,	0,	,	,	
info,	2026/02/04 00:00:03,	/dev/sdg,	ST4000NM0035-1V4107,	ZC1ASSRR,	RS3617RPxs,	7,	disk_smart_test_start,	,	0,	,	,	
info,	2026/02/04 00:00:02,	/dev/sdc,	ST4000NM0035-1V4107,	ZC12PNH9,	RS3617RPxs,	3,	disk_smart_test_start,	,	0,	,	,	
info,	2026/02/04 00:00:02,	/dev/sdd,	ST4000NM0035-1V4107,	ZC13E3RC,	RS3617RPxs,	4,	disk_smart_test_start,	,	0,	,	,	
info,	2026/02/04 00:00:02,	/dev/sde,	ST4000NM002A,	WS23LD71,	RS3617RPxs,	5,	disk_smart_test_start,	,	0,	,	,	
info,	2026/02/04 00:00:01,	/dev/sda,	ST4000NM0115-1YZ107,	ZC124E4Y,	RS3617RPxs,	1,	disk_smart_test_start,	,	0,	,	,	
info,	2026/02/04 00:00:01,	/dev/sdb,	ST4000NM0035-1V4107,	ZC1BAL3S,	RS3617RPxs,	2,	disk_smart_test_start,	,	0,	,	,	
info,	2026/01/04 00:02:06,	/dev/sdsb,	HAT5300-4T,	2420U6RA0A0BGFW1H,	RX1217rp-2,	8,	disk_smart_test_end,	,	0,	,	,	
info,	2026/01/04 00:02:06,	/dev/sdta,	HAT5300-4T,	2420U6RA0A189FW1H,	RX1217rp-2,	10,	disk_smart_test_end,	,	0,	,	,	
info,	2026/01/04 00:02:05,	/dev/sdtb,	HAT5300-4T,	2420U6RA0A061FW1H,	RX1217rp-2,	11,	disk_smart_test_end,	,	0,	,	,	
info,	2026/01/04 00:02:05,	/dev/sdsc,	HAT5300-4T,	2420U6RA0A06TFW1H,	RX1217rp-2,	9,	disk_smart_test_end,	,	0,	,	,	
info,	2026/01/04 00:02:05,	/dev/sdrb,	HAT5300-4T,	2420U6RA0A0BEFW1H,	RX1217rp-2,	5,	disk_smart_test_end,	,	0,	,	,	
info,	2026/01/04 00:02:05,	/dev/sdra,	HAT5300-4T,	2420U6RA0A0CSFW1H,	RX1217rp-2,	4,	disk_smart_test_end,	,	0,	,	,	
info,	2026/01/04 00:02:05,	/dev/sdtc,	HAT5300-4T,	2420U6RA0A068FW1H,	RX1217rp-2,	12,	disk_smart_test_end,	,	0,	,	,	
info,	2026/01/04 00:02:04,	/dev/sdqc,	HAT5300-4T,	2420U6RA0A0D4FW1H,	RX1217rp-2,	3,	disk_smart_test_end,	,	0,	,	,	
info,	2026/01/04 00:02:04,	/dev/sdqb,	HAT5300-4T,	2420U6RA0A063FW1H,	RX1217rp-2,	2,	disk_smart_test_end,	,	0,	,	,	
info,	2026/01/04 00:02:04,	/dev/sdqa,	HAT5300-4T,	2420U6RA0A0CCFW1H,	RX1217rp-2,	1,	disk_smart_test_end,	,	0,	,	,	
info,	2026/01/04 00:02:04,	/dev/sdsa,	HAT5300-4T,	2420U6RA0A069FW1H,	RX1217rp-2,	7,	disk_smart_test_end,	,	0,	,	,	
info,	2026/01/04 00:02:04,	/dev/sdrc,	HAT5300-4T,	2420U6RA0A0GAFW1H,	RX1217rp-2,	6,	disk_smart_test_end,	,	0,	,	,	
info,	2026/01/04 00:01:17,	/dev/sdpa,	ST4000NM002A,	WS23LD22,	RX1217rp-1,	10,	disk_smart_test_end,	,	0,	,	,	
info,	2026/01/04 00:01:17,	/dev/sdpc,	ST4000NM002A,	WS23LDC0,	RX1217rp-1,	12,	disk_smart_test_end,	,	0,	,	,	
info,	2026/01/04 00:01:17,	/dev/sdpb,	ST4000NM002A,	WS23LDK4,	RX1217rp-1,	11,	disk_smart_test_end,	,	0,	,	,	
info,	2026/01/04 00:01:11,	/dev/sdh,	ST4000NM0035-1V4107,	ZC1B50Q0,	RS3617RPxs,	8,	disk_smart_test_end,	,	0,	,	,	
info,	2026/01/04 00:01:11,	/dev/sdnb,	ST4000NM0035-1V4107,	ZC19PFSG,	RX1217rp-1,	5,	disk_smart_test_end,	,	0,	,	,	
info,	2026/01/04 00:01:11,	/dev/sdna,	ST4000NM0035-1V4107,	ZC124SEN,	RX1217rp-1,	4,	disk_smart_test_end,	,	0,	,	,	
info,	2026/01/04 00:01:10,	/dev/sdmb,	ST4000NM0035-1V4107,	ZC11M9S0,	RX1217rp-1,	2,	disk_smart_test_end,	,	0,	,	,	
info,	2026/01/04 00:01:10,	/dev/sdob,	ST4000NM002A,	WS23LD51,	RX1217rp-1,	8,	disk_smart_test_end,	,	0,	,	,	
info,	2026/01/04 00:01:10,	/dev/sdl,	ST4000NM0035-1V4107,	ZC184H3P,	RS3617RPxs,	12,	disk_smart_test_end,	,	0,	,	,	
info,	2026/01/04 00:01:10,	/dev/sdnc,	ST4000NM0035-1V4107,	ZC15VT6Z,	RX1217rp-1,	6,	disk_smart_test_end,	,	0,	,	,	
info,	2026/01/04 00:01:10,	/dev/sdoa,	ST4000NM002A,	WS23LDF5,	RX1217rp-1,	7,	disk_smart_test_end,	,	0,	,	,	
info,	2026/01/04 00:01:10,	/dev/sdma,	ST4000NM0035-1V4107,	ZC129286,	RX1217rp-1,	1,	disk_smart_test_end,	,	0,	,	,	
info,	2026/01/04 00:01:10,	/dev/sdk,	ST4000NM0035-1V4107,	ZC1BVTDZ,	RS3617RPxs,	11,	disk_smart_test_end,	,	0,	,	,	
info,	2026/01/04 00:01:09,	/dev/sdoc,	ST4000NM002A,	WS23LDJ2,	RX1217rp-1,	9,	disk_smart_test_end,	,	0,	,	,	
info,	2026/01/04 00:01:09,	/dev/sdmc,	ST4000NM0035-1V4107,	ZC11XPD8,	RX1217rp-1,	3,	disk_smart_test_end,	,	0,	,	,	
info,	2026/01/04 00:01:09,	/dev/sdg,	ST4000NM0035-1V4107,	ZC1ASSRR,	RS3617RPxs,	7,	disk_smart_test_end,	,	0,	,	,	
info,	2026/01/04 00:01:09,	/dev/sde,	ST4000NM002A,	WS23LD71,	RS3617RPxs,	5,	disk_smart_test_end,	,	0,	,	,	
info,	2026/01/04 00:01:09,	/dev/sdf,	ST4000NM0035-1V4107,	ZC17ZSKN,	RS3617RPxs,	6,	disk_smart_test_end,	,	0,	,	,	
info,	2026/01/04 00:01:08,	/dev/sdd,	ST4000NM0035-1V4107,	ZC13E3RC,	RS3617RPxs,	4,	disk_smart_test_end,	,	0,	,	,	
info,	2026/01/04 00:01:08,	/dev/sdj,	ST4000NM0035-1V4107,	ZC1BVAJH,	RS3617RPxs,	10,	disk_smart_test_end,	,	0,	,	,	
info,	2026/01/04 00:01:08,	/dev/sdi,	ST4000NM0035-1V4107,	ZC1BVKQ6,	RS3617RPxs,	9,	disk_smart_test_end,	,	0,	,	,	
info,	2026/01/04 00:01:02,	/dev/sdb,	ST4000NM0035-1V4107,	ZC1BAL3S,	RS3617RPxs,	2,	disk_smart_test_end,	,	0,	,	,	
info,	2026/01/04 00:01:02,	/dev/sdc,	ST4000NM0035-1V4107,	ZC12PNH9,	RS3617RPxs,	3,	disk_smart_test_end,	,	0,	,	,	
info,	2026/01/04 00:01:01,	/dev/sda,	ST4000NM0115-1YZ107,	ZC124E4Y,	RS3617RPxs,	1,	disk_smart_test_end,	,	0,	,	,	
info,	2026/01/04 00:00:14,	/dev/sdtc,	HAT5300-4T,	2420U6RA0A068FW1H,	RX1217rp-2,	12,	disk_smart_test_start,	,	0,	,	,	
info,	2026/01/04 00:00:13,	/dev/sdsa,	HAT5300-4T,	2420U6RA0A069FW1H,	RX1217rp-2,	7,	disk_smart_test_start,	,	0,	,	,	
info,	2026/01/04 00:00:13,	/dev/sdsb,	HAT5300-4T,	2420U6RA0A0BGFW1H,	RX1217rp-2,	8,	disk_smart_test_start,	,	0,	,	,	
info,	2026/01/04 00:00:13,	/dev/sdsc,	HAT5300-4T,	2420U6RA0A06TFW1H,	RX1217rp-2,	9,	disk_smart_test_start,	,	0,	,	,	
info,	2026/01/04 00:00:13,	/dev/sdta,	HAT5300-4T,	2420U6RA0A189FW1H,	RX1217rp-2,	10,	disk_smart_test_start,	,	0,	,	,	
info,	2026/01/04 00:00:13,	/dev/sdtb,	HAT5300-4T,	2420U6RA0A061FW1H,	RX1217rp-2,	11,	disk_smart_test_start,	,	0,	,	,	
info,	2026/01/04 00:00:12,	/dev/sdqc,	HAT5300-4T,	2420U6RA0A0D4FW1H,	RX1217rp-2,	3,	disk_smart_test_start,	,	0,	,	,	
info,	2026/01/04 00:00:12,	/dev/sdra,	HAT5300-4T,	2420U6RA0A0CSFW1H,	RX1217rp-2,	4,	disk_smart_test_start,	,	0,	,	,	
info,	2026/01/04 00:00:12,	/dev/sdrb,	HAT5300-4T,	2420U6RA0A0BEFW1H,	RX1217rp-2,	5,	disk_smart_test_start,	,	0,	,	,	
info,	2026/01/04 00:00:12,	/dev/sdrc,	HAT5300-4T,	2420U6RA0A0GAFW1H,	RX1217rp-2,	6,	disk_smart_test_start,	,	0,	,	,	
info,	2026/01/04 00:00:11,	/dev/sdpc,	ST4000NM002A,	WS23LDC0,	RX1217rp-1,	12,	disk_smart_test_start,	,	0,	,	,	
info,	2026/01/04 00:00:11,	/dev/sdqa,	HAT5300-4T,	2420U6RA0A0CCFW1H,	RX1217rp-2,	1,	disk_smart_test_start,	,	0,	,	,	
info,	2026/01/04 00:00:11,	/dev/sdqb,	HAT5300-4T,	2420U6RA0A063FW1H,	RX1217rp-2,	2,	disk_smart_test_start,	,	0,	,	,	
info,	2026/01/04 00:00:10,	/dev/sdpa,	ST4000NM002A,	WS23LD22,	RX1217rp-1,	10,	disk_smart_test_start,	,	0,	,	,	
info,	2026/01/04 00:00:10,	/dev/sdpb,	ST4000NM002A,	WS23LDK4,	RX1217rp-1,	11,	disk_smart_test_start,	,	0,	,	,	
info,	2026/01/04 00:00:09,	/dev/sdob,	ST4000NM002A,	WS23LD51,	RX1217rp-1,	8,	disk_smart_test_start,	,	0,	,	,	
info,	2026/01/04 00:00:09,	/dev/sdoc,	ST4000NM002A,	WS23LDJ2,	RX1217rp-1,	9,	disk_smart_test_start,	,	0,	,	,	
info,	2026/01/04 00:00:08,	/dev/sdnc,	ST4000NM0035-1V4107,	ZC15VT6Z,	RX1217rp-1,	6,	disk_smart_test_start,	,	0,	,	,	
info,	2026/01/04 00:00:08,	/dev/sdoa,	ST4000NM002A,	WS23LDF5,	RX1217rp-1,	7,	disk_smart_test_start,	,	0,	,	,	
info,	2026/01/04 00:00:07,	/dev/sdmb,	ST4000NM0035-1V4107,	ZC11M9S0,	RX1217rp-1,	2,	disk_smart_test_start,	,	0,	,	,	
info,	2026/01/04 00:00:07,	/dev/sdmc,	ST4000NM0035-1V4107,	ZC11XPD8,	RX1217rp-1,	3,	disk_smart_test_start,	,	0,	,	,	
info,	2026/01/04 00:00:07,	/dev/sdna,	ST4000NM0035-1V4107,	ZC124SEN,	RX1217rp-1,	4,	disk_smart_test_start,	,	0,	,	,	
info,	2026/01/04 00:00:07,	/dev/sdnb,	ST4000NM0035-1V4107,	ZC19PFSG,	RX1217rp-1,	5,	disk_smart_test_start,	,	0,	,	,	
info,	2026/01/04 00:00:06,	/dev/sdk,	ST4000NM0035-1V4107,	ZC1BVTDZ,	RS3617RPxs,	11,	disk_smart_test_start,	,	0,	,	,	
info,	2026/01/04 00:00:06,	/dev/sdl,	ST4000NM0035-1V4107,	ZC184H3P,	RS3617RPxs,	12,	disk_smart_test_start,	,	0,	,	,	
info,	2026/01/04 00:00:06,	/dev/sdma,	ST4000NM0035-1V4107,	ZC129286,	RX1217rp-1,	1,	disk_smart_test_start,	,	0,	,	,	
info,	2026/01/04 00:00:05,	/dev/sdh,	ST4000NM0035-1V4107,	ZC1B50Q0,	RS3617RPxs,	8,	disk_smart_test_start,	,	0,	,	,	
info,	2026/01/04 00:00:05,	/dev/sdi,	ST4000NM0035-1V4107,	ZC1BVKQ6,	RS3617RPxs,	9,	disk_smart_test_start,	,	0,	,	,	
info,	2026/01/04 00:00:05,	/dev/sdj,	ST4000NM0035-1V4107,	ZC1BVAJH,	RS3617RPxs,	10,	disk_smart_test_start,	,	0,	,	,	
info,	2026/01/04 00:00:04,	/dev/sde,	ST4000NM002A,	WS23LD71,	RS3617RPxs,	5,	disk_smart_test_start,	,	0,	,	,	
info,	2026/01/04 00:00:04,	/dev/sdf,	ST4000NM0035-1V4107,	ZC17ZSKN,	RS3617RPxs,	6,	disk_smart_test_start,	,	0,	,	,	
info,	2026/01/04 00:00:04,	/dev/sdg,	ST4000NM0035-1V4107,	ZC1ASSRR,	RS3617RPxs,	7,	disk_smart_test_start,	,	0,	,	,	
info,	2026/01/04 00:00:03,	/dev/sdc,	ST4000NM0035-1V4107,	ZC12PNH9,	RS3617RPxs,	3,	disk_smart_test_start,	,	0,	,	,	
info,	2026/01/04 00:00:03,	/dev/sdd,	ST4000NM0035-1V4107,	ZC13E3RC,	RS3617RPxs,	4,	disk_smart_test_start,	,	0,	,	,	
info,	2026/01/04 00:00:02,	/dev/sda,	ST4000NM0115-1YZ107,	ZC124E4Y,	RS3617RPxs,	1,	disk_smart_test_start,	,	0,	,	,	
info,	2026/01/04 00:00:02,	/dev/sdb,	ST4000NM0035-1V4107,	ZC1BAL3S,	RS3617RPxs,	2,	disk_smart_test_start,	,	0,	,	,	
info,	2025/12/04 00:02:06,	/dev/sdtb,	HAT5300-4T,	2420U6RA0A061FW1H,	RX1217rp-2,	11,	disk_smart_test_end,	,	0,	,	,	
info,	2025/12/04 00:02:06,	/dev/sdra,	HAT5300-4T,	2420U6RA0A0CSFW1H,	RX1217rp-2,	4,	disk_smart_test_end,	,	0,	,	,	
info,	2025/12/04 00:02:06,	/dev/sdrc,	HAT5300-4T,	2420U6RA0A0GAFW1H,	RX1217rp-2,	6,	disk_smart_test_end,	,	0,	,	,	
info,	2025/12/04 00:02:06,	/dev/sdtc,	HAT5300-4T,	2420U6RA0A068FW1H,	RX1217rp-2,	12,	disk_smart_test_end,	,	0,	,	,	
info,	2025/12/04 00:02:06,	/dev/sdsc,	HAT5300-4T,	2420U6RA0A06TFW1H,	RX1217rp-2,	9,	disk_smart_test_end,	,	0,	,	,	
info,	2025/12/04 00:02:06,	/dev/sdrb,	HAT5300-4T,	2420U6RA0A0BEFW1H,	RX1217rp-2,	5,	disk_smart_test_end,	,	0,	,	,	
info,	2025/12/04 00:02:05,	/dev/sdsb,	HAT5300-4T,	2420U6RA0A0BGFW1H,	RX1217rp-2,	8,	disk_smart_test_end,	,	0,	,	,	
info,	2025/12/04 00:02:05,	/dev/sdqc,	HAT5300-4T,	2420U6RA0A0D4FW1H,	RX1217rp-2,	3,	disk_smart_test_end,	,	0,	,	,	
info,	2025/12/04 00:02:05,	/dev/sdqa,	HAT5300-4T,	2420U6RA0A0CCFW1H,	RX1217rp-2,	1,	disk_smart_test_end,	,	0,	,	,	
info,	2025/12/04 00:02:05,	/dev/sdta,	HAT5300-4T,	2420U6RA0A189FW1H,	RX1217rp-2,	10,	disk_smart_test_end,	,	0,	,	,	
info,	2025/12/04 00:02:05,	/dev/sdsa,	HAT5300-4T,	2420U6RA0A069FW1H,	RX1217rp-2,	7,	disk_smart_test_end,	,	0,	,	,	
info,	2025/12/04 00:02:05,	/dev/sdqb,	HAT5300-4T,	2420U6RA0A063FW1H,	RX1217rp-2,	2,	disk_smart_test_end,	,	0,	,	,	
info,	2025/12/04 00:01:13,	/dev/sdmc,	ST4000NM0035-1V4107,	ZC11XPD8,	RX1217rp-1,	3,	disk_smart_test_end,	,	0,	,	,	
info,	2025/12/04 00:01:13,	/dev/sdoc,	ST4000NM002A,	WS23LDJ2,	RX1217rp-1,	9,	disk_smart_test_end,	,	0,	,	,	
info,	2025/12/04 00:01:13,	/dev/sdpa,	ST4000NM002A,	WS23LD22,	RX1217rp-1,	10,	disk_smart_test_end,	,	0,	,	,	
info,	2025/12/04 00:01:13,	/dev/sdoa,	ST4000NM002A,	WS23LDF5,	RX1217rp-1,	7,	disk_smart_test_end,	,	0,	,	,	
info,	2025/12/04 00:01:13,	/dev/sdl,	ST4000NM0035-1V4107,	ZC184H3P,	RS3617RPxs,	12,	disk_smart_test_end,	,	0,	,	,	
info,	2025/12/04 00:01:13,	/dev/sdk,	ST4000NM0035-1V4107,	ZC1BVTDZ,	RS3617RPxs,	11,	disk_smart_test_end,	,	0,	,	,	
info,	2025/12/04 00:01:13,	/dev/sdpb,	ST4000NM002A,	WS23LDK4,	RX1217rp-1,	11,	disk_smart_test_end,	,	0,	,	,	
info,	2025/12/04 00:01:12,	/dev/sdna,	ST4000NM0035-1V4107,	ZC124SEN,	RX1217rp-1,	4,	disk_smart_test_end,	,	0,	,	,	
info,	2025/12/04 00:01:12,	/dev/sdnc,	ST4000NM0035-1V4107,	ZC15VT6Z,	RX1217rp-1,	6,	disk_smart_test_end,	,	0,	,	,	
info,	2025/12/04 00:01:12,	/dev/sdma,	ST4000NM0035-1V4107,	ZC129286,	RX1217rp-1,	1,	disk_smart_test_end,	,	0,	,	,	
info,	2025/12/04 00:01:12,	/dev/sdnb,	ST4000NM0035-1V4107,	ZC19PFSG,	RX1217rp-1,	5,	disk_smart_test_end,	,	0,	,	,	
info,	2025/12/04 00:01:12,	/dev/sdob,	ST4000NM002A,	WS23LD51,	RX1217rp-1,	8,	disk_smart_test_end,	,	0,	,	,	
info,	2025/12/04 00:01:12,	/dev/sdmb,	ST4000NM0035-1V4107,	ZC11M9S0,	RX1217rp-1,	2,	disk_smart_test_end,	,	0,	,	,	
info,	2025/12/04 00:01:12,	/dev/sdpc,	ST4000NM002A,	WS23LDC0,	RX1217rp-1,	12,	disk_smart_test_end,	,	0,	,	,	
info,	2025/12/04 00:01:06,	/dev/sdh,	ST4000NM0035-1V4107,	ZC1B50Q0,	RS3617RPxs,	8,	disk_smart_test_end,	,	0,	,	,	
info,	2025/12/04 00:01:06,	/dev/sdj,	ST4000NM0035-1V4107,	ZC1BVAJH,	RS3617RPxs,	10,	disk_smart_test_end,	,	0,	,	,	
info,	2025/12/04 00:01:06,	/dev/sdi,	ST4000NM0035-1V4107,	ZC1BVKQ6,	RS3617RPxs,	9,	disk_smart_test_end,	,	0,	,	,	
info,	2025/12/04 00:01:05,	/dev/sda,	ST4000NM0115-1YZ107,	ZC124E4Y,	RS3617RPxs,	1,	disk_smart_test_end,	,	0,	,	,	
info,	2025/12/04 00:01:05,	/dev/sdc,	ST4000NM0035-1V4107,	ZC12PNH9,	RS3617RPxs,	3,	disk_smart_test_end,	,	0,	,	,	
info,	2025/12/04 00:01:05,	/dev/sde,	ST4000NM002A,	WS23LD71,	RS3617RPxs,	5,	disk_smart_test_end,	,	0,	,	,	
info,	2025/12/04 00:01:05,	/dev/sdd,	ST4000NM0035-1V4107,	ZC13E3RC,	RS3617RPxs,	4,	disk_smart_test_end,	,	0,	,	,	
info,	2025/12/04 00:01:04,	/dev/sdf,	ST4000NM0035-1V4107,	ZC17ZSKN,	RS3617RPxs,	6,	disk_smart_test_end,	,	0,	,	,	
info,	2025/12/04 00:01:03,	/dev/sdg,	ST4000NM0035-1V4107,	ZC1ASSRR,	RS3617RPxs,	7,	disk_smart_test_end,	,	0,	,	,	
info,	2025/12/04 00:01:03,	/dev/sdb,	ST4000NM0035-1V4107,	ZC1BAL3S,	RS3617RPxs,	2,	disk_smart_test_end,	,	0,	,	,	
info,	2025/12/04 00:00:12,	/dev/sdsb,	HAT5300-4T,	2420U6RA0A0BGFW1H,	RX1217rp-2,	8,	disk_smart_test_start,	,	0,	,	,	
info,	2025/12/04 00:00:12,	/dev/sdsc,	HAT5300-4T,	2420U6RA0A06TFW1H,	RX1217rp-2,	9,	disk_smart_test_start,	,	0,	,	,	
info,	2025/12/04 00:00:12,	/dev/sdta,	HAT5300-4T,	2420U6RA0A189FW1H,	RX1217rp-2,	10,	disk_smart_test_start,	,	0,	,	,	
info,	2025/12/04 00:00:12,	/dev/sdtb,	HAT5300-4T,	2420U6RA0A061FW1H,	RX1217rp-2,	11,	disk_smart_test_start,	,	0,	,	,	
info,	2025/12/04 00:00:12,	/dev/sdtc,	HAT5300-4T,	2420U6RA0A068FW1H,	RX1217rp-2,	12,	disk_smart_test_start,	,	0,	,	,	
info,	2025/12/04 00:00:11,	/dev/sdqc,	HAT5300-4T,	2420U6RA0A0D4FW1H,	RX1217rp-2,	3,	disk_smart_test_start,	,	0,	,	,	
info,	2025/12/04 00:00:11,	/dev/sdra,	HAT5300-4T,	2420U6RA0A0CSFW1H,	RX1217rp-2,	4,	disk_smart_test_start,	,	0,	,	,	
info,	2025/12/04 00:00:11,	/dev/sdrb,	HAT5300-4T,	2420U6RA0A0BEFW1H,	RX1217rp-2,	5,	disk_smart_test_start,	,	0,	,	,	
info,	2025/12/04 00:00:11,	/dev/sdrc,	HAT5300-4T,	2420U6RA0A0GAFW1H,	RX1217rp-2,	6,	disk_smart_test_start,	,	0,	,	,	
info,	2025/12/04 00:00:11,	/dev/sdsa,	HAT5300-4T,	2420U6RA0A069FW1H,	RX1217rp-2,	7,	disk_smart_test_start,	,	0,	,	,	
info,	2025/12/04 00:00:10,	/dev/sdpc,	ST4000NM002A,	WS23LDC0,	RX1217rp-1,	12,	disk_smart_test_start,	,	0,	,	,	
info,	2025/12/04 00:00:10,	/dev/sdqa,	HAT5300-4T,	2420U6RA0A0CCFW1H,	RX1217rp-2,	1,	disk_smart_test_start,	,	0,	,	,	
info,	2025/12/04 00:00:10,	/dev/sdqb,	HAT5300-4T,	2420U6RA0A063FW1H,	RX1217rp-2,	2,	disk_smart_test_start,	,	0,	,	,	
info,	2025/12/04 00:00:09,	/dev/sdoc,	ST4000NM002A,	WS23LDJ2,	RX1217rp-1,	9,	disk_smart_test_start,	,	0,	,	,	
info,	2025/12/04 00:00:09,	/dev/sdpa,	ST4000NM002A,	WS23LD22,	RX1217rp-1,	10,	disk_smart_test_start,	,	0,	,	,	
info,	2025/12/04 00:00:09,	/dev/sdpb,	ST4000NM002A,	WS23LDK4,	RX1217rp-1,	11,	disk_smart_test_start,	,	0,	,	,	
info,	2025/12/04 00:00:08,	/dev/sdoa,	ST4000NM002A,	WS23LDF5,	RX1217rp-1,	7,	disk_smart_test_start,	,	0,	,	,	
info,	2025/12/04 00:00:08,	/dev/sdob,	ST4000NM002A,	WS23LD51,	RX1217rp-1,	8,	disk_smart_test_start,	,	0,	,	,	
info,	2025/12/04 00:00:07,	/dev/sdnb,	ST4000NM0035-1V4107,	ZC19PFSG,	RX1217rp-1,	5,	disk_smart_test_start,	,	0,	,	,	
info,	2025/12/04 00:00:07,	/dev/sdnc,	ST4000NM0035-1V4107,	ZC15VT6Z,	RX1217rp-1,	6,	disk_smart_test_start,	,	0,	,	,	
info,	2025/12/04 00:00:06,	/dev/sdmb,	ST4000NM0035-1V4107,	ZC11M9S0,	RX1217rp-1,	2,	disk_smart_test_start,	,	0,	,	,	
info,	2025/12/04 00:00:06,	/dev/sdmc,	ST4000NM0035-1V4107,	ZC11XPD8,	RX1217rp-1,	3,	disk_smart_test_start,	,	0,	,	,	
info,	2025/12/04 00:00:06,	/dev/sdna,	ST4000NM0035-1V4107,	ZC124SEN,	RX1217rp-1,	4,	disk_smart_test_start,	,	0,	,	,	
info,	2025/12/04 00:00:05,	/dev/sdj,	ST4000NM0035-1V4107,	ZC1BVAJH,	RS3617RPxs,	10,	disk_smart_test_start,	,	0,	,	,	
info,	2025/12/04 00:00:05,	/dev/sdk,	ST4000NM0035-1V4107,	ZC1BVTDZ,	RS3617RPxs,	11,	disk_smart_test_start,	,	0,	,	,	
info,	2025/12/04 00:00:05,	/dev/sdl,	ST4000NM0035-1V4107,	ZC184H3P,	RS3617RPxs,	12,	disk_smart_test_start,	,	0,	,	,	
info,	2025/12/04 00:00:05,	/dev/sdma,	ST4000NM0035-1V4107,	ZC129286,	RX1217rp-1,	1,	disk_smart_test_start,	,	0,	,	,	
info,	2025/12/04 00:00:04,	/dev/sdg,	ST4000NM0035-1V4107,	ZC1ASSRR,	RS3617RPxs,	7,	disk_smart_test_start,	,	0,	,	,	
info,	2025/12/04 00:00:04,	/dev/sdh,	ST4000NM0035-1V4107,	ZC1B50Q0,	RS3617RPxs,	8,	disk_smart_test_start,	,	0,	,	,	
info,	2025/12/04 00:00:04,	/dev/sdi,	ST4000NM0035-1V4107,	ZC1BVKQ6,	RS3617RPxs,	9,	disk_smart_test_start,	,	0,	,	,	
info,	2025/12/04 00:00:03,	/dev/sde,	ST4000NM002A,	WS23LD71,	RS3617RPxs,	5,	disk_smart_test_start,	,	0,	,	,	
info,	2025/12/04 00:00:03,	/dev/sdf,	ST4000NM0035-1V4107,	ZC17ZSKN,	RS3617RPxs,	6,	disk_smart_test_start,	,	0,	,	,	
info,	2025/12/04 00:00:02,	/dev/sda,	ST4000NM0115-1YZ107,	ZC124E4Y,	RS3617RPxs,	1,	disk_smart_test_start,	,	0,	,	,	
info,	2025/12/04 00:00:02,	/dev/sdb,	ST4000NM0035-1V4107,	ZC1BAL3S,	RS3617RPxs,	2,	disk_smart_test_start,	,	0,	,	,	
info,	2025/12/04 00:00:02,	/dev/sdc,	ST4000NM0035-1V4107,	ZC12PNH9,	RS3617RPxs,	3,	disk_smart_test_start,	,	0,	,	,	
info,	2025/12/04 00:00:02,	/dev/sdd,	ST4000NM0035-1V4107,	ZC13E3RC,	RS3617RPxs,	4,	disk_smart_test_start,	,	0,	,	,	
info,	2025/11/04 06:46:58,	/dev/sdpb,	ST4000NM002A,	WS23LDK4,	RX1217rp-1,	11,	disk_smart_test_end,	,	0,	,	,	
info,	2025/11/04 02:22:47,	/dev/sdoc,	ST4000NM002A,	WS23LDJ2,	RX1217rp-1,	9,	disk_smart_test_end,	,	0,	,	,	
info,	2025/11/04 00:02:21,	/dev/sdrc,	HAT5300-4T,	2420U6RA0A0GAFW1H,	RX1217rp-2,	6,	disk_smart_test_end,	,	0,	,	,	
info,	2025/11/04 00:02:21,	/dev/sdsb,	HAT5300-4T,	2420U6RA0A0BGFW1H,	RX1217rp-2,	8,	disk_smart_test_end,	,	0,	,	,	
info,	2025/11/04 00:02:20,	/dev/sdta,	HAT5300-4T,	2420U6RA0A189FW1H,	RX1217rp-2,	10,	disk_smart_test_end,	,	0,	,	,	
info,	2025/11/04 00:02:20,	/dev/sdsa,	HAT5300-4T,	2420U6RA0A069FW1H,	RX1217rp-2,	7,	disk_smart_test_end,	,	0,	,	,	
info,	2025/11/04 00:02:20,	/dev/sdra,	HAT5300-4T,	2420U6RA0A0CSFW1H,	RX1217rp-2,	4,	disk_smart_test_end,	,	0,	,	,	
info,	2025/11/04 00:02:20,	/dev/sdtb,	HAT5300-4T,	2420U6RA0A061FW1H,	RX1217rp-2,	11,	disk_smart_test_end,	,	0,	,	,	
info,	2025/11/04 00:02:19,	/dev/sdsc,	HAT5300-4T,	2420U6RA0A06TFW1H,	RX1217rp-2,	9,	disk_smart_test_end,	,	0,	,	,	
info,	2025/11/04 00:02:19,	/dev/sdrb,	HAT5300-4T,	2420U6RA0A0BEFW1H,	RX1217rp-2,	5,	disk_smart_test_end,	,	0,	,	,	
info,	2025/11/04 00:02:19,	/dev/sdqb,	HAT5300-4T,	2420U6RA0A063FW1H,	RX1217rp-2,	2,	disk_smart_test_end,	,	0,	,	,	
info,	2025/11/04 00:02:18,	/dev/sdqc,	HAT5300-4T,	2420U6RA0A0D4FW1H,	RX1217rp-2,	3,	disk_smart_test_end,	,	0,	,	,	
info,	2025/11/04 00:02:18,	/dev/sdtc,	HAT5300-4T,	2420U6RA0A068FW1H,	RX1217rp-2,	12,	disk_smart_test_end,	,	0,	,	,	
info,	2025/11/04 00:02:17,	/dev/sdqa,	HAT5300-4T,	2420U6RA0A0CCFW1H,	RX1217rp-2,	1,	disk_smart_test_end,	,	0,	,	,	
info,	2025/11/04 00:01:26,	/dev/sdpc,	ST4000NM002A,	WS23LDC0,	RX1217rp-1,	12,	disk_smart_test_end,	,	0,	,	,	
info,	2025/11/04 00:01:25,	/dev/sdpa,	ST4000NM002A,	WS23LD22,	RX1217rp-1,	10,	disk_smart_test_end,	,	0,	,	,	
info,	2025/11/04 00:01:18,	/dev/sdoa,	ST4000NM002A,	WS23LDF5,	RX1217rp-1,	7,	disk_smart_test_end,	,	0,	,	,	
info,	2025/11/04 00:01:17,	/dev/sdmb,	ST4000NM0035-1V4107,	ZC11M9S0,	RX1217rp-1,	2,	disk_smart_test_end,	,	0,	,	,	
info,	2025/11/04 00:01:17,	/dev/sdnc,	ST4000NM0035-1V4107,	ZC15VT6Z,	RX1217rp-1,	6,	disk_smart_test_end,	,	0,	,	,	
info,	2025/11/04 00:01:16,	/dev/sdnb,	ST4000NM0035-1V4107,	ZC19PFSG,	RX1217rp-1,	5,	disk_smart_test_end,	,	0,	,	,	
info,	2025/11/04 00:01:16,	/dev/sdob,	ST4000NM002A,	WS23LD51,	RX1217rp-1,	8,	disk_smart_test_end,	,	0,	,	,	
info,	2025/11/04 00:01:15,	/dev/sdma,	ST4000NM0035-1V4107,	ZC129286,	RX1217rp-1,	1,	disk_smart_test_end,	,	0,	,	,	
info,	2025/11/04 00:01:15,	/dev/sdmc,	ST4000NM0035-1V4107,	ZC11XPD8,	RX1217rp-1,	3,	disk_smart_test_end,	,	0,	,	,	
info,	2025/11/04 00:01:15,	/dev/sdna,	ST4000NM0035-1V4107,	ZC124SEN,	RX1217rp-1,	4,	disk_smart_test_end,	,	0,	,	,	
info,	2025/11/04 00:01:14,	/dev/sdl,	ST4000NM0035-1V4107,	ZC184H3P,	RS3617RPxs,	12,	disk_smart_test_end,	,	0,	,	,	
info,	2025/11/04 00:01:14,	/dev/sdj,	ST4000NM0035-1V4107,	ZC1BVAJH,	RS3617RPxs,	10,	disk_smart_test_end,	,	0,	,	,	
info,	2025/11/04 00:01:14,	/dev/sdk,	ST4000NM0035-1V4107,	ZC1BVTDZ,	RS3617RPxs,	11,	disk_smart_test_end,	,	0,	,	,	
info,	2025/11/04 00:01:08,	/dev/sde,	ST4000NM002A,	WS23LD71,	RS3617RPxs,	5,	disk_smart_test_end,	,	0,	,	,	
info,	2025/11/04 00:01:07,	/dev/sdh,	ST4000NM0035-1V4107,	ZC1B50Q0,	RS3617RPxs,	8,	disk_smart_test_end,	,	0,	,	,	
info,	2025/11/04 00:01:06,	/dev/sda,	ST4000NM0115-1YZ107,	ZC124E4Y,	RS3617RPxs,	1,	disk_smart_test_end,	,	0,	,	,	
info,	2025/11/04 00:01:06,	/dev/sdi,	ST4000NM0035-1V4107,	ZC1BVKQ6,	RS3617RPxs,	9,	disk_smart_test_end,	,	0,	,	,	
info,	2025/11/04 00:01:06,	/dev/sdg,	ST4000NM0035-1V4107,	ZC1ASSRR,	RS3617RPxs,	7,	disk_smart_test_end,	,	0,	,	,	
info,	2025/11/04 00:01:06,	/dev/sdd,	ST4000NM0035-1V4107,	ZC13E3RC,	RS3617RPxs,	4,	disk_smart_test_end,	,	0,	,	,	
info,	2025/11/04 00:01:05,	/dev/sdf,	ST4000NM0035-1V4107,	ZC17ZSKN,	RS3617RPxs,	6,	disk_smart_test_end,	,	0,	,	,	
info,	2025/11/04 00:01:05,	/dev/sdc,	ST4000NM0035-1V4107,	ZC12PNH9,	RS3617RPxs,	3,	disk_smart_test_end,	,	0,	,	,	
info,	2025/11/04 00:01:05,	/dev/sdb,	ST4000NM0035-1V4107,	ZC1BAL3S,	RS3617RPxs,	2,	disk_smart_test_end,	,	0,	,	,	
info,	2025/11/04 00:00:25,	/dev/sdsc,	HAT5300-4T,	2420U6RA0A06TFW1H,	RX1217rp-2,	9,	disk_smart_test_start,	,	0,	,	,	
info,	2025/11/04 00:00:25,	/dev/sdta,	HAT5300-4T,	2420U6RA0A189FW1H,	RX1217rp-2,	10,	disk_smart_test_start,	,	0,	,	,	
info,	2025/11/04 00:00:25,	/dev/sdtb,	HAT5300-4T,	2420U6RA0A061FW1H,	RX1217rp-2,	11,	disk_smart_test_start,	,	0,	,	,	
info,	2025/11/04 00:00:25,	/dev/sdtc,	HAT5300-4T,	2420U6RA0A068FW1H,	RX1217rp-2,	12,	disk_smart_test_start,	,	0,	,	,	
info,	2025/11/04 00:00:24,	/dev/sdra,	HAT5300-4T,	2420U6RA0A0CSFW1H,	RX1217rp-2,	4,	disk_smart_test_start,	,	0,	,	,	
info,	2025/11/04 00:00:24,	/dev/sdrb,	HAT5300-4T,	2420U6RA0A0BEFW1H,	RX1217rp-2,	5,	disk_smart_test_start,	,	0,	,	,	
info,	2025/11/04 00:00:24,	/dev/sdrc,	HAT5300-4T,	2420U6RA0A0GAFW1H,	RX1217rp-2,	6,	disk_smart_test_start,	,	0,	,	,	
info,	2025/11/04 00:00:24,	/dev/sdsa,	HAT5300-4T,	2420U6RA0A069FW1H,	RX1217rp-2,	7,	disk_smart_test_start,	,	0,	,	,	
info,	2025/11/04 00:00:24,	/dev/sdsb,	HAT5300-4T,	2420U6RA0A0BGFW1H,	RX1217rp-2,	8,	disk_smart_test_start,	,	0,	,	,	
info,	2025/11/04 00:00:23,	/dev/sdqa,	HAT5300-4T,	2420U6RA0A0CCFW1H,	RX1217rp-2,	1,	disk_smart_test_start,	,	0,	,	,	
info,	2025/11/04 00:00:23,	/dev/sdqb,	HAT5300-4T,	2420U6RA0A063FW1H,	RX1217rp-2,	2,	disk_smart_test_start,	,	0,	,	,	
info,	2025/11/04 00:00:23,	/dev/sdqc,	HAT5300-4T,	2420U6RA0A0D4FW1H,	RX1217rp-2,	3,	disk_smart_test_start,	,	0,	,	,	
info,	2025/11/04 00:00:21,	/dev/sdpc,	ST4000NM002A,	WS23LDC0,	RX1217rp-1,	12,	disk_smart_test_start,	,	0,	,	,	
info,	2025/11/04 00:00:19,	/dev/sdpa,	ST4000NM002A,	WS23LD22,	RX1217rp-1,	10,	disk_smart_test_start,	,	0,	,	,	
info,	2025/11/04 00:00:19,	/dev/sdpb,	ST4000NM002A,	WS23LDK4,	RX1217rp-1,	11,	disk_smart_test_start,	,	0,	,	,	
info,	2025/11/04 00:00:17,	/dev/sdoc,	ST4000NM002A,	WS23LDJ2,	RX1217rp-1,	9,	disk_smart_test_start,	,	0,	,	,	
info,	2025/11/04 00:00:15,	/dev/sdob,	ST4000NM002A,	WS23LD51,	RX1217rp-1,	8,	disk_smart_test_start,	,	0,	,	,	
info,	2025/11/04 00:00:13,	/dev/sdoa,	ST4000NM002A,	WS23LDF5,	RX1217rp-1,	7,	disk_smart_test_start,	,	0,	,	,	
info,	2025/11/04 00:00:12,	/dev/sdnc,	ST4000NM0035-1V4107,	ZC15VT6Z,	RX1217rp-1,	6,	disk_smart_test_start,	,	0,	,	,	
info,	2025/11/04 00:00:11,	/dev/sdna,	ST4000NM0035-1V4107,	ZC124SEN,	RX1217rp-1,	4,	disk_smart_test_start,	,	0,	,	,	
info,	2025/11/04 00:00:11,	/dev/sdnb,	ST4000NM0035-1V4107,	ZC19PFSG,	RX1217rp-1,	5,	disk_smart_test_start,	,	0,	,	,	
info,	2025/11/04 00:00:10,	/dev/sdmc,	ST4000NM0035-1V4107,	ZC11XPD8,	RX1217rp-1,	3,	disk_smart_test_start,	,	0,	,	,	
info,	2025/11/04 00:00:09,	/dev/sdmb,	ST4000NM0035-1V4107,	ZC11M9S0,	RX1217rp-1,	2,	disk_smart_test_start,	,	0,	,	,	
info,	2025/11/04 00:00:08,	/dev/sdl,	ST4000NM0035-1V4107,	ZC184H3P,	RS3617RPxs,	12,	disk_smart_test_start,	,	0,	,	,	
info,	2025/11/04 00:00:08,	/dev/sdma,	ST4000NM0035-1V4107,	ZC129286,	RX1217rp-1,	1,	disk_smart_test_start,	,	0,	,	,	
info,	2025/11/04 00:00:07,	/dev/sdj,	ST4000NM0035-1V4107,	ZC1BVAJH,	RS3617RPxs,	10,	disk_smart_test_start,	,	0,	,	,	
info,	2025/11/04 00:00:07,	/dev/sdk,	ST4000NM0035-1V4107,	ZC1BVTDZ,	RS3617RPxs,	11,	disk_smart_test_start,	,	0,	,	,	
info,	2025/11/04 00:00:06,	/dev/sdh,	ST4000NM0035-1V4107,	ZC1B50Q0,	RS3617RPxs,	8,	disk_smart_test_start,	,	0,	,	,	
info,	2025/11/04 00:00:06,	/dev/sdi,	ST4000NM0035-1V4107,	ZC1BVKQ6,	RS3617RPxs,	9,	disk_smart_test_start,	,	0,	,	,	
info,	2025/11/04 00:00:05,	/dev/sdf,	ST4000NM0035-1V4107,	ZC17ZSKN,	RS3617RPxs,	6,	disk_smart_test_start,	,	0,	,	,	
info,	2025/11/04 00:00:05,	/dev/sdg,	ST4000NM0035-1V4107,	ZC1ASSRR,	RS3617RPxs,	7,	disk_smart_test_start,	,	0,	,	,	
info,	2025/11/04 00:00:04,	/dev/sde,	ST4000NM002A,	WS23LD71,	RS3617RPxs,	5,	disk_smart_test_start,	,	0,	,	,	
info,	2025/11/04 00:00:03,	/dev/sdc,	ST4000NM0035-1V4107,	ZC12PNH9,	RS3617RPxs,	3,	disk_smart_test_start,	,	0,	,	,	
info,	2025/11/04 00:00:03,	/dev/sdd,	ST4000NM0035-1V4107,	ZC13E3RC,	RS3617RPxs,	4,	disk_smart_test_start,	,	0,	,	,	
info,	2025/11/04 00:00:02,	/dev/sdb,	ST4000NM0035-1V4107,	ZC1BAL3S,	RS3617RPxs,	2,	disk_smart_test_start,	,	0,	,	,	
info,	2025/11/04 00:00:01,	/dev/sda,	ST4000NM0115-1YZ107,	ZC124E4Y,	RS3617RPxs,	1,	disk_smart_test_start,	,	0,	,	,	
info,	2025/10/04 00:02:06,	/dev/sdrb,	HAT5300-4T,	2420U6RA0A0BEFW1H,	RX1217rp-2,	5,	disk_smart_test_end,	,	0,	,	,	
info,	2025/10/04 00:02:06,	/dev/sdtc,	HAT5300-4T,	2420U6RA0A068FW1H,	RX1217rp-2,	12,	disk_smart_test_end,	,	0,	,	,	
info,	2025/10/04 00:02:05,	/dev/sdsb,	HAT5300-4T,	2420U6RA0A0BGFW1H,	RX1217rp-2,	8,	disk_smart_test_end,	,	0,	,	,	
info,	2025/10/04 00:02:05,	/dev/sdtb,	HAT5300-4T,	2420U6RA0A061FW1H,	RX1217rp-2,	11,	disk_smart_test_end,	,	0,	,	,	
info,	2025/10/04 00:02:05,	/dev/sdsc,	HAT5300-4T,	2420U6RA0A06TFW1H,	RX1217rp-2,	9,	disk_smart_test_end,	,	0,	,	,	
info,	2025/10/04 00:02:05,	/dev/sdqa,	HAT5300-4T,	2420U6RA0A0CCFW1H,	RX1217rp-2,	1,	disk_smart_test_end,	,	0,	,	,	
info,	2025/10/04 00:02:05,	/dev/sdta,	HAT5300-4T,	2420U6RA0A189FW1H,	RX1217rp-2,	10,	disk_smart_test_end,	,	0,	,	,	
info,	2025/10/04 00:02:05,	/dev/sdrc,	HAT5300-4T,	2420U6RA0A0GAFW1H,	RX1217rp-2,	6,	disk_smart_test_end,	,	0,	,	,	
info,	2025/10/04 00:02:05,	/dev/sdqb,	HAT5300-4T,	2420U6RA0A063FW1H,	RX1217rp-2,	2,	disk_smart_test_end,	,	0,	,	,	
info,	2025/10/04 00:02:04,	/dev/sdqc,	HAT5300-4T,	2420U6RA0A0D4FW1H,	RX1217rp-2,	3,	disk_smart_test_end,	,	0,	,	,	
info,	2025/10/04 00:02:04,	/dev/sdra,	HAT5300-4T,	2420U6RA0A0CSFW1H,	RX1217rp-2,	4,	disk_smart_test_end,	,	0,	,	,	
info,	2025/10/04 00:02:04,	/dev/sdsa,	HAT5300-4T,	2420U6RA0A069FW1H,	RX1217rp-2,	7,	disk_smart_test_end,	,	0,	,	,	
info,	2025/10/04 00:01:13,	/dev/sdoa,	ST4000NM002A,	WS23LDF5,	RX1217rp-1,	7,	disk_smart_test_end,	,	0,	,	,	
info,	2025/10/04 00:01:12,	/dev/sdnc,	ST4000NM0035-1V4107,	ZC15VT6Z,	RX1217rp-1,	6,	disk_smart_test_end,	,	0,	,	,	
info,	2025/10/04 00:01:12,	/dev/sdoc,	ST4000NM002A,	WS23LDJ2,	RX1217rp-1,	9,	disk_smart_test_end,	,	0,	,	,	
info,	2025/10/04 00:01:12,	/dev/sdob,	ST4000NM002A,	WS23LD51,	RX1217rp-1,	8,	disk_smart_test_end,	,	0,	,	,	
info,	2025/10/04 00:01:12,	/dev/sdpb,	ST4000NM002A,	WS23LDK4,	RX1217rp-1,	11,	disk_smart_test_end,	,	0,	,	,	
info,	2025/10/04 00:01:12,	/dev/sdmc,	ST4000NM0035-1V4107,	ZC11XPD8,	RX1217rp-1,	3,	disk_smart_test_end,	,	0,	,	,	
info,	2025/10/04 00:01:12,	/dev/sdnb,	ST4000NM0035-1V4107,	ZC19PFSG,	RX1217rp-1,	5,	disk_smart_test_end,	,	0,	,	,	
info,	2025/10/04 00:01:12,	/dev/sdpc,	ST4000NM002A,	WS23LDC0,	RX1217rp-1,	12,	disk_smart_test_end,	,	0,	,	,	
info,	2025/10/04 00:01:12,	/dev/sdpa,	ST4000NM002A,	WS23LD22,	RX1217rp-1,	10,	disk_smart_test_end,	,	0,	,	,	
info,	2025/10/04 00:01:11,	/dev/sdna,	ST4000NM0035-1V4107,	ZC124SEN,	RX1217rp-1,	4,	disk_smart_test_end,	,	0,	,	,	
info,	2025/10/04 00:01:06,	/dev/sde,	ST4000NM002A,	WS23LD71,	RS3617RPxs,	5,	disk_smart_test_end,	,	0,	,	,	
info,	2025/10/04 00:01:06,	/dev/sdj,	ST4000NM0035-1V4107,	ZC1BVAJH,	RS3617RPxs,	10,	disk_smart_test_end,	,	0,	,	,	
info,	2025/10/04 00:01:05,	/dev/sdh,	ST4000NM0035-1V4107,	ZC1B50Q0,	RS3617RPxs,	8,	disk_smart_test_end,	,	0,	,	,	
info,	2025/10/04 00:01:05,	/dev/sdk,	ST4000NM0035-1V4107,	ZC1BVTDZ,	RS3617RPxs,	11,	disk_smart_test_end,	,	0,	,	,	
info,	2025/10/04 00:01:05,	/dev/sdf,	ST4000NM0035-1V4107,	ZC17ZSKN,	RS3617RPxs,	6,	disk_smart_test_end,	,	0,	,	,	
info,	2025/10/04 00:01:05,	/dev/sda,	ST4000NM0115-1YZ107,	ZC124E4Y,	RS3617RPxs,	1,	disk_smart_test_end,	,	0,	,	,	
info,	2025/10/04 00:01:05,	/dev/sdma,	ST4000NM0035-1V4107,	ZC129286,	RX1217rp-1,	1,	disk_smart_test_end,	,	0,	,	,	
info,	2025/10/04 00:01:05,	/dev/sdl,	ST4000NM0035-1V4107,	ZC184H3P,	RS3617RPxs,	12,	disk_smart_test_end,	,	0,	,	,	
info,	2025/10/04 00:01:05,	/dev/sdb,	ST4000NM0035-1V4107,	ZC1BAL3S,	RS3617RPxs,	2,	disk_smart_test_end,	,	0,	,	,	
info,	2025/10/04 00:01:05,	/dev/sdd,	ST4000NM0035-1V4107,	ZC13E3RC,	RS3617RPxs,	4,	disk_smart_test_end,	,	0,	,	,	
info,	2025/10/04 00:01:04,	/dev/sdg,	ST4000NM0035-1V4107,	ZC1ASSRR,	RS3617RPxs,	7,	disk_smart_test_end,	,	0,	,	,	
info,	2025/10/04 00:01:04,	/dev/sdmb,	ST4000NM0035-1V4107,	ZC11M9S0,	RX1217rp-1,	2,	disk_smart_test_end,	,	0,	,	,	
info,	2025/10/04 00:01:04,	/dev/sdi,	ST4000NM0035-1V4107,	ZC1BVKQ6,	RS3617RPxs,	9,	disk_smart_test_end,	,	0,	,	,	
info,	2025/10/04 00:01:04,	/dev/sdc,	ST4000NM0035-1V4107,	ZC12PNH9,	RS3617RPxs,	3,	disk_smart_test_end,	,	0,	,	,	
info,	2025/10/04 00:00:13,	/dev/sdsc,	HAT5300-4T,	2420U6RA0A06TFW1H,	RX1217rp-2,	9,	disk_smart_test_start,	,	0,	,	,	
info,	2025/10/04 00:00:13,	/dev/sdta,	HAT5300-4T,	2420U6RA0A189FW1H,	RX1217rp-2,	10,	disk_smart_test_start,	,	0,	,	,	
info,	2025/10/04 00:00:13,	/dev/sdtb,	HAT5300-4T,	2420U6RA0A061FW1H,	RX1217rp-2,	11,	disk_smart_test_start,	,	0,	,	,	
info,	2025/10/04 00:00:13,	/dev/sdtc,	HAT5300-4T,	2420U6RA0A068FW1H,	RX1217rp-2,	12,	disk_smart_test_start,	,	0,	,	,	
info,	2025/10/04 00:00:12,	/dev/sdra,	HAT5300-4T,	2420U6RA0A0CSFW1H,	RX1217rp-2,	4,	disk_smart_test_start,	,	0,	,	,	
info,	2025/10/04 00:00:12,	/dev/sdrb,	HAT5300-4T,	2420U6RA0A0BEFW1H,	RX1217rp-2,	5,	disk_smart_test_start,	,	0,	,	,	
info,	2025/10/04 00:00:12,	/dev/sdrc,	HAT5300-4T,	2420U6RA0A0GAFW1H,	RX1217rp-2,	6,	disk_smart_test_start,	,	0,	,	,	
info,	2025/10/04 00:00:12,	/dev/sdsa,	HAT5300-4T,	2420U6RA0A069FW1H,	RX1217rp-2,	7,	disk_smart_test_start,	,	0,	,	,	
info,	2025/10/04 00:00:12,	/dev/sdsb,	HAT5300-4T,	2420U6RA0A0BGFW1H,	RX1217rp-2,	8,	disk_smart_test_start,	,	0,	,	,	
info,	2025/10/04 00:00:11,	/dev/sdqa,	HAT5300-4T,	2420U6RA0A0CCFW1H,	RX1217rp-2,	1,	disk_smart_test_start,	,	0,	,	,	
info,	2025/10/04 00:00:11,	/dev/sdqb,	HAT5300-4T,	2420U6RA0A063FW1H,	RX1217rp-2,	2,	disk_smart_test_start,	,	0,	,	,	
info,	2025/10/04 00:00:11,	/dev/sdqc,	HAT5300-4T,	2420U6RA0A0D4FW1H,	RX1217rp-2,	3,	disk_smart_test_start,	,	0,	,	,	
info,	2025/10/04 00:00:10,	/dev/sdpc,	ST4000NM002A,	WS23LDC0,	RX1217rp-1,	12,	disk_smart_test_start,	,	0,	,	,	
info,	2025/10/04 00:00:09,	/dev/sdpa,	ST4000NM002A,	WS23LD22,	RX1217rp-1,	10,	disk_smart_test_start,	,	0,	,	,	
info,	2025/10/04 00:00:09,	/dev/sdpb,	ST4000NM002A,	WS23LDK4,	RX1217rp-1,	11,	disk_smart_test_start,	,	0,	,	,	
info,	2025/10/04 00:00:08,	/dev/sdoa,	ST4000NM002A,	WS23LDF5,	RX1217rp-1,	7,	disk_smart_test_start,	,	0,	,	,	
info,	2025/10/04 00:00:08,	/dev/sdob,	ST4000NM002A,	WS23LD51,	RX1217rp-1,	8,	disk_smart_test_start,	,	0,	,	,	
info,	2025/10/04 00:00:08,	/dev/sdoc,	ST4000NM002A,	WS23LDJ2,	RX1217rp-1,	9,	disk_smart_test_start,	,	0,	,	,	
info,	2025/10/04 00:00:07,	/dev/sdna,	ST4000NM0035-1V4107,	ZC124SEN,	RX1217rp-1,	4,	disk_smart_test_start,	,	0,	,	,	
info,	2025/10/04 00:00:07,	/dev/sdnb,	ST4000NM0035-1V4107,	ZC19PFSG,	RX1217rp-1,	5,	disk_smart_test_start,	,	0,	,	,	
info,	2025/10/04 00:00:07,	/dev/sdnc,	ST4000NM0035-1V4107,	ZC15VT6Z,	RX1217rp-1,	6,	disk_smart_test_start,	,	0,	,	,	
info,	2025/10/04 00:00:06,	/dev/sdma,	ST4000NM0035-1V4107,	ZC129286,	RX1217rp-1,	1,	disk_smart_test_start,	,	0,	,	,	
info,	2025/10/04 00:00:06,	/dev/sdmb,	ST4000NM0035-1V4107,	ZC11M9S0,	RX1217rp-1,	2,	disk_smart_test_start,	,	0,	,	,	
info,	2025/10/04 00:00:06,	/dev/sdmc,	ST4000NM0035-1V4107,	ZC11XPD8,	RX1217rp-1,	3,	disk_smart_test_start,	,	0,	,	,	
info,	2025/10/04 00:00:05,	/dev/sdi,	ST4000NM0035-1V4107,	ZC1BVKQ6,	RS3617RPxs,	9,	disk_smart_test_start,	,	0,	,	,	
info,	2025/10/04 00:00:05,	/dev/sdj,	ST4000NM0035-1V4107,	ZC1BVAJH,	RS3617RPxs,	10,	disk_smart_test_start,	,	0,	,	,	
info,	2025/10/04 00:00:05,	/dev/sdk,	ST4000NM0035-1V4107,	ZC1BVTDZ,	RS3617RPxs,	11,	disk_smart_test_start,	,	0,	,	,	
info,	2025/10/04 00:00:05,	/dev/sdl,	ST4000NM0035-1V4107,	ZC184H3P,	RS3617RPxs,	12,	disk_smart_test_start,	,	0,	,	,	
info,	2025/10/04 00:00:04,	/dev/sdf,	ST4000NM0035-1V4107,	ZC17ZSKN,	RS3617RPxs,	6,	disk_smart_test_start,	,	0,	,	,	
info,	2025/10/04 00:00:04,	/dev/sdg,	ST4000NM0035-1V4107,	ZC1ASSRR,	RS3617RPxs,	7,	disk_smart_test_start,	,	0,	,	,	
info,	2025/10/04 00:00:04,	/dev/sdh,	ST4000NM0035-1V4107,	ZC1B50Q0,	RS3617RPxs,	8,	disk_smart_test_start,	,	0,	,	,	
info,	2025/10/04 00:00:03,	/dev/sdd,	ST4000NM0035-1V4107,	ZC13E3RC,	RS3617RPxs,	4,	disk_smart_test_start,	,	0,	,	,	
info,	2025/10/04 00:00:03,	/dev/sde,	ST4000NM002A,	WS23LD71,	RS3617RPxs,	5,	disk_smart_test_start,	,	0,	,	,	
info,	2025/10/04 00:00:02,	/dev/sda,	ST4000NM0115-1YZ107,	ZC124E4Y,	RS3617RPxs,	1,	disk_smart_test_start,	,	0,	,	,	
info,	2025/10/04 00:00:02,	/dev/sdb,	ST4000NM0035-1V4107,	ZC1BAL3S,	RS3617RPxs,	2,	disk_smart_test_start,	,	0,	,	,	
info,	2025/10/04 00:00:02,	/dev/sdc,	ST4000NM0035-1V4107,	ZC12PNH9,	RS3617RPxs,	3,	disk_smart_test_start,	,	0,	,	,	
info,	2025/09/04 00:02:07,	/dev/sdtb,	HAT5300-4T,	2420U6RA0A061FW1H,	RX1217rp-2,	11,	disk_smart_test_end,	,	0,	,	,	
info,	2025/09/04 00:02:07,	/dev/sdsc,	HAT5300-4T,	2420U6RA0A06TFW1H,	RX1217rp-2,	9,	disk_smart_test_end,	,	0,	,	,	
info,	2025/09/04 00:02:07,	/dev/sdqc,	HAT5300-4T,	2420U6RA0A0D4FW1H,	RX1217rp-2,	3,	disk_smart_test_end,	,	0,	,	,	
info,	2025/09/04 00:02:07,	/dev/sdra,	HAT5300-4T,	2420U6RA0A0CSFW1H,	RX1217rp-2,	4,	disk_smart_test_end,	,	0,	,	,	
info,	2025/09/04 00:02:07,	/dev/sdta,	HAT5300-4T,	2420U6RA0A189FW1H,	RX1217rp-2,	10,	disk_smart_test_end,	,	0,	,	,	
info,	2025/09/04 00:02:07,	/dev/sdqa,	HAT5300-4T,	2420U6RA0A0CCFW1H,	RX1217rp-2,	1,	disk_smart_test_end,	,	0,	,	,	
info,	2025/09/04 00:02:06,	/dev/sdqb,	HAT5300-4T,	2420U6RA0A063FW1H,	RX1217rp-2,	2,	disk_smart_test_end,	,	0,	,	,	
info,	2025/09/04 00:02:06,	/dev/sdrc,	HAT5300-4T,	2420U6RA0A0GAFW1H,	RX1217rp-2,	6,	disk_smart_test_end,	,	0,	,	,	
info,	2025/09/04 00:02:06,	/dev/sdsa,	HAT5300-4T,	2420U6RA0A069FW1H,	RX1217rp-2,	7,	disk_smart_test_end,	,	0,	,	,	
info,	2025/09/04 00:02:06,	/dev/sdsb,	HAT5300-4T,	2420U6RA0A0BGFW1H,	RX1217rp-2,	8,	disk_smart_test_end,	,	0,	,	,	
info,	2025/09/04 00:02:06,	/dev/sdtc,	HAT5300-4T,	2420U6RA0A068FW1H,	RX1217rp-2,	12,	disk_smart_test_end,	,	0,	,	,	
info,	2025/09/04 00:02:06,	/dev/sdrb,	HAT5300-4T,	2420U6RA0A0BEFW1H,	RX1217rp-2,	5,	disk_smart_test_end,	,	0,	,	,	
info,	2025/09/04 00:01:14,	/dev/sdnc,	ST4000NM0035-1V4107,	ZC15VT6Z,	RX1217rp-1,	6,	disk_smart_test_end,	,	0,	,	,	
info,	2025/09/04 00:01:14,	/dev/sdmc,	ST4000NM0035-1V4107,	ZC11XPD8,	RX1217rp-1,	3,	disk_smart_test_end,	,	0,	,	,	
info,	2025/09/04 00:01:14,	/dev/sdpc,	ST4000NM002A,	WS23LDC0,	RX1217rp-1,	12,	disk_smart_test_end,	,	0,	,	,	
info,	2025/09/04 00:01:14,	/dev/sdoc,	ST4000NM002A,	WS23LDJ2,	RX1217rp-1,	9,	disk_smart_test_end,	,	0,	,	,	
info,	2025/09/04 00:01:14,	/dev/sdpb,	ST4000NM002A,	WS23LDK4,	RX1217rp-1,	11,	disk_smart_test_end,	,	0,	,	,	
info,	2025/09/04 00:01:14,	/dev/sdpa,	ST4000NM002A,	WS23LD22,	RX1217rp-1,	10,	disk_smart_test_end,	,	0,	,	,	
info,	2025/09/04 00:01:13,	/dev/sdmb,	ST4000NM0035-1V4107,	ZC11M9S0,	RX1217rp-1,	2,	disk_smart_test_end,	,	0,	,	,	
info,	2025/09/04 00:01:13,	/dev/sdna,	ST4000NM0035-1V4107,	ZC124SEN,	RX1217rp-1,	4,	disk_smart_test_end,	,	0,	,	,	
info,	2025/09/04 00:01:13,	/dev/sdnb,	ST4000NM0035-1V4107,	ZC19PFSG,	RX1217rp-1,	5,	disk_smart_test_end,	,	0,	,	,	
info,	2025/09/04 00:01:13,	/dev/sdoa,	ST4000NM002A,	WS23LDF5,	RX1217rp-1,	7,	disk_smart_test_end,	,	0,	,	,	
info,	2025/09/04 00:01:13,	/dev/sdob,	ST4000NM002A,	WS23LD51,	RX1217rp-1,	8,	disk_smart_test_end,	,	0,	,	,	
info,	2025/09/04 00:01:07,	/dev/sdg,	ST4000NM0035-1V4107,	ZC1ASSRR,	RS3617RPxs,	7,	disk_smart_test_end,	,	0,	,	,	
info,	2025/09/04 00:01:07,	/dev/sdj,	ST4000NM0035-1V4107,	ZC1BVAJH,	RS3617RPxs,	10,	disk_smart_test_end,	,	0,	,	,	
info,	2025/09/04 00:01:07,	/dev/sdma,	ST4000NM0035-1V4107,	ZC129286,	RX1217rp-1,	1,	disk_smart_test_end,	,	0,	,	,	
info,	2025/09/04 00:01:07,	/dev/sdb,	ST4000NM0035-1V4107,	ZC1BAL3S,	RS3617RPxs,	2,	disk_smart_test_end,	,	0,	,	,	
info,	2025/09/04 00:01:07,	/dev/sdf,	ST4000NM0035-1V4107,	ZC17ZSKN,	RS3617RPxs,	6,	disk_smart_test_end,	,	0,	,	,	
info,	2025/09/04 00:01:07,	/dev/sdc,	ST4000NM0035-1V4107,	ZC12PNH9,	RS3617RPxs,	3,	disk_smart_test_end,	,	0,	,	,	
info,	2025/09/04 00:01:06,	/dev/sdk,	ST4000NM0035-1V4107,	ZC1BVTDZ,	RS3617RPxs,	11,	disk_smart_test_end,	,	0,	,	,	
info,	2025/09/04 00:01:06,	/dev/sde,	ST4000NM002A,	WS23LD71,	RS3617RPxs,	5,	disk_smart_test_end,	,	0,	,	,	
info,	2025/09/04 00:01:06,	/dev/sda,	ST4000NM0115-1YZ107,	ZC124E4Y,	RS3617RPxs,	1,	disk_smart_test_end,	,	0,	,	,	
info,	2025/09/04 00:01:06,	/dev/sdd,	ST4000NM0035-1V4107,	ZC13E3RC,	RS3617RPxs,	4,	disk_smart_test_end,	,	0,	,	,	
info,	2025/09/04 00:01:06,	/dev/sdi,	ST4000NM0035-1V4107,	ZC1BVKQ6,	RS3617RPxs,	9,	disk_smart_test_end,	,	0,	,	,	
info,	2025/09/04 00:01:05,	/dev/sdl,	ST4000NM0035-1V4107,	ZC184H3P,	RS3617RPxs,	12,	disk_smart_test_end,	,	0,	,	,	
info,	2025/09/04 00:01:05,	/dev/sdh,	ST4000NM0035-1V4107,	ZC1B50Q0,	RS3617RPxs,	8,	disk_smart_test_end,	,	0,	,	,	
info,	2025/09/04 00:00:14,	/dev/sdtc,	HAT5300-4T,	2420U6RA0A068FW1H,	RX1217rp-2,	12,	disk_smart_test_start,	,	0,	,	,	
info,	2025/09/04 00:00:13,	/dev/sdsa,	HAT5300-4T,	2420U6RA0A069FW1H,	RX1217rp-2,	7,	disk_smart_test_start,	,	0,	,	,	
info,	2025/09/04 00:00:13,	/dev/sdsb,	HAT5300-4T,	2420U6RA0A0BGFW1H,	RX1217rp-2,	8,	disk_smart_test_start,	,	0,	,	,	
info,	2025/09/04 00:00:13,	/dev/sdsc,	HAT5300-4T,	2420U6RA0A06TFW1H,	RX1217rp-2,	9,	disk_smart_test_start,	,	0,	,	,	
info,	2025/09/04 00:00:13,	/dev/sdta,	HAT5300-4T,	2420U6RA0A189FW1H,	RX1217rp-2,	10,	disk_smart_test_start,	,	0,	,	,	
info,	2025/09/04 00:00:13,	/dev/sdtb,	HAT5300-4T,	2420U6RA0A061FW1H,	RX1217rp-2,	11,	disk_smart_test_start,	,	0,	,	,	
info,	2025/09/04 00:00:12,	/dev/sdqa,	HAT5300-4T,	2420U6RA0A0CCFW1H,	RX1217rp-2,	1,	disk_smart_test_start,	,	0,	,	,	
info,	2025/09/04 00:00:12,	/dev/sdqb,	HAT5300-4T,	2420U6RA0A063FW1H,	RX1217rp-2,	2,	disk_smart_test_start,	,	0,	,	,	
info,	2025/09/04 00:00:12,	/dev/sdqc,	HAT5300-4T,	2420U6RA0A0D4FW1H,	RX1217rp-2,	3,	disk_smart_test_start,	,	0,	,	,	
info,	2025/09/04 00:00:12,	/dev/sdra,	HAT5300-4T,	2420U6RA0A0CSFW1H,	RX1217rp-2,	4,	disk_smart_test_start,	,	0,	,	,	
info,	2025/09/04 00:00:12,	/dev/sdrb,	HAT5300-4T,	2420U6RA0A0BEFW1H,	RX1217rp-2,	5,	disk_smart_test_start,	,	0,	,	,	
info,	2025/09/04 00:00:12,	/dev/sdrc,	HAT5300-4T,	2420U6RA0A0GAFW1H,	RX1217rp-2,	6,	disk_smart_test_start,	,	0,	,	,	
info,	2025/09/04 00:00:11,	/dev/sdpc,	ST4000NM002A,	WS23LDC0,	RX1217rp-1,	12,	disk_smart_test_start,	,	0,	,	,	
info,	2025/09/04 00:00:10,	/dev/sdpb,	ST4000NM002A,	WS23LDK4,	RX1217rp-1,	11,	disk_smart_test_start,	,	0,	,	,	
info,	2025/09/04 00:00:09,	/dev/sdoc,	ST4000NM002A,	WS23LDJ2,	RX1217rp-1,	9,	disk_smart_test_start,	,	0,	,	,	
info,	2025/09/04 00:00:09,	/dev/sdpa,	ST4000NM002A,	WS23LD22,	RX1217rp-1,	10,	disk_smart_test_start,	,	0,	,	,	
info,	2025/09/04 00:00:08,	/dev/sdoa,	ST4000NM002A,	WS23LDF5,	RX1217rp-1,	7,	disk_smart_test_start,	,	0,	,	,	
info,	2025/09/04 00:00:08,	/dev/sdob,	ST4000NM002A,	WS23LD51,	RX1217rp-1,	8,	disk_smart_test_start,	,	0,	,	,	
info,	2025/09/04 00:00:07,	/dev/sdmc,	ST4000NM0035-1V4107,	ZC11XPD8,	RX1217rp-1,	3,	disk_smart_test_start,	,	0,	,	,	
info,	2025/09/04 00:00:07,	/dev/sdna,	ST4000NM0035-1V4107,	ZC124SEN,	RX1217rp-1,	4,	disk_smart_test_start,	,	0,	,	,	
info,	2025/09/04 00:00:07,	/dev/sdnb,	ST4000NM0035-1V4107,	ZC19PFSG,	RX1217rp-1,	5,	disk_smart_test_start,	,	0,	,	,	
info,	2025/09/04 00:00:07,	/dev/sdnc,	ST4000NM0035-1V4107,	ZC15VT6Z,	RX1217rp-1,	6,	disk_smart_test_start,	,	0,	,	,	
info,	2025/09/04 00:00:06,	/dev/sdk,	ST4000NM0035-1V4107,	ZC1BVTDZ,	RS3617RPxs,	11,	disk_smart_test_start,	,	0,	,	,	
info,	2025/09/04 00:00:06,	/dev/sdl,	ST4000NM0035-1V4107,	ZC184H3P,	RS3617RPxs,	12,	disk_smart_test_start,	,	0,	,	,	
info,	2025/09/04 00:00:06,	/dev/sdma,	ST4000NM0035-1V4107,	ZC129286,	RX1217rp-1,	1,	disk_smart_test_start,	,	0,	,	,	
info,	2025/09/04 00:00:06,	/dev/sdmb,	ST4000NM0035-1V4107,	ZC11M9S0,	RX1217rp-1,	2,	disk_smart_test_start,	,	0,	,	,	
info,	2025/09/04 00:00:05,	/dev/sdh,	ST4000NM0035-1V4107,	ZC1B50Q0,	RS3617RPxs,	8,	disk_smart_test_start,	,	0,	,	,	
info,	2025/09/04 00:00:05,	/dev/sdi,	ST4000NM0035-1V4107,	ZC1BVKQ6,	RS3617RPxs,	9,	disk_smart_test_start,	,	0,	,	,	
info,	2025/09/04 00:00:05,	/dev/sdj,	ST4000NM0035-1V4107,	ZC1BVAJH,	RS3617RPxs,	10,	disk_smart_test_start,	,	0,	,	,	
info,	2025/09/04 00:00:04,	/dev/sde,	ST4000NM002A,	WS23LD71,	RS3617RPxs,	5,	disk_smart_test_start,	,	0,	,	,	
info,	2025/09/04 00:00:04,	/dev/sdf,	ST4000NM0035-1V4107,	ZC17ZSKN,	RS3617RPxs,	6,	disk_smart_test_start,	,	0,	,	,	
info,	2025/09/04 00:00:04,	/dev/sdg,	ST4000NM0035-1V4107,	ZC1ASSRR,	RS3617RPxs,	7,	disk_smart_test_start,	,	0,	,	,	
info,	2025/09/04 00:00:03,	/dev/sdc,	ST4000NM0035-1V4107,	ZC12PNH9,	RS3617RPxs,	3,	disk_smart_test_start,	,	0,	,	,	
info,	2025/09/04 00:00:03,	/dev/sdd,	ST4000NM0035-1V4107,	ZC13E3RC,	RS3617RPxs,	4,	disk_smart_test_start,	,	0,	,	,	
info,	2025/09/04 00:00:02,	/dev/sda,	ST4000NM0115-1YZ107,	ZC124E4Y,	RS3617RPxs,	1,	disk_smart_test_start,	,	0,	,	,	
info,	2025/09/04 00:00:02,	/dev/sdb,	ST4000NM0035-1V4107,	ZC1BAL3S,	RS3617RPxs,	2,	disk_smart_test_start,	,	0,	,	,	
info,	2025/08/04 00:56:13,	/dev/sdpb,	ST4000NM002A,	WS23LDK4,	RX1217rp-1,	11,	disk_smart_test_end,	,	0,	,	,	
info,	2025/08/04 00:05:34,	/dev/sdoc,	ST4000NM002A,	WS23LDJ2,	RX1217rp-1,	9,	disk_smart_test_end,	,	0,	,	,	
info,	2025/08/04 00:02:14,	/dev/sdtc,	HAT5300-4T,	2420U6RA0A068FW1H,	RX1217rp-2,	12,	disk_smart_test_end,	,	0,	,	,	
info,	2025/08/04 00:02:08,	/dev/sdsa,	HAT5300-4T,	2420U6RA0A069FW1H,	RX1217rp-2,	7,	disk_smart_test_end,	,	0,	,	,	
info,	2025/08/04 00:02:08,	/dev/sdta,	HAT5300-4T,	2420U6RA0A189FW1H,	RX1217rp-2,	10,	disk_smart_test_end,	,	0,	,	,	
info,	2025/08/04 00:02:08,	/dev/sdsb,	HAT5300-4T,	2420U6RA0A0BGFW1H,	RX1217rp-2,	8,	disk_smart_test_end,	,	0,	,	,	
info,	2025/08/04 00:02:08,	/dev/sdtb,	HAT5300-4T,	2420U6RA0A061FW1H,	RX1217rp-2,	11,	disk_smart_test_end,	,	0,	,	,	
info,	2025/08/04 00:02:08,	/dev/sdrc,	HAT5300-4T,	2420U6RA0A0GAFW1H,	RX1217rp-2,	6,	disk_smart_test_end,	,	0,	,	,	
info,	2025/08/04 00:02:08,	/dev/sdrb,	HAT5300-4T,	2420U6RA0A0BEFW1H,	RX1217rp-2,	5,	disk_smart_test_end,	,	0,	,	,	
info,	2025/08/04 00:02:07,	/dev/sdqa,	HAT5300-4T,	2420U6RA0A0CCFW1H,	RX1217rp-2,	1,	disk_smart_test_end,	,	0,	,	,	
info,	2025/08/04 00:02:07,	/dev/sdqc,	HAT5300-4T,	2420U6RA0A0D4FW1H,	RX1217rp-2,	3,	disk_smart_test_end,	,	0,	,	,	
info,	2025/08/04 00:02:07,	/dev/sdra,	HAT5300-4T,	2420U6RA0A0CSFW1H,	RX1217rp-2,	4,	disk_smart_test_end,	,	0,	,	,	
info,	2025/08/04 00:02:07,	/dev/sdsc,	HAT5300-4T,	2420U6RA0A06TFW1H,	RX1217rp-2,	9,	disk_smart_test_end,	,	0,	,	,	
info,	2025/08/04 00:02:07,	/dev/sdqb,	HAT5300-4T,	2420U6RA0A063FW1H,	RX1217rp-2,	2,	disk_smart_test_end,	,	0,	,	,	
info,	2025/08/04 00:01:19,	/dev/sdpa,	ST4000NM002A,	WS23LD22,	RX1217rp-1,	10,	disk_smart_test_end,	,	0,	,	,	
info,	2025/08/04 00:01:19,	/dev/sdpc,	ST4000NM002A,	WS23LDC0,	RX1217rp-1,	12,	disk_smart_test_end,	,	0,	,	,	
info,	2025/08/04 00:01:12,	/dev/sdnb,	ST4000NM0035-1V4107,	ZC19PFSG,	RX1217rp-1,	5,	disk_smart_test_end,	,	0,	,	,	
info,	2025/08/04 00:01:12,	/dev/sdmb,	ST4000NM0035-1V4107,	ZC11M9S0,	RX1217rp-1,	2,	disk_smart_test_end,	,	0,	,	,	
info,	2025/08/04 00:01:12,	/dev/sdna,	ST4000NM0035-1V4107,	ZC124SEN,	RX1217rp-1,	4,	disk_smart_test_end,	,	0,	,	,	
info,	2025/08/04 00:01:12,	/dev/sdk,	ST4000NM0035-1V4107,	ZC1BVTDZ,	RS3617RPxs,	11,	disk_smart_test_end,	,	0,	,	,	
info,	2025/08/04 00:01:11,	/dev/sdmc,	ST4000NM0035-1V4107,	ZC11XPD8,	RX1217rp-1,	3,	disk_smart_test_end,	,	0,	,	,	
info,	2025/08/04 00:01:11,	/dev/sdh,	ST4000NM0035-1V4107,	ZC1B50Q0,	RS3617RPxs,	8,	disk_smart_test_end,	,	0,	,	,	
info,	2025/08/04 00:01:11,	/dev/sdoa,	ST4000NM002A,	WS23LDF5,	RX1217rp-1,	7,	disk_smart_test_end,	,	0,	,	,	
info,	2025/08/04 00:01:11,	/dev/sdi,	ST4000NM0035-1V4107,	ZC1BVKQ6,	RS3617RPxs,	9,	disk_smart_test_end,	,	0,	,	,	
info,	2025/08/04 00:01:11,	/dev/sdg,	ST4000NM0035-1V4107,	ZC1ASSRR,	RS3617RPxs,	7,	disk_smart_test_end,	,	0,	,	,	
info,	2025/08/04 00:01:11,	/dev/sdob,	ST4000NM002A,	WS23LD51,	RX1217rp-1,	8,	disk_smart_test_end,	,	0,	,	,	
info,	2025/08/04 00:01:10,	/dev/sdnc,	ST4000NM0035-1V4107,	ZC15VT6Z,	RX1217rp-1,	6,	disk_smart_test_end,	,	0,	,	,	
info,	2025/08/04 00:01:10,	/dev/sdj,	ST4000NM0035-1V4107,	ZC1BVAJH,	RS3617RPxs,	10,	disk_smart_test_end,	,	0,	,	,	
info,	2025/08/04 00:01:10,	/dev/sdma,	ST4000NM0035-1V4107,	ZC129286,	RX1217rp-1,	1,	disk_smart_test_end,	,	0,	,	,	
info,	2025/08/04 00:01:10,	/dev/sdl,	ST4000NM0035-1V4107,	ZC184H3P,	RS3617RPxs,	12,	disk_smart_test_end,	,	0,	,	,	
info,	2025/08/04 00:01:10,	/dev/sde,	ST4000NM002A,	WS23LD71,	RS3617RPxs,	5,	disk_smart_test_end,	,	0,	,	,	
info,	2025/08/04 00:01:04,	/dev/sdf,	ST4000NM0035-1V4107,	ZC17ZSKN,	RS3617RPxs,	6,	disk_smart_test_end,	,	0,	,	,	
info,	2025/08/04 00:01:04,	/dev/sdb,	ST4000NM0035-1V4107,	ZC1BAL3S,	RS3617RPxs,	2,	disk_smart_test_end,	,	0,	,	,	
info,	2025/08/04 00:01:04,	/dev/sdc,	ST4000NM0035-1V4107,	ZC12PNH9,	RS3617RPxs,	3,	disk_smart_test_end,	,	0,	,	,	
info,	2025/08/04 00:01:03,	/dev/sda,	ST4000NM0115-1YZ107,	ZC124E4Y,	RS3617RPxs,	1,	disk_smart_test_end,	,	0,	,	,	
info,	2025/08/04 00:01:03,	/dev/sdd,	ST4000NM0035-1V4107,	ZC13E3RC,	RS3617RPxs,	4,	disk_smart_test_end,	,	0,	,	,	
info,	2025/08/04 00:00:17,	/dev/sdsb,	HAT5300-4T,	2420U6RA0A0BGFW1H,	RX1217rp-2,	8,	disk_smart_test_start,	,	0,	,	,	
info,	2025/08/04 00:00:17,	/dev/sdsc,	HAT5300-4T,	2420U6RA0A06TFW1H,	RX1217rp-2,	9,	disk_smart_test_start,	,	0,	,	,	
info,	2025/08/04 00:00:17,	/dev/sdta,	HAT5300-4T,	2420U6RA0A189FW1H,	RX1217rp-2,	10,	disk_smart_test_start,	,	0,	,	,	
info,	2025/08/04 00:00:17,	/dev/sdtb,	HAT5300-4T,	2420U6RA0A061FW1H,	RX1217rp-2,	11,	disk_smart_test_start,	,	0,	,	,	
info,	2025/08/04 00:00:17,	/dev/sdtc,	HAT5300-4T,	2420U6RA0A068FW1H,	RX1217rp-2,	12,	disk_smart_test_start,	,	0,	,	,	
info,	2025/08/04 00:00:16,	/dev/sdqc,	HAT5300-4T,	2420U6RA0A0D4FW1H,	RX1217rp-2,	3,	disk_smart_test_start,	,	0,	,	,	
info,	2025/08/04 00:00:16,	/dev/sdra,	HAT5300-4T,	2420U6RA0A0CSFW1H,	RX1217rp-2,	4,	disk_smart_test_start,	,	0,	,	,	
info,	2025/08/04 00:00:16,	/dev/sdrb,	HAT5300-4T,	2420U6RA0A0BEFW1H,	RX1217rp-2,	5,	disk_smart_test_start,	,	0,	,	,	
info,	2025/08/04 00:00:16,	/dev/sdrc,	HAT5300-4T,	2420U6RA0A0GAFW1H,	RX1217rp-2,	6,	disk_smart_test_start,	,	0,	,	,	
info,	2025/08/04 00:00:16,	/dev/sdsa,	HAT5300-4T,	2420U6RA0A069FW1H,	RX1217rp-2,	7,	disk_smart_test_start,	,	0,	,	,	
info,	2025/08/04 00:00:15,	/dev/sdqa,	HAT5300-4T,	2420U6RA0A0CCFW1H,	RX1217rp-2,	1,	disk_smart_test_start,	,	0,	,	,	
info,	2025/08/04 00:00:15,	/dev/sdqb,	HAT5300-4T,	2420U6RA0A063FW1H,	RX1217rp-2,	2,	disk_smart_test_start,	,	0,	,	,	
info,	2025/08/04 00:00:14,	/dev/sdpc,	ST4000NM002A,	WS23LDC0,	RX1217rp-1,	12,	disk_smart_test_start,	,	0,	,	,	
info,	2025/08/04 00:00:13,	/dev/sdpa,	ST4000NM002A,	WS23LD22,	RX1217rp-1,	10,	disk_smart_test_start,	,	0,	,	,	
info,	2025/08/04 00:00:13,	/dev/sdpb,	ST4000NM002A,	WS23LDK4,	RX1217rp-1,	11,	disk_smart_test_start,	,	0,	,	,	
info,	2025/08/04 00:00:12,	/dev/sdoc,	ST4000NM002A,	WS23LDJ2,	RX1217rp-1,	9,	disk_smart_test_start,	,	0,	,	,	
info,	2025/08/04 00:00:10,	/dev/sdob,	ST4000NM002A,	WS23LD51,	RX1217rp-1,	8,	disk_smart_test_start,	,	0,	,	,	
info,	2025/08/04 00:00:09,	/dev/sdnc,	ST4000NM0035-1V4107,	ZC15VT6Z,	RX1217rp-1,	6,	disk_smart_test_start,	,	0,	,	,	
info,	2025/08/04 00:00:09,	/dev/sdoa,	ST4000NM002A,	WS23LDF5,	RX1217rp-1,	7,	disk_smart_test_start,	,	0,	,	,	
info,	2025/08/04 00:00:08,	/dev/sdmc,	ST4000NM0035-1V4107,	ZC11XPD8,	RX1217rp-1,	3,	disk_smart_test_start,	,	0,	,	,	
info,	2025/08/04 00:00:08,	/dev/sdna,	ST4000NM0035-1V4107,	ZC124SEN,	RX1217rp-1,	4,	disk_smart_test_start,	,	0,	,	,	
info,	2025/08/04 00:00:08,	/dev/sdnb,	ST4000NM0035-1V4107,	ZC19PFSG,	RX1217rp-1,	5,	disk_smart_test_start,	,	0,	,	,	
info,	2025/08/04 00:00:07,	/dev/sdl,	ST4000NM0035-1V4107,	ZC184H3P,	RS3617RPxs,	12,	disk_smart_test_start,	,	0,	,	,	
info,	2025/08/04 00:00:07,	/dev/sdma,	ST4000NM0035-1V4107,	ZC129286,	RX1217rp-1,	1,	disk_smart_test_start,	,	0,	,	,	
info,	2025/08/04 00:00:07,	/dev/sdmb,	ST4000NM0035-1V4107,	ZC11M9S0,	RX1217rp-1,	2,	disk_smart_test_start,	,	0,	,	,	
info,	2025/08/04 00:00:06,	/dev/sdi,	ST4000NM0035-1V4107,	ZC1BVKQ6,	RS3617RPxs,	9,	disk_smart_test_start,	,	0,	,	,	
info,	2025/08/04 00:00:06,	/dev/sdj,	ST4000NM0035-1V4107,	ZC1BVAJH,	RS3617RPxs,	10,	disk_smart_test_start,	,	0,	,	,	
info,	2025/08/04 00:00:06,	/dev/sdk,	ST4000NM0035-1V4107,	ZC1BVTDZ,	RS3617RPxs,	11,	disk_smart_test_start,	,	0,	,	,	
info,	2025/08/04 00:00:05,	/dev/sdf,	ST4000NM0035-1V4107,	ZC17ZSKN,	RS3617RPxs,	6,	disk_smart_test_start,	,	0,	,	,	
info,	2025/08/04 00:00:05,	/dev/sdg,	ST4000NM0035-1V4107,	ZC1ASSRR,	RS3617RPxs,	7,	disk_smart_test_start,	,	0,	,	,	
info,	2025/08/04 00:00:05,	/dev/sdh,	ST4000NM0035-1V4107,	ZC1B50Q0,	RS3617RPxs,	8,	disk_smart_test_start,	,	0,	,	,	
info,	2025/08/04 00:00:04,	/dev/sdd,	ST4000NM0035-1V4107,	ZC13E3RC,	RS3617RPxs,	4,	disk_smart_test_start,	,	0,	,	,	
info,	2025/08/04 00:00:04,	/dev/sde,	ST4000NM002A,	WS23LD71,	RS3617RPxs,	5,	disk_smart_test_start,	,	0,	,	,	
info,	2025/08/04 00:00:03,	/dev/sdb,	ST4000NM0035-1V4107,	ZC1BAL3S,	RS3617RPxs,	2,	disk_smart_test_start,	,	0,	,	,	
info,	2025/08/04 00:00:03,	/dev/sdc,	ST4000NM0035-1V4107,	ZC12PNH9,	RS3617RPxs,	3,	disk_smart_test_start,	,	0,	,	,	
info,	2025/08/04 00:00:02,	/dev/sda,	ST4000NM0115-1YZ107,	ZC124E4Y,	RS3617RPxs,	1,	disk_smart_test_start,	,	0,	,	,	
info,	2025/07/04 00:02:05,	/dev/sdrb,	HAT5300-4T,	2420U6RA0A0BEFW1H,	RX1217rp-2,	5,	disk_smart_test_end,	,	0,	,	,	
info,	2025/07/04 00:02:05,	/dev/sdqc,	HAT5300-4T,	2420U6RA0A0D4FW1H,	RX1217rp-2,	3,	disk_smart_test_end,	,	0,	,	,	
info,	2025/07/04 00:02:05,	/dev/sdta,	HAT5300-4T,	2420U6RA0A189FW1H,	RX1217rp-2,	10,	disk_smart_test_end,	,	0,	,	,	
info,	2025/07/04 00:02:05,	/dev/sdsb,	HAT5300-4T,	2420U6RA0A0BGFW1H,	RX1217rp-2,	8,	disk_smart_test_end,	,	0,	,	,	
info,	2025/07/04 00:02:05,	/dev/sdra,	HAT5300-4T,	2420U6RA0A0CSFW1H,	RX1217rp-2,	4,	disk_smart_test_end,	,	0,	,	,	
info,	2025/07/04 00:02:05,	/dev/sdtc,	HAT5300-4T,	2420U6RA0A068FW1H,	RX1217rp-2,	12,	disk_smart_test_end,	,	0,	,	,	
info,	2025/07/04 00:02:04,	/dev/sdqb,	HAT5300-4T,	2420U6RA0A063FW1H,	RX1217rp-2,	2,	disk_smart_test_end,	,	0,	,	,	
info,	2025/07/04 00:02:04,	/dev/sdrc,	HAT5300-4T,	2420U6RA0A0GAFW1H,	RX1217rp-2,	6,	disk_smart_test_end,	,	0,	,	,	
info,	2025/07/04 00:02:04,	/dev/sdqa,	HAT5300-4T,	2420U6RA0A0CCFW1H,	RX1217rp-2,	1,	disk_smart_test_end,	,	0,	,	,	
info,	2025/07/04 00:02:04,	/dev/sdtb,	HAT5300-4T,	2420U6RA0A061FW1H,	RX1217rp-2,	11,	disk_smart_test_end,	,	0,	,	,	
info,	2025/07/04 00:02:04,	/dev/sdsc,	HAT5300-4T,	2420U6RA0A06TFW1H,	RX1217rp-2,	9,	disk_smart_test_end,	,	0,	,	,	
info,	2025/07/04 00:02:04,	/dev/sdsa,	HAT5300-4T,	2420U6RA0A069FW1H,	RX1217rp-2,	7,	disk_smart_test_end,	,	0,	,	,	
info,	2025/07/04 00:01:12,	/dev/sdoc,	ST4000NM002A,	WS23LDJ2,	RX1217rp-1,	9,	disk_smart_test_end,	,	0,	,	,	
info,	2025/07/04 00:01:12,	/dev/sdnb,	ST4000NM0035-1V4107,	ZC19PFSG,	RX1217rp-1,	5,	disk_smart_test_end,	,	0,	,	,	
info,	2025/07/04 00:01:12,	/dev/sdnc,	ST4000NM0035-1V4107,	ZC15VT6Z,	RX1217rp-1,	6,	disk_smart_test_end,	,	0,	,	,	
info,	2025/07/04 00:01:12,	/dev/sdmb,	ST4000NM0035-1V4107,	ZC11M9S0,	RX1217rp-1,	2,	disk_smart_test_end,	,	0,	,	,	
info,	2025/07/04 00:01:12,	/dev/sdob,	ST4000NM002A,	WS23LD51,	RX1217rp-1,	8,	disk_smart_test_end,	,	0,	,	,	
info,	2025/07/04 00:01:12,	/dev/sdpa,	ST4000NM002A,	WS23LD22,	RX1217rp-1,	10,	disk_smart_test_end,	,	0,	,	,	
info,	2025/07/04 00:01:12,	/dev/sdpb,	ST4000NM002A,	WS23LDK4,	RX1217rp-1,	11,	disk_smart_test_end,	,	0,	,	,	
info,	2025/07/04 00:01:11,	/dev/sdl,	ST4000NM0035-1V4107,	ZC184H3P,	RS3617RPxs,	12,	disk_smart_test_end,	,	0,	,	,	
info,	2025/07/04 00:01:11,	/dev/sdmc,	ST4000NM0035-1V4107,	ZC11XPD8,	RX1217rp-1,	3,	disk_smart_test_end,	,	0,	,	,	
info,	2025/07/04 00:01:11,	/dev/sdk,	ST4000NM0035-1V4107,	ZC1BVTDZ,	RS3617RPxs,	11,	disk_smart_test_end,	,	0,	,	,	
info,	2025/07/04 00:01:11,	/dev/sdna,	ST4000NM0035-1V4107,	ZC124SEN,	RX1217rp-1,	4,	disk_smart_test_end,	,	0,	,	,	
info,	2025/07/04 00:01:11,	/dev/sdpc,	ST4000NM002A,	WS23LDC0,	RX1217rp-1,	12,	disk_smart_test_end,	,	0,	,	,	
info,	2025/07/04 00:01:11,	/dev/sdoa,	ST4000NM002A,	WS23LDF5,	RX1217rp-1,	7,	disk_smart_test_end,	,	0,	,	,	
info,	2025/07/04 00:01:11,	/dev/sdma,	ST4000NM0035-1V4107,	ZC129286,	RX1217rp-1,	1,	disk_smart_test_end,	,	0,	,	,	
info,	2025/07/04 00:01:05,	/dev/sdd,	ST4000NM0035-1V4107,	ZC13E3RC,	RS3617RPxs,	4,	disk_smart_test_end,	,	0,	,	,	
info,	2025/07/04 00:01:05,	/dev/sde,	ST4000NM002A,	WS23LD71,	RS3617RPxs,	5,	disk_smart_test_end,	,	0,	,	,	
info,	2025/07/04 00:01:05,	/dev/sdj,	ST4000NM0035-1V4107,	ZC1BVAJH,	RS3617RPxs,	10,	disk_smart_test_end,	,	0,	,	,	
info,	2025/07/04 00:01:05,	/dev/sdg,	ST4000NM0035-1V4107,	ZC1ASSRR,	RS3617RPxs,	7,	disk_smart_test_end,	,	0,	,	,	
info,	2025/07/04 00:01:04,	/dev/sdh,	ST4000NM0035-1V4107,	ZC1B50Q0,	RS3617RPxs,	8,	disk_smart_test_end,	,	0,	,	,	
info,	2025/07/04 00:01:04,	/dev/sdc,	ST4000NM0035-1V4107,	ZC12PNH9,	RS3617RPxs,	3,	disk_smart_test_end,	,	0,	,	,	
info,	2025/07/04 00:01:04,	/dev/sdi,	ST4000NM0035-1V4107,	ZC1BVKQ6,	RS3617RPxs,	9,	disk_smart_test_end,	,	0,	,	,	
info,	2025/07/04 00:01:04,	/dev/sdb,	ST4000NM0035-1V4107,	ZC1BAL3S,	RS3617RPxs,	2,	disk_smart_test_end,	,	0,	,	,	
info,	2025/07/04 00:01:04,	/dev/sdf,	ST4000NM0035-1V4107,	ZC17ZSKN,	RS3617RPxs,	6,	disk_smart_test_end,	,	0,	,	,	
info,	2025/07/04 00:01:03,	/dev/sda,	ST4000NM0115-1YZ107,	ZC124E4Y,	RS3617RPxs,	1,	disk_smart_test_end,	,	0,	,	,	
info,	2025/07/04 00:00:12,	/dev/sdtc,	HAT5300-4T,	2420U6RA0A068FW1H,	RX1217rp-2,	12,	disk_smart_test_start,	,	0,	,	,	
info,	2025/07/04 00:00:11,	/dev/sdsa,	HAT5300-4T,	2420U6RA0A069FW1H,	RX1217rp-2,	7,	disk_smart_test_start,	,	0,	,	,	
info,	2025/07/04 00:00:11,	/dev/sdsb,	HAT5300-4T,	2420U6RA0A0BGFW1H,	RX1217rp-2,	8,	disk_smart_test_start,	,	0,	,	,	
info,	2025/07/04 00:00:11,	/dev/sdsc,	HAT5300-4T,	2420U6RA0A06TFW1H,	RX1217rp-2,	9,	disk_smart_test_start,	,	0,	,	,	
info,	2025/07/04 00:00:11,	/dev/sdta,	HAT5300-4T,	2420U6RA0A189FW1H,	RX1217rp-2,	10,	disk_smart_test_start,	,	0,	,	,	
info,	2025/07/04 00:00:11,	/dev/sdtb,	HAT5300-4T,	2420U6RA0A061FW1H,	RX1217rp-2,	11,	disk_smart_test_start,	,	0,	,	,	
info,	2025/07/04 00:00:10,	/dev/sdqa,	HAT5300-4T,	2420U6RA0A0CCFW1H,	RX1217rp-2,	1,	disk_smart_test_start,	,	0,	,	,	
info,	2025/07/04 00:00:10,	/dev/sdqb,	HAT5300-4T,	2420U6RA0A063FW1H,	RX1217rp-2,	2,	disk_smart_test_start,	,	0,	,	,	
info,	2025/07/04 00:00:10,	/dev/sdqc,	HAT5300-4T,	2420U6RA0A0D4FW1H,	RX1217rp-2,	3,	disk_smart_test_start,	,	0,	,	,	
info,	2025/07/04 00:00:10,	/dev/sdra,	HAT5300-4T,	2420U6RA0A0CSFW1H,	RX1217rp-2,	4,	disk_smart_test_start,	,	0,	,	,	
info,	2025/07/04 00:00:10,	/dev/sdrb,	HAT5300-4T,	2420U6RA0A0BEFW1H,	RX1217rp-2,	5,	disk_smart_test_start,	,	0,	,	,	
info,	2025/07/04 00:00:10,	/dev/sdrc,	HAT5300-4T,	2420U6RA0A0GAFW1H,	RX1217rp-2,	6,	disk_smart_test_start,	,	0,	,	,	
info,	2025/07/04 00:00:09,	/dev/sdpb,	ST4000NM002A,	WS23LDK4,	RX1217rp-1,	11,	disk_smart_test_start,	,	0,	,	,	
info,	2025/07/04 00:00:09,	/dev/sdpc,	ST4000NM002A,	WS23LDC0,	RX1217rp-1,	12,	disk_smart_test_start,	,	0,	,	,	
info,	2025/07/04 00:00:08,	/dev/sdoc,	ST4000NM002A,	WS23LDJ2,	RX1217rp-1,	9,	disk_smart_test_start,	,	0,	,	,	
info,	2025/07/04 00:00:08,	/dev/sdpa,	ST4000NM002A,	WS23LD22,	RX1217rp-1,	10,	disk_smart_test_start,	,	0,	,	,	
info,	2025/07/04 00:00:07,	/dev/sdnb,	ST4000NM0035-1V4107,	ZC19PFSG,	RX1217rp-1,	5,	disk_smart_test_start,	,	0,	,	,	
info,	2025/07/04 00:00:07,	/dev/sdnc,	ST4000NM0035-1V4107,	ZC15VT6Z,	RX1217rp-1,	6,	disk_smart_test_start,	,	0,	,	,	
info,	2025/07/04 00:00:07,	/dev/sdoa,	ST4000NM002A,	WS23LDF5,	RX1217rp-1,	7,	disk_smart_test_start,	,	0,	,	,	
info,	2025/07/04 00:00:07,	/dev/sdob,	ST4000NM002A,	WS23LD51,	RX1217rp-1,	8,	disk_smart_test_start,	,	0,	,	,	
info,	2025/07/04 00:00:06,	/dev/sdma,	ST4000NM0035-1V4107,	ZC129286,	RX1217rp-1,	1,	disk_smart_test_start,	,	0,	,	,	
info,	2025/07/04 00:00:06,	/dev/sdmb,	ST4000NM0035-1V4107,	ZC11M9S0,	RX1217rp-1,	2,	disk_smart_test_start,	,	0,	,	,	
info,	2025/07/04 00:00:06,	/dev/sdmc,	ST4000NM0035-1V4107,	ZC11XPD8,	RX1217rp-1,	3,	disk_smart_test_start,	,	0,	,	,	
info,	2025/07/04 00:00:06,	/dev/sdna,	ST4000NM0035-1V4107,	ZC124SEN,	RX1217rp-1,	4,	disk_smart_test_start,	,	0,	,	,	
info,	2025/07/04 00:00:05,	/dev/sdj,	ST4000NM0035-1V4107,	ZC1BVAJH,	RS3617RPxs,	10,	disk_smart_test_start,	,	0,	,	,	
info,	2025/07/04 00:00:05,	/dev/sdk,	ST4000NM0035-1V4107,	ZC1BVTDZ,	RS3617RPxs,	11,	disk_smart_test_start,	,	0,	,	,	
info,	2025/07/04 00:00:05,	/dev/sdl,	ST4000NM0035-1V4107,	ZC184H3P,	RS3617RPxs,	12,	disk_smart_test_start,	,	0,	,	,	
info,	2025/07/04 00:00:04,	/dev/sdf,	ST4000NM0035-1V4107,	ZC17ZSKN,	RS3617RPxs,	6,	disk_smart_test_start,	,	0,	,	,	
info,	2025/07/04 00:00:04,	/dev/sdg,	ST4000NM0035-1V4107,	ZC1ASSRR,	RS3617RPxs,	7,	disk_smart_test_start,	,	0,	,	,	
info,	2025/07/04 00:00:04,	/dev/sdh,	ST4000NM0035-1V4107,	ZC1B50Q0,	RS3617RPxs,	8,	disk_smart_test_start,	,	0,	,	,	
info,	2025/07/04 00:00:04,	/dev/sdi,	ST4000NM0035-1V4107,	ZC1BVKQ6,	RS3617RPxs,	9,	disk_smart_test_start,	,	0,	,	,	
info,	2025/07/04 00:00:03,	/dev/sdd,	ST4000NM0035-1V4107,	ZC13E3RC,	RS3617RPxs,	4,	disk_smart_test_start,	,	0,	,	,	
info,	2025/07/04 00:00:03,	/dev/sde,	ST4000NM002A,	WS23LD71,	RS3617RPxs,	5,	disk_smart_test_start,	,	0,	,	,	
info,	2025/07/04 00:00:02,	/dev/sda,	ST4000NM0115-1YZ107,	ZC124E4Y,	RS3617RPxs,	1,	disk_smart_test_start,	,	0,	,	,	
info,	2025/07/04 00:00:02,	/dev/sdb,	ST4000NM0035-1V4107,	ZC1BAL3S,	RS3617RPxs,	2,	disk_smart_test_start,	,	0,	,	,	
info,	2025/07/04 00:00:02,	/dev/sdc,	ST4000NM0035-1V4107,	ZC12PNH9,	RS3617RPxs,	3,	disk_smart_test_start,	,	0,	,	,	
debug,	2025/06/20 13:22:12,	/dev/sdrb,	HAT5300-4T,	2420U6RA0A0BEFW1H,	RX1217rp-2,	5,	disk_refresh,	,	0,	,	,	
debug,	2025/06/20 13:22:12,	/dev/sdrc,	HAT5300-4T,	2420U6RA0A0GAFW1H,	RX1217rp-2,	6,	disk_refresh,	,	0,	,	,	
debug,	2025/06/20 13:22:12,	/dev/sdsb,	HAT5300-4T,	2420U6RA0A0BGFW1H,	RX1217rp-2,	8,	disk_refresh,	,	0,	,	,	
debug,	2025/06/20 13:22:12,	/dev/sdsa,	HAT5300-4T,	2420U6RA0A069FW1H,	RX1217rp-2,	7,	disk_refresh,	,	0,	,	,	
debug,	2025/06/20 13:22:12,	/dev/sdra,	HAT5300-4T,	2420U6RA0A0CSFW1H,	RX1217rp-2,	4,	disk_refresh,	,	0,	,	,	
debug,	2025/06/20 13:22:12,	/dev/sdtb,	HAT5300-4T,	2420U6RA0A061FW1H,	RX1217rp-2,	11,	disk_refresh,	,	0,	,	,	
debug,	2025/06/20 13:22:12,	/dev/sdtc,	HAT5300-4T,	2420U6RA0A068FW1H,	RX1217rp-2,	12,	disk_refresh,	,	0,	,	,	
debug,	2025/06/20 13:22:12,	/dev/sdta,	HAT5300-4T,	2420U6RA0A189FW1H,	RX1217rp-2,	10,	disk_refresh,	,	0,	,	,	
debug,	2025/06/20 13:22:12,	/dev/sdsc,	HAT5300-4T,	2420U6RA0A06TFW1H,	RX1217rp-2,	9,	disk_refresh,	,	0,	,	,	
debug,	2025/06/20 13:22:11,	/dev/sdpc,	ST4000NM002A,	WS23LDC0,	RX1217rp-1,	12,	disk_refresh,	,	0,	,	,	
debug,	2025/06/20 13:22:11,	/dev/sdpb,	ST4000NM002A,	WS23LDK4,	RX1217rp-1,	11,	disk_refresh,	,	0,	,	,	
debug,	2025/06/20 13:22:11,	/dev/sdqa,	HAT5300-4T,	2420U6RA0A0CCFW1H,	RX1217rp-2,	1,	disk_refresh,	,	0,	,	,	
debug,	2025/06/20 13:22:11,	/dev/sdqc,	HAT5300-4T,	2420U6RA0A0D4FW1H,	RX1217rp-2,	3,	disk_refresh,	,	0,	,	,	
debug,	2025/06/20 13:22:11,	/dev/sdqb,	HAT5300-4T,	2420U6RA0A063FW1H,	RX1217rp-2,	2,	disk_refresh,	,	0,	,	,	
debug,	2025/06/20 13:22:10,	/dev/sdmb,	ST4000NM0035-1V4107,	ZC11M9S0,	RX1217rp-1,	2,	disk_refresh,	,	0,	,	,	
debug,	2025/06/20 13:22:10,	/dev/sdmc,	ST4000NM0035-1V4107,	ZC11XPD8,	RX1217rp-1,	3,	disk_refresh,	,	0,	,	,	
debug,	2025/06/20 13:22:10,	/dev/sdna,	ST4000NM0035-1V4107,	ZC124SEN,	RX1217rp-1,	4,	disk_refresh,	,	0,	,	,	
debug,	2025/06/20 13:22:10,	/dev/sdnb,	ST4000NM0035-1V4107,	ZC19PFSG,	RX1217rp-1,	5,	disk_refresh,	,	0,	,	,	
debug,	2025/06/20 13:22:10,	/dev/sdnc,	ST4000NM0035-1V4107,	ZC15VT6Z,	RX1217rp-1,	6,	disk_refresh,	,	0,	,	,	
debug,	2025/06/20 13:22:10,	/dev/sdoa,	ST4000NM002A,	WS23LDF5,	RX1217rp-1,	7,	disk_refresh,	,	0,	,	,	
debug,	2025/06/20 13:22:10,	/dev/sdob,	ST4000NM002A,	WS23LD51,	RX1217rp-1,	8,	disk_refresh,	,	0,	,	,	
debug,	2025/06/20 13:22:10,	/dev/sdoc,	ST4000NM002A,	WS23LDJ2,	RX1217rp-1,	9,	disk_refresh,	,	0,	,	,	
debug,	2025/06/20 13:22:10,	/dev/sdpa,	ST4000NM002A,	WS23LD22,	RX1217rp-1,	10,	disk_refresh,	,	0,	,	,	
debug,	2025/06/20 13:22:09,	/dev/sdc,	ST4000NM0035-1V4107,	ZC12PNH9,	RS3617RPxs,	3,	disk_refresh,	,	0,	,	,	
debug,	2025/06/20 13:22:09,	/dev/sdd,	ST4000NM0035-1V4107,	ZC13E3RC,	RS3617RPxs,	4,	disk_refresh,	,	0,	,	,	
debug,	2025/06/20 13:22:09,	/dev/sde,	ST4000NM002A,	WS23LD71,	RS3617RPxs,	5,	disk_refresh,	,	0,	,	,	
debug,	2025/06/20 13:22:09,	/dev/sdf,	ST4000NM0035-1V4107,	ZC17ZSKN,	RS3617RPxs,	6,	disk_refresh,	,	0,	,	,	
debug,	2025/06/20 13:22:09,	/dev/sdg,	ST4000NM0035-1V4107,	ZC1ASSRR,	RS3617RPxs,	7,	disk_refresh,	,	0,	,	,	
debug,	2025/06/20 13:22:09,	/dev/sdh,	ST4000NM0035-1V4107,	ZC1B50Q0,	RS3617RPxs,	8,	disk_refresh,	,	0,	,	,	
debug,	2025/06/20 13:22:09,	/dev/sdi,	ST4000NM0035-1V4107,	ZC1BVKQ6,	RS3617RPxs,	9,	disk_refresh,	,	0,	,	,	
debug,	2025/06/20 13:22:09,	/dev/sdj,	ST4000NM0035-1V4107,	ZC1BVAJH,	RS3617RPxs,	10,	disk_refresh,	,	0,	,	,	
debug,	2025/06/20 13:22:09,	/dev/sdma,	ST4000NM0035-1V4107,	ZC129286,	RX1217rp-1,	1,	disk_refresh,	,	0,	,	,	
debug,	2025/06/20 13:22:08,	/dev/sda,	ST4000NM0115-1YZ107,	ZC124E4Y,	RS3617RPxs,	1,	disk_refresh,	,	0,	,	,	
debug,	2025/06/20 13:22:08,	/dev/sdb,	ST4000NM0035-1V4107,	ZC1BAL3S,	RS3617RPxs,	2,	disk_refresh,	,	0,	,	,	
debug,	2025/06/20 13:22:08,	/dev/sdk,	ST4000NM0035-1V4107,	ZC1BVTDZ,	RS3617RPxs,	11,	disk_refresh,	,	0,	,	,	
debug,	2025/06/20 13:22:08,	/dev/sdl,	ST4000NM0035-1V4107,	ZC184H3P,	RS3617RPxs,	12,	disk_refresh,	,	0,	,	,	
info,	2025/06/04 00:02:54,	/dev/sdpb,	ST4000NM002A,	WS23LDK4,	RX1217rp-1,	11,	disk_smart_test_end,	,	0,	,	,	
info,	2025/06/04 00:02:48,	/dev/sdoc,	ST4000NM002A,	WS23LDJ2,	RX1217rp-1,	9,	disk_smart_test_end,	,	0,	,	,	
info,	2025/06/04 00:02:07,	/dev/sdrc,	HAT5300-4T,	2420U6RA0A0GAFW1H,	RX1217rp-2,	6,	disk_smart_test_end,	,	0,	,	,	
info,	2025/06/04 00:02:07,	/dev/sdtb,	HAT5300-4T,	2420U6RA0A061FW1H,	RX1217rp-2,	11,	disk_smart_test_end,	,	0,	,	,	
info,	2025/06/04 00:02:07,	/dev/sdra,	HAT5300-4T,	2420U6RA0A0CSFW1H,	RX1217rp-2,	4,	disk_smart_test_end,	,	0,	,	,	
info,	2025/06/04 00:02:07,	/dev/sdtc,	HAT5300-4T,	2420U6RA0A068FW1H,	RX1217rp-2,	12,	disk_smart_test_end,	,	0,	,	,	
info,	2025/06/04 00:02:07,	/dev/sdsa,	HAT5300-4T,	2420U6RA0A069FW1H,	RX1217rp-2,	7,	disk_smart_test_end,	,	0,	,	,	
info,	2025/06/04 00:02:07,	/dev/sdqa,	HAT5300-4T,	2420U6RA0A0CCFW1H,	RX1217rp-2,	1,	disk_smart_test_end,	,	0,	,	,	
info,	2025/06/04 00:02:06,	/dev/sdsb,	HAT5300-4T,	2420U6RA0A0BGFW1H,	RX1217rp-2,	8,	disk_smart_test_end,	,	0,	,	,	
info,	2025/06/04 00:02:06,	/dev/sdrb,	HAT5300-4T,	2420U6RA0A0BEFW1H,	RX1217rp-2,	5,	disk_smart_test_end,	,	0,	,	,	
info,	2025/06/04 00:02:06,	/dev/sdsc,	HAT5300-4T,	2420U6RA0A06TFW1H,	RX1217rp-2,	9,	disk_smart_test_end,	,	0,	,	,	
info,	2025/06/04 00:02:06,	/dev/sdta,	HAT5300-4T,	2420U6RA0A189FW1H,	RX1217rp-2,	10,	disk_smart_test_end,	,	0,	,	,	
info,	2025/06/04 00:02:06,	/dev/sdqb,	HAT5300-4T,	2420U6RA0A063FW1H,	RX1217rp-2,	2,	disk_smart_test_end,	,	0,	,	,	
info,	2025/06/04 00:02:06,	/dev/sdqc,	HAT5300-4T,	2420U6RA0A0D4FW1H,	RX1217rp-2,	3,	disk_smart_test_end,	,	0,	,	,	
info,	2025/06/04 00:01:13,	/dev/sdna,	ST4000NM0035-1V4107,	ZC124SEN,	RX1217rp-1,	4,	disk_smart_test_end,	,	0,	,	,	
info,	2025/06/04 00:01:12,	/dev/sdmc,	ST4000NM0035-1V4107,	ZC11XPD8,	RX1217rp-1,	3,	disk_smart_test_end,	,	0,	,	,	
info,	2025/06/04 00:01:12,	/dev/sdnb,	ST4000NM0035-1V4107,	ZC19PFSG,	RX1217rp-1,	5,	disk_smart_test_end,	,	0,	,	,	
info,	2025/06/04 00:01:12,	/dev/sdpa,	ST4000NM002A,	WS23LD22,	RX1217rp-1,	10,	disk_smart_test_end,	,	0,	,	,	
info,	2025/06/04 00:01:12,	/dev/sdnc,	ST4000NM0035-1V4107,	ZC15VT6Z,	RX1217rp-1,	6,	disk_smart_test_end,	,	0,	,	,	
info,	2025/06/04 00:01:12,	/dev/sdoa,	ST4000NM002A,	WS23LDF5,	RX1217rp-1,	7,	disk_smart_test_end,	,	0,	,	,	
info,	2025/06/04 00:01:12,	/dev/sdob,	ST4000NM002A,	WS23LD51,	RX1217rp-1,	8,	disk_smart_test_end,	,	0,	,	,	
info,	2025/06/04 00:01:12,	/dev/sdpc,	ST4000NM002A,	WS23LDC0,	RX1217rp-1,	12,	disk_smart_test_end,	,	0,	,	,	
info,	2025/06/04 00:01:06,	/dev/sde,	ST4000NM002A,	WS23LD71,	RS3617RPxs,	5,	disk_smart_test_end,	,	0,	,	,	
info,	2025/06/04 00:01:06,	/dev/sdg,	ST4000NM0035-1V4107,	ZC1ASSRR,	RS3617RPxs,	7,	disk_smart_test_end,	,	0,	,	,	
info,	2025/06/04 00:01:06,	/dev/sdmb,	ST4000NM0035-1V4107,	ZC11M9S0,	RX1217rp-1,	2,	disk_smart_test_end,	,	0,	,	,	
info,	2025/06/04 00:01:05,	/dev/sdk,	ST4000NM0035-1V4107,	ZC1BVTDZ,	RS3617RPxs,	11,	disk_smart_test_end,	,	0,	,	,	
info,	2025/06/04 00:01:05,	/dev/sdf,	ST4000NM0035-1V4107,	ZC17ZSKN,	RS3617RPxs,	6,	disk_smart_test_end,	,	0,	,	,	
info,	2025/06/04 00:01:04,	/dev/sdb,	ST4000NM0035-1V4107,	ZC1BAL3S,	RS3617RPxs,	2,	disk_smart_test_end,	,	0,	,	,	
info,	2025/06/04 00:01:04,	/dev/sdh,	ST4000NM0035-1V4107,	ZC1B50Q0,	RS3617RPxs,	8,	disk_smart_test_end,	,	0,	,	,	
info,	2025/06/04 00:01:04,	/dev/sdd,	ST4000NM0035-1V4107,	ZC13E3RC,	RS3617RPxs,	4,	disk_smart_test_end,	,	0,	,	,	
info,	2025/06/04 00:01:04,	/dev/sdj,	ST4000NM0035-1V4107,	ZC1BVAJH,	RS3617RPxs,	10,	disk_smart_test_end,	,	0,	,	,	
info,	2025/06/04 00:01:04,	/dev/sdma,	ST4000NM0035-1V4107,	ZC129286,	RX1217rp-1,	1,	disk_smart_test_end,	,	0,	,	,	
info,	2025/06/04 00:01:04,	/dev/sdl,	ST4000NM0035-1V4107,	ZC184H3P,	RS3617RPxs,	12,	disk_smart_test_end,	,	0,	,	,	
info,	2025/06/04 00:01:04,	/dev/sda,	ST4000NM0115-1YZ107,	ZC124E4Y,	RS3617RPxs,	1,	disk_smart_test_end,	,	0,	,	,	
info,	2025/06/04 00:01:03,	/dev/sdi,	ST4000NM0035-1V4107,	ZC1BVKQ6,	RS3617RPxs,	9,	disk_smart_test_end,	,	0,	,	,	
info,	2025/06/04 00:01:03,	/dev/sdc,	ST4000NM0035-1V4107,	ZC12PNH9,	RS3617RPxs,	3,	disk_smart_test_end,	,	0,	,	,	
info,	2025/06/04 00:00:13,	/dev/sdsc,	HAT5300-4T,	2420U6RA0A06TFW1H,	RX1217rp-2,	9,	disk_smart_test_start,	,	0,	,	,	
info,	2025/06/04 00:00:13,	/dev/sdta,	HAT5300-4T,	2420U6RA0A189FW1H,	RX1217rp-2,	10,	disk_smart_test_start,	,	0,	,	,	
info,	2025/06/04 00:00:13,	/dev/sdtb,	HAT5300-4T,	2420U6RA0A061FW1H,	RX1217rp-2,	11,	disk_smart_test_start,	,	0,	,	,	
info,	2025/06/04 00:00:13,	/dev/sdtc,	HAT5300-4T,	2420U6RA0A068FW1H,	RX1217rp-2,	12,	disk_smart_test_start,	,	0,	,	,	
info,	2025/06/04 00:00:12,	/dev/sdqc,	HAT5300-4T,	2420U6RA0A0D4FW1H,	RX1217rp-2,	3,	disk_smart_test_start,	,	0,	,	,	
info,	2025/06/04 00:00:12,	/dev/sdra,	HAT5300-4T,	2420U6RA0A0CSFW1H,	RX1217rp-2,	4,	disk_smart_test_start,	,	0,	,	,	
info,	2025/06/04 00:00:12,	/dev/sdrb,	HAT5300-4T,	2420U6RA0A0BEFW1H,	RX1217rp-2,	5,	disk_smart_test_start,	,	0,	,	,	
info,	2025/06/04 00:00:12,	/dev/sdrc,	HAT5300-4T,	2420U6RA0A0GAFW1H,	RX1217rp-2,	6,	disk_smart_test_start,	,	0,	,	,	
info,	2025/06/04 00:00:12,	/dev/sdsa,	HAT5300-4T,	2420U6RA0A069FW1H,	RX1217rp-2,	7,	disk_smart_test_start,	,	0,	,	,	
info,	2025/06/04 00:00:12,	/dev/sdsb,	HAT5300-4T,	2420U6RA0A0BGFW1H,	RX1217rp-2,	8,	disk_smart_test_start,	,	0,	,	,	
info,	2025/06/04 00:00:11,	/dev/sdpc,	ST4000NM002A,	WS23LDC0,	RX1217rp-1,	12,	disk_smart_test_start,	,	0,	,	,	
info,	2025/06/04 00:00:11,	/dev/sdqa,	HAT5300-4T,	2420U6RA0A0CCFW1H,	RX1217rp-2,	1,	disk_smart_test_start,	,	0,	,	,	
info,	2025/06/04 00:00:11,	/dev/sdqb,	HAT5300-4T,	2420U6RA0A063FW1H,	RX1217rp-2,	2,	disk_smart_test_start,	,	0,	,	,	
info,	2025/06/04 00:00:10,	/dev/sdpb,	ST4000NM002A,	WS23LDK4,	RX1217rp-1,	11,	disk_smart_test_start,	,	0,	,	,	
info,	2025/06/04 00:00:09,	/dev/sdoc,	ST4000NM002A,	WS23LDJ2,	RX1217rp-1,	9,	disk_smart_test_start,	,	0,	,	,	
info,	2025/06/04 00:00:09,	/dev/sdpa,	ST4000NM002A,	WS23LD22,	RX1217rp-1,	10,	disk_smart_test_start,	,	0,	,	,	
info,	2025/06/04 00:00:08,	/dev/sdoa,	ST4000NM002A,	WS23LDF5,	RX1217rp-1,	7,	disk_smart_test_start,	,	0,	,	,	
info,	2025/06/04 00:00:08,	/dev/sdob,	ST4000NM002A,	WS23LD51,	RX1217rp-1,	8,	disk_smart_test_start,	,	0,	,	,	
info,	2025/06/04 00:00:07,	/dev/sdna,	ST4000NM0035-1V4107,	ZC124SEN,	RX1217rp-1,	4,	disk_smart_test_start,	,	0,	,	,	
info,	2025/06/04 00:00:07,	/dev/sdnb,	ST4000NM0035-1V4107,	ZC19PFSG,	RX1217rp-1,	5,	disk_smart_test_start,	,	0,	,	,	
info,	2025/06/04 00:00:07,	/dev/sdnc,	ST4000NM0035-1V4107,	ZC15VT6Z,	RX1217rp-1,	6,	disk_smart_test_start,	,	0,	,	,	
info,	2025/06/04 00:00:06,	/dev/sdmb,	ST4000NM0035-1V4107,	ZC11M9S0,	RX1217rp-1,	2,	disk_smart_test_start,	,	0,	,	,	
info,	2025/06/04 00:00:06,	/dev/sdmc,	ST4000NM0035-1V4107,	ZC11XPD8,	RX1217rp-1,	3,	disk_smart_test_start,	,	0,	,	,	
info,	2025/06/04 00:00:05,	/dev/sdj,	ST4000NM0035-1V4107,	ZC1BVAJH,	RS3617RPxs,	10,	disk_smart_test_start,	,	0,	,	,	
info,	2025/06/04 00:00:05,	/dev/sdk,	ST4000NM0035-1V4107,	ZC1BVTDZ,	RS3617RPxs,	11,	disk_smart_test_start,	,	0,	,	,	
info,	2025/06/04 00:00:05,	/dev/sdl,	ST4000NM0035-1V4107,	ZC184H3P,	RS3617RPxs,	12,	disk_smart_test_start,	,	0,	,	,	
info,	2025/06/04 00:00:05,	/dev/sdma,	ST4000NM0035-1V4107,	ZC129286,	RX1217rp-1,	1,	disk_smart_test_start,	,	0,	,	,	
info,	2025/06/04 00:00:04,	/dev/sdg,	ST4000NM0035-1V4107,	ZC1ASSRR,	RS3617RPxs,	7,	disk_smart_test_start,	,	0,	,	,	
info,	2025/06/04 00:00:04,	/dev/sdh,	ST4000NM0035-1V4107,	ZC1B50Q0,	RS3617RPxs,	8,	disk_smart_test_start,	,	0,	,	,	
info,	2025/06/04 00:00:04,	/dev/sdi,	ST4000NM0035-1V4107,	ZC1BVKQ6,	RS3617RPxs,	9,	disk_smart_test_start,	,	0,	,	,	
info,	2025/06/04 00:00:03,	/dev/sde,	ST4000NM002A,	WS23LD71,	RS3617RPxs,	5,	disk_smart_test_start,	,	0,	,	,	
info,	2025/06/04 00:00:03,	/dev/sdf,	ST4000NM0035-1V4107,	ZC17ZSKN,	RS3617RPxs,	6,	disk_smart_test_start,	,	0,	,	,	
info,	2025/06/04 00:00:02,	/dev/sdb,	ST4000NM0035-1V4107,	ZC1BAL3S,	RS3617RPxs,	2,	disk_smart_test_start,	,	0,	,	,	
info,	2025/06/04 00:00:02,	/dev/sdc,	ST4000NM0035-1V4107,	ZC12PNH9,	RS3617RPxs,	3,	disk_smart_test_start,	,	0,	,	,	
info,	2025/06/04 00:00:02,	/dev/sdd,	ST4000NM0035-1V4107,	ZC13E3RC,	RS3617RPxs,	4,	disk_smart_test_start,	,	0,	,	,	
info,	2025/06/04 00:00:01,	/dev/sda,	ST4000NM0115-1YZ107,	ZC124E4Y,	RS3617RPxs,	1,	disk_smart_test_start,	,	0,	,	,	
info,	2025/05/04 03:38:26,	/dev/sdpb,	ST4000NM002A,	WS23LDK4,	RX1217rp-1,	11,	disk_smart_test_end,	,	0,	,	,	
info,	2025/05/04 00:03:43,	/dev/sdoc,	ST4000NM002A,	WS23LDJ2,	RX1217rp-1,	9,	disk_smart_test_end,	,	0,	,	,	
info,	2025/05/04 00:02:19,	/dev/sdsc,	HAT5300-4T,	2420U6RA0A06TFW1H,	RX1217rp-2,	9,	disk_smart_test_end,	,	0,	,	,	
info,	2025/05/04 00:02:18,	/dev/sdsb,	HAT5300-4T,	2420U6RA0A0BGFW1H,	RX1217rp-2,	8,	disk_smart_test_end,	,	0,	,	,	
info,	2025/05/04 00:02:18,	/dev/sdtb,	HAT5300-4T,	2420U6RA0A061FW1H,	RX1217rp-2,	11,	disk_smart_test_end,	,	0,	,	,	
info,	2025/05/04 00:02:18,	/dev/sdta,	HAT5300-4T,	2420U6RA0A189FW1H,	RX1217rp-2,	10,	disk_smart_test_end,	,	0,	,	,	
info,	2025/05/04 00:02:18,	/dev/sdsa,	HAT5300-4T,	2420U6RA0A069FW1H,	RX1217rp-2,	7,	disk_smart_test_end,	,	0,	,	,	
info,	2025/05/04 00:02:17,	/dev/sdtc,	HAT5300-4T,	2420U6RA0A068FW1H,	RX1217rp-2,	12,	disk_smart_test_end,	,	0,	,	,	
info,	2025/05/04 00:02:10,	/dev/sdrc,	HAT5300-4T,	2420U6RA0A0GAFW1H,	RX1217rp-2,	6,	disk_smart_test_end,	,	0,	,	,	
info,	2025/05/04 00:02:10,	/dev/sdqb,	HAT5300-4T,	2420U6RA0A063FW1H,	RX1217rp-2,	2,	disk_smart_test_end,	,	0,	,	,	
info,	2025/05/04 00:02:10,	/dev/sdqa,	HAT5300-4T,	2420U6RA0A0CCFW1H,	RX1217rp-2,	1,	disk_smart_test_end,	,	0,	,	,	
info,	2025/05/04 00:02:10,	/dev/sdra,	HAT5300-4T,	2420U6RA0A0CSFW1H,	RX1217rp-2,	4,	disk_smart_test_end,	,	0,	,	,	
info,	2025/05/04 00:02:10,	/dev/sdqc,	HAT5300-4T,	2420U6RA0A0D4FW1H,	RX1217rp-2,	3,	disk_smart_test_end,	,	0,	,	,	
info,	2025/05/04 00:02:10,	/dev/sdrb,	HAT5300-4T,	2420U6RA0A0BEFW1H,	RX1217rp-2,	5,	disk_smart_test_end,	,	0,	,	,	
info,	2025/05/04 00:01:20,	/dev/sdoa,	ST4000NM002A,	WS23LDF5,	RX1217rp-1,	7,	disk_smart_test_end,	,	0,	,	,	
info,	2025/05/04 00:01:19,	/dev/sdpa,	ST4000NM002A,	WS23LD22,	RX1217rp-1,	10,	disk_smart_test_end,	,	0,	,	,	
info,	2025/05/04 00:01:19,	/dev/sdpc,	ST4000NM002A,	WS23LDC0,	RX1217rp-1,	12,	disk_smart_test_end,	,	0,	,	,	
info,	2025/05/04 00:01:19,	/dev/sdob,	ST4000NM002A,	WS23LD51,	RX1217rp-1,	8,	disk_smart_test_end,	,	0,	,	,	
info,	2025/05/04 00:01:18,	/dev/sdnb,	ST4000NM0035-1V4107,	ZC19PFSG,	RX1217rp-1,	5,	disk_smart_test_end,	,	0,	,	,	
info,	2025/05/04 00:01:18,	/dev/sdnc,	ST4000NM0035-1V4107,	ZC15VT6Z,	RX1217rp-1,	6,	disk_smart_test_end,	,	0,	,	,	
info,	2025/05/04 00:01:12,	/dev/sdj,	ST4000NM0035-1V4107,	ZC1BVAJH,	RS3617RPxs,	10,	disk_smart_test_end,	,	0,	,	,	
info,	2025/05/04 00:01:12,	/dev/sdb,	ST4000NM0035-1V4107,	ZC1BAL3S,	RS3617RPxs,	2,	disk_smart_test_end,	,	0,	,	,	
info,	2025/05/04 00:01:12,	/dev/sdl,	ST4000NM0035-1V4107,	ZC184H3P,	RS3617RPxs,	12,	disk_smart_test_end,	,	0,	,	,	
info,	2025/05/04 00:01:11,	/dev/sdf,	ST4000NM0035-1V4107,	ZC17ZSKN,	RS3617RPxs,	6,	disk_smart_test_end,	,	0,	,	,	
info,	2025/05/04 00:01:11,	/dev/sdmb,	ST4000NM0035-1V4107,	ZC11M9S0,	RX1217rp-1,	2,	disk_smart_test_end,	,	0,	,	,	
info,	2025/05/04 00:01:11,	/dev/sdmc,	ST4000NM0035-1V4107,	ZC11XPD8,	RX1217rp-1,	3,	disk_smart_test_end,	,	0,	,	,	
info,	2025/05/04 00:01:10,	/dev/sdi,	ST4000NM0035-1V4107,	ZC1BVKQ6,	RS3617RPxs,	9,	disk_smart_test_end,	,	0,	,	,	
info,	2025/05/04 00:01:10,	/dev/sdh,	ST4000NM0035-1V4107,	ZC1B50Q0,	RS3617RPxs,	8,	disk_smart_test_end,	,	0,	,	,	
info,	2025/05/04 00:01:10,	/dev/sdk,	ST4000NM0035-1V4107,	ZC1BVTDZ,	RS3617RPxs,	11,	disk_smart_test_end,	,	0,	,	,	
info,	2025/05/04 00:01:09,	/dev/sdma,	ST4000NM0035-1V4107,	ZC129286,	RX1217rp-1,	1,	disk_smart_test_end,	,	0,	,	,	
info,	2025/05/04 00:01:09,	/dev/sdd,	ST4000NM0035-1V4107,	ZC13E3RC,	RS3617RPxs,	4,	disk_smart_test_end,	,	0,	,	,	
info,	2025/05/04 00:01:09,	/dev/sde,	ST4000NM002A,	WS23LD71,	RS3617RPxs,	5,	disk_smart_test_end,	,	0,	,	,	
info,	2025/05/04 00:01:08,	/dev/sdc,	ST4000NM0035-1V4107,	ZC12PNH9,	RS3617RPxs,	3,	disk_smart_test_end,	,	0,	,	,	
info,	2025/05/04 00:01:08,	/dev/sdg,	ST4000NM0035-1V4107,	ZC1ASSRR,	RS3617RPxs,	7,	disk_smart_test_end,	,	0,	,	,	
info,	2025/05/04 00:01:08,	/dev/sdna,	ST4000NM0035-1V4107,	ZC124SEN,	RX1217rp-1,	4,	disk_smart_test_end,	,	0,	,	,	
info,	2025/05/04 00:01:01,	/dev/sda,	ST4000NM0115-1YZ107,	ZC124E4Y,	RS3617RPxs,	1,	disk_smart_test_end,	,	0,	,	,	
info,	2025/05/04 00:00:20,	/dev/sdsa,	HAT5300-4T,	2420U6RA0A069FW1H,	RX1217rp-2,	7,	disk_smart_test_start,	,	0,	,	,	
info,	2025/05/04 00:00:20,	/dev/sdsb,	HAT5300-4T,	2420U6RA0A0BGFW1H,	RX1217rp-2,	8,	disk_smart_test_start,	,	0,	,	,	
info,	2025/05/04 00:00:20,	/dev/sdsc,	HAT5300-4T,	2420U6RA0A06TFW1H,	RX1217rp-2,	9,	disk_smart_test_start,	,	0,	,	,	
info,	2025/05/04 00:00:20,	/dev/sdta,	HAT5300-4T,	2420U6RA0A189FW1H,	RX1217rp-2,	10,	disk_smart_test_start,	,	0,	,	,	
info,	2025/05/04 00:00:20,	/dev/sdtb,	HAT5300-4T,	2420U6RA0A061FW1H,	RX1217rp-2,	11,	disk_smart_test_start,	,	0,	,	,	
info,	2025/05/04 00:00:20,	/dev/sdtc,	HAT5300-4T,	2420U6RA0A068FW1H,	RX1217rp-2,	12,	disk_smart_test_start,	,	0,	,	,	
info,	2025/05/04 00:00:19,	/dev/sdqb,	HAT5300-4T,	2420U6RA0A063FW1H,	RX1217rp-2,	2,	disk_smart_test_start,	,	0,	,	,	
info,	2025/05/04 00:00:19,	/dev/sdqc,	HAT5300-4T,	2420U6RA0A0D4FW1H,	RX1217rp-2,	3,	disk_smart_test_start,	,	0,	,	,	
info,	2025/05/04 00:00:19,	/dev/sdra,	HAT5300-4T,	2420U6RA0A0CSFW1H,	RX1217rp-2,	4,	disk_smart_test_start,	,	0,	,	,	
info,	2025/05/04 00:00:19,	/dev/sdrb,	HAT5300-4T,	2420U6RA0A0BEFW1H,	RX1217rp-2,	5,	disk_smart_test_start,	,	0,	,	,	
info,	2025/05/04 00:00:19,	/dev/sdrc,	HAT5300-4T,	2420U6RA0A0GAFW1H,	RX1217rp-2,	6,	disk_smart_test_start,	,	0,	,	,	
info,	2025/05/04 00:00:18,	/dev/sdqa,	HAT5300-4T,	2420U6RA0A0CCFW1H,	RX1217rp-2,	1,	disk_smart_test_start,	,	0,	,	,	
info,	2025/05/04 00:00:17,	/dev/sdpc,	ST4000NM002A,	WS23LDC0,	RX1217rp-1,	12,	disk_smart_test_start,	,	0,	,	,	
info,	2025/05/04 00:00:14,	/dev/sdpb,	ST4000NM002A,	WS23LDK4,	RX1217rp-1,	11,	disk_smart_test_start,	,	0,	,	,	
info,	2025/05/04 00:00:13,	/dev/sdpa,	ST4000NM002A,	WS23LD22,	RX1217rp-1,	10,	disk_smart_test_start,	,	0,	,	,	
info,	2025/05/04 00:00:12,	/dev/sdoc,	ST4000NM002A,	WS23LDJ2,	RX1217rp-1,	9,	disk_smart_test_start,	,	0,	,	,	
info,	2025/05/04 00:00:11,	/dev/sdoa,	ST4000NM002A,	WS23LDF5,	RX1217rp-1,	7,	disk_smart_test_start,	,	0,	,	,	
info,	2025/05/04 00:00:11,	/dev/sdob,	ST4000NM002A,	WS23LD51,	RX1217rp-1,	8,	disk_smart_test_start,	,	0,	,	,	
info,	2025/05/04 00:00:10,	/dev/sdnb,	ST4000NM0035-1V4107,	ZC19PFSG,	RX1217rp-1,	5,	disk_smart_test_start,	,	0,	,	,	
info,	2025/05/04 00:00:10,	/dev/sdnc,	ST4000NM0035-1V4107,	ZC15VT6Z,	RX1217rp-1,	6,	disk_smart_test_start,	,	0,	,	,	
info,	2025/05/04 00:00:09,	/dev/sdmc,	ST4000NM0035-1V4107,	ZC11XPD8,	RX1217rp-1,	3,	disk_smart_test_start,	,	0,	,	,	
info,	2025/05/04 00:00:09,	/dev/sdna,	ST4000NM0035-1V4107,	ZC124SEN,	RX1217rp-1,	4,	disk_smart_test_start,	,	0,	,	,	
info,	2025/05/04 00:00:08,	/dev/sdmb,	ST4000NM0035-1V4107,	ZC11M9S0,	RX1217rp-1,	2,	disk_smart_test_start,	,	0,	,	,	
info,	2025/05/04 00:00:07,	/dev/sdl,	ST4000NM0035-1V4107,	ZC184H3P,	RS3617RPxs,	12,	disk_smart_test_start,	,	0,	,	,	
info,	2025/05/04 00:00:07,	/dev/sdma,	ST4000NM0035-1V4107,	ZC129286,	RX1217rp-1,	1,	disk_smart_test_start,	,	0,	,	,	
info,	2025/05/04 00:00:06,	/dev/sdi,	ST4000NM0035-1V4107,	ZC1BVKQ6,	RS3617RPxs,	9,	disk_smart_test_start,	,	0,	,	,	
info,	2025/05/04 00:00:06,	/dev/sdj,	ST4000NM0035-1V4107,	ZC1BVAJH,	RS3617RPxs,	10,	disk_smart_test_start,	,	0,	,	,	
info,	2025/05/04 00:00:06,	/dev/sdk,	ST4000NM0035-1V4107,	ZC1BVTDZ,	RS3617RPxs,	11,	disk_smart_test_start,	,	0,	,	,	
info,	2025/05/04 00:00:05,	/dev/sdg,	ST4000NM0035-1V4107,	ZC1ASSRR,	RS3617RPxs,	7,	disk_smart_test_start,	,	0,	,	,	
info,	2025/05/04 00:00:05,	/dev/sdh,	ST4000NM0035-1V4107,	ZC1B50Q0,	RS3617RPxs,	8,	disk_smart_test_start,	,	0,	,	,	
info,	2025/05/04 00:00:04,	/dev/sde,	ST4000NM002A,	WS23LD71,	RS3617RPxs,	5,	disk_smart_test_start,	,	0,	,	,	
info,	2025/05/04 00:00:04,	/dev/sdf,	ST4000NM0035-1V4107,	ZC17ZSKN,	RS3617RPxs,	6,	disk_smart_test_start,	,	0,	,	,	
info,	2025/05/04 00:00:03,	/dev/sdc,	ST4000NM0035-1V4107,	ZC12PNH9,	RS3617RPxs,	3,	disk_smart_test_start,	,	0,	,	,	
info,	2025/05/04 00:00:03,	/dev/sdd,	ST4000NM0035-1V4107,	ZC13E3RC,	RS3617RPxs,	4,	disk_smart_test_start,	,	0,	,	,	
info,	2025/05/04 00:00:02,	/dev/sdb,	ST4000NM0035-1V4107,	ZC1BAL3S,	RS3617RPxs,	2,	disk_smart_test_start,	,	0,	,	,	
info,	2025/05/04 00:00:01,	/dev/sda,	ST4000NM0115-1YZ107,	ZC124E4Y,	RS3617RPxs,	1,	disk_smart_test_start,	,	0,	,	,	
debug,	2025/04/29 12:51:01,	/dev/sde,	ST4000NM002A,	WS23LD71,	RS3617RPxs,	5,	disk_refresh,	,	0,	,	,	
info,	2025/04/29 12:51:01,	/dev/sde,	ST4000NM002A,	WS23LD71,	RS3617RPxs,	5,	plugin,	,	0,	,	,	
info,	2025/04/29 12:50:18,	/dev/sde,	ST4000NM002A,	WS23LD71,	RS3617RPxs,	5,	plugout,	,	0,	,	,	
debug,	2025/04/29 12:50:03,	/dev/sde,	ST4000NM002A,	WS23LD71,	RS3617RPxs,	5,	disk_refresh,	,	0,	,	,	
info,	2025/04/29 12:50:03,	/dev/sde,	ST4000NM002A,	WS23LD71,	RS3617RPxs,	5,	plugin,	,	0,	,	,	
info,	2025/04/29 12:45:13,	/dev/sde,	ST4000NM0035-1V4107,	ZC17TJHN,	RS3617RPxs,	5,	plugout,	,	0,	,	,	
info,	2025/04/29 12:44:05,	/dev/sde,	ST4000NM0035-1V4107,	ZC17TJHN,	RS3617RPxs,	5,	disk_deactivate,	,	0,	,	,	
debug,	2025/04/29 12:44:03,	/dev/sde,	ST4000NM0035-1V4107,	ZC17TJHN,	RS3617RPxs,	5,	disk_raid_faulty,	,	4,	data,	,	
debug,	2025/04/29 12:44:03,	/dev/sde,	ST4000NM0035-1V4107,	ZC17TJHN,	RS3617RPxs,	5,	disk_raid_faulty,	,	2,	system,	,	
debug,	2025/04/29 12:44:02,	/dev/sde,	ST4000NM0035-1V4107,	ZC17TJHN,	RS3617RPxs,	5,	disk_raid_faulty,	,	2,	system,	,	
info,	2025/04/04 00:02:05,	/dev/sdra,	HAT5300-4T,	2420U6RA0A0CSFW1H,	RX1217rp-2,	4,	disk_smart_test_end,	,	0,	,	,	
info,	2025/04/04 00:02:05,	/dev/sdqc,	HAT5300-4T,	2420U6RA0A0D4FW1H,	RX1217rp-2,	3,	disk_smart_test_end,	,	0,	,	,	
info,	2025/04/04 00:02:05,	/dev/sdrb,	HAT5300-4T,	2420U6RA0A0BEFW1H,	RX1217rp-2,	5,	disk_smart_test_end,	,	0,	,	,	
info,	2025/04/04 00:02:05,	/dev/sdta,	HAT5300-4T,	2420U6RA0A189FW1H,	RX1217rp-2,	10,	disk_smart_test_end,	,	0,	,	,	
info,	2025/04/04 00:02:05,	/dev/sdsc,	HAT5300-4T,	2420U6RA0A06TFW1H,	RX1217rp-2,	9,	disk_smart_test_end,	,	0,	,	,	
info,	2025/04/04 00:02:04,	/dev/sdrc,	HAT5300-4T,	2420U6RA0A0GAFW1H,	RX1217rp-2,	6,	disk_smart_test_end,	,	0,	,	,	
info,	2025/04/04 00:02:04,	/dev/sdqa,	HAT5300-4T,	2420U6RA0A0CCFW1H,	RX1217rp-2,	1,	disk_smart_test_end,	,	0,	,	,	
info,	2025/04/04 00:02:04,	/dev/sdsa,	HAT5300-4T,	2420U6RA0A069FW1H,	RX1217rp-2,	7,	disk_smart_test_end,	,	0,	,	,	
info,	2025/04/04 00:02:04,	/dev/sdsb,	HAT5300-4T,	2420U6RA0A0BGFW1H,	RX1217rp-2,	8,	disk_smart_test_end,	,	0,	,	,	
info,	2025/04/04 00:02:04,	/dev/sdtc,	HAT5300-4T,	2420U6RA0A068FW1H,	RX1217rp-2,	12,	disk_smart_test_end,	,	0,	,	,	
info,	2025/04/04 00:02:04,	/dev/sdtb,	HAT5300-4T,	2420U6RA0A061FW1H,	RX1217rp-2,	11,	disk_smart_test_end,	,	0,	,	,	
info,	2025/04/04 00:02:04,	/dev/sdqb,	HAT5300-4T,	2420U6RA0A063FW1H,	RX1217rp-2,	2,	disk_smart_test_end,	,	0,	,	,	
info,	2025/04/04 00:01:12,	/dev/sdpb,	ST4000NM002A,	WS23LDK4,	RX1217rp-1,	11,	disk_smart_test_end,	,	0,	,	,	
info,	2025/04/04 00:01:12,	/dev/sdoa,	ST4000NM002A,	WS23LDF5,	RX1217rp-1,	7,	disk_smart_test_end,	,	0,	,	,	
info,	2025/04/04 00:01:12,	/dev/sdpa,	ST4000NM002A,	WS23LD22,	RX1217rp-1,	10,	disk_smart_test_end,	,	0,	,	,	
info,	2025/04/04 00:01:12,	/dev/sdoc,	ST4000NM002A,	WS23LDJ2,	RX1217rp-1,	9,	disk_smart_test_end,	,	0,	,	,	
info,	2025/04/04 00:01:11,	/dev/sdnb,	ST4000NM0035-1V4107,	ZC19PFSG,	RX1217rp-1,	5,	disk_smart_test_end,	,	0,	,	,	
info,	2025/04/04 00:01:11,	/dev/sdnc,	ST4000NM0035-1V4107,	ZC15VT6Z,	RX1217rp-1,	6,	disk_smart_test_end,	,	0,	,	,	
info,	2025/04/04 00:01:11,	/dev/sdmc,	ST4000NM0035-1V4107,	ZC11XPD8,	RX1217rp-1,	3,	disk_smart_test_end,	,	0,	,	,	
info,	2025/04/04 00:01:11,	/dev/sdna,	ST4000NM0035-1V4107,	ZC124SEN,	RX1217rp-1,	4,	disk_smart_test_end,	,	0,	,	,	
info,	2025/04/04 00:01:11,	/dev/sdmb,	ST4000NM0035-1V4107,	ZC11M9S0,	RX1217rp-1,	2,	disk_smart_test_end,	,	0,	,	,	
info,	2025/04/04 00:01:11,	/dev/sdob,	ST4000NM002A,	WS23LD51,	RX1217rp-1,	8,	disk_smart_test_end,	,	0,	,	,	
info,	2025/04/04 00:01:11,	/dev/sdpc,	ST4000NM002A,	WS23LDC0,	RX1217rp-1,	12,	disk_smart_test_end,	,	0,	,	,	
info,	2025/04/04 00:01:05,	/dev/sdi,	ST4000NM0035-1V4107,	ZC1BVKQ6,	RS3617RPxs,	9,	disk_smart_test_end,	,	0,	,	,	
info,	2025/04/04 00:01:05,	/dev/sdh,	ST4000NM0035-1V4107,	ZC1B50Q0,	RS3617RPxs,	8,	disk_smart_test_end,	,	0,	,	,	
info,	2025/04/04 00:01:05,	/dev/sdk,	ST4000NM0035-1V4107,	ZC1BVTDZ,	RS3617RPxs,	11,	disk_smart_test_end,	,	0,	,	,	
info,	2025/04/04 00:01:05,	/dev/sda,	ST4000NM0115-1YZ107,	ZC124E4Y,	RS3617RPxs,	1,	disk_smart_test_end,	,	0,	,	,	
info,	2025/04/04 00:01:04,	/dev/sdb,	ST4000NM0035-1V4107,	ZC1BAL3S,	RS3617RPxs,	2,	disk_smart_test_end,	,	0,	,	,	
info,	2025/04/04 00:01:04,	/dev/sdj,	ST4000NM0035-1V4107,	ZC1BVAJH,	RS3617RPxs,	10,	disk_smart_test_end,	,	0,	,	,	
info,	2025/04/04 00:01:04,	/dev/sdma,	ST4000NM0035-1V4107,	ZC129286,	RX1217rp-1,	1,	disk_smart_test_end,	,	0,	,	,	
info,	2025/04/04 00:01:04,	/dev/sde,	ST4000NM0035-1V4107,	ZC17TJHN,	RS3617RPxs,	5,	disk_smart_test_end,	,	0,	,	,	
info,	2025/04/04 00:01:04,	/dev/sdl,	ST4000NM0035-1V4107,	ZC184H3P,	RS3617RPxs,	12,	disk_smart_test_end,	,	0,	,	,	
info,	2025/04/04 00:01:04,	/dev/sdc,	ST4000NM0035-1V4107,	ZC12PNH9,	RS3617RPxs,	3,	disk_smart_test_end,	,	0,	,	,	
info,	2025/04/04 00:01:03,	/dev/sdf,	ST4000NM0035-1V4107,	ZC17ZSKN,	RS3617RPxs,	6,	disk_smart_test_end,	,	0,	,	,	
info,	2025/04/04 00:01:03,	/dev/sdd,	ST4000NM0035-1V4107,	ZC13E3RC,	RS3617RPxs,	4,	disk_smart_test_end,	,	0,	,	,	
info,	2025/04/04 00:01:03,	/dev/sdg,	ST4000NM0035-1V4107,	ZC1ASSRR,	RS3617RPxs,	7,	disk_smart_test_end,	,	0,	,	,	
info,	2025/04/04 00:00:12,	/dev/sdsb,	HAT5300-4T,	2420U6RA0A0BGFW1H,	RX1217rp-2,	8,	disk_smart_test_start,	,	0,	,	,	
info,	2025/04/04 00:00:12,	/dev/sdsc,	HAT5300-4T,	2420U6RA0A06TFW1H,	RX1217rp-2,	9,	disk_smart_test_start,	,	0,	,	,	
info,	2025/04/04 00:00:12,	/dev/sdta,	HAT5300-4T,	2420U6RA0A189FW1H,	RX1217rp-2,	10,	disk_smart_test_start,	,	0,	,	,	
info,	2025/04/04 00:00:12,	/dev/sdtb,	HAT5300-4T,	2420U6RA0A061FW1H,	RX1217rp-2,	11,	disk_smart_test_start,	,	0,	,	,	
info,	2025/04/04 00:00:12,	/dev/sdtc,	HAT5300-4T,	2420U6RA0A068FW1H,	RX1217rp-2,	12,	disk_smart_test_start,	,	0,	,	,	
info,	2025/04/04 00:00:11,	/dev/sdra,	HAT5300-4T,	2420U6RA0A0CSFW1H,	RX1217rp-2,	4,	disk_smart_test_start,	,	0,	,	,	
info,	2025/04/04 00:00:11,	/dev/sdrb,	HAT5300-4T,	2420U6RA0A0BEFW1H,	RX1217rp-2,	5,	disk_smart_test_start,	,	0,	,	,	
info,	2025/04/04 00:00:11,	/dev/sdrc,	HAT5300-4T,	2420U6RA0A0GAFW1H,	RX1217rp-2,	6,	disk_smart_test_start,	,	0,	,	,	
info,	2025/04/04 00:00:11,	/dev/sdsa,	HAT5300-4T,	2420U6RA0A069FW1H,	RX1217rp-2,	7,	disk_smart_test_start,	,	0,	,	,	
info,	2025/04/04 00:00:10,	/dev/sdpc,	ST4000NM002A,	WS23LDC0,	RX1217rp-1,	12,	disk_smart_test_start,	,	0,	,	,	
info,	2025/04/04 00:00:10,	/dev/sdqa,	HAT5300-4T,	2420U6RA0A0CCFW1H,	RX1217rp-2,	1,	disk_smart_test_start,	,	0,	,	,	
info,	2025/04/04 00:00:10,	/dev/sdqb,	HAT5300-4T,	2420U6RA0A063FW1H,	RX1217rp-2,	2,	disk_smart_test_start,	,	0,	,	,	
info,	2025/04/04 00:00:10,	/dev/sdqc,	HAT5300-4T,	2420U6RA0A0D4FW1H,	RX1217rp-2,	3,	disk_smart_test_start,	,	0,	,	,	
info,	2025/04/04 00:00:09,	/dev/sdpa,	ST4000NM002A,	WS23LD22,	RX1217rp-1,	10,	disk_smart_test_start,	,	0,	,	,	
info,	2025/04/04 00:00:09,	/dev/sdpb,	ST4000NM002A,	WS23LDK4,	RX1217rp-1,	11,	disk_smart_test_start,	,	0,	,	,	
info,	2025/04/04 00:00:08,	/dev/sdob,	ST4000NM002A,	WS23LD51,	RX1217rp-1,	8,	disk_smart_test_start,	,	0,	,	,	
info,	2025/04/04 00:00:08,	/dev/sdoc,	ST4000NM002A,	WS23LDJ2,	RX1217rp-1,	9,	disk_smart_test_start,	,	0,	,	,	
info,	2025/04/04 00:00:07,	/dev/sdnb,	ST4000NM0035-1V4107,	ZC19PFSG,	RX1217rp-1,	5,	disk_smart_test_start,	,	0,	,	,	
info,	2025/04/04 00:00:07,	/dev/sdnc,	ST4000NM0035-1V4107,	ZC15VT6Z,	RX1217rp-1,	6,	disk_smart_test_start,	,	0,	,	,	
info,	2025/04/04 00:00:07,	/dev/sdoa,	ST4000NM002A,	WS23LDF5,	RX1217rp-1,	7,	disk_smart_test_start,	,	0,	,	,	
info,	2025/04/04 00:00:06,	/dev/sdmc,	ST4000NM0035-1V4107,	ZC11XPD8,	RX1217rp-1,	3,	disk_smart_test_start,	,	0,	,	,	
info,	2025/04/04 00:00:06,	/dev/sdna,	ST4000NM0035-1V4107,	ZC124SEN,	RX1217rp-1,	4,	disk_smart_test_start,	,	0,	,	,	
info,	2025/04/04 00:00:05,	/dev/sdmb,	ST4000NM0035-1V4107,	ZC11M9S0,	RX1217rp-1,	2,	disk_smart_test_start,	,	0,	,	,	
info,	2025/04/04 00:00:05,	/dev/sdma,	ST4000NM0035-1V4107,	ZC129286,	RX1217rp-1,	1,	disk_smart_test_start,	,	0,	,	,	
info,	2025/04/04 00:00:05,	/dev/sdl,	ST4000NM0035-1V4107,	ZC184H3P,	RS3617RPxs,	12,	disk_smart_test_start,	,	0,	,	,	
info,	2025/04/04 00:00:04,	/dev/sdi,	ST4000NM0035-1V4107,	ZC1BVKQ6,	RS3617RPxs,	9,	disk_smart_test_start,	,	0,	,	,	
info,	2025/04/04 00:00:04,	/dev/sdk,	ST4000NM0035-1V4107,	ZC1BVTDZ,	RS3617RPxs,	11,	disk_smart_test_start,	,	0,	,	,	
info,	2025/04/04 00:00:04,	/dev/sdj,	ST4000NM0035-1V4107,	ZC1BVAJH,	RS3617RPxs,	10,	disk_smart_test_start,	,	0,	,	,	
info,	2025/04/04 00:00:03,	/dev/sde,	ST4000NM0035-1V4107,	ZC17TJHN,	RS3617RPxs,	5,	disk_smart_test_start,	,	0,	,	,	
info,	2025/04/04 00:00:03,	/dev/sdf,	ST4000NM0035-1V4107,	ZC17ZSKN,	RS3617RPxs,	6,	disk_smart_test_start,	,	0,	,	,	
info,	2025/04/04 00:00:03,	/dev/sdg,	ST4000NM0035-1V4107,	ZC1ASSRR,	RS3617RPxs,	7,	disk_smart_test_start,	,	0,	,	,	
info,	2025/04/04 00:00:03,	/dev/sdh,	ST4000NM0035-1V4107,	ZC1B50Q0,	RS3617RPxs,	8,	disk_smart_test_start,	,	0,	,	,	
info,	2025/04/04 00:00:02,	/dev/sdc,	ST4000NM0035-1V4107,	ZC12PNH9,	RS3617RPxs,	3,	disk_smart_test_start,	,	0,	,	,	
info,	2025/04/04 00:00:02,	/dev/sdd,	ST4000NM0035-1V4107,	ZC13E3RC,	RS3617RPxs,	4,	disk_smart_test_start,	,	0,	,	,	
info,	2025/04/04 00:00:01,	/dev/sda,	ST4000NM0115-1YZ107,	ZC124E4Y,	RS3617RPxs,	1,	disk_smart_test_start,	,	0,	,	,	
info,	2025/04/04 00:00:01,	/dev/sdb,	ST4000NM0035-1V4107,	ZC1BAL3S,	RS3617RPxs,	2,	disk_smart_test_start,	,	0,	,	,	
info,	2025/03/04 08:42:39,	/dev/sdpb,	ST4000NM002A,	WS23LDK4,	RX1217rp-1,	11,	disk_smart_test_end,	,	0,	,	,	
info,	2025/03/04 00:40:18,	/dev/sdoc,	ST4000NM002A,	WS23LDJ2,	RX1217rp-1,	9,	disk_smart_test_end,	,	0,	,	,	
info,	2025/03/04 00:02:15,	/dev/sdtc,	HAT5300-4T,	2420U6RA0A068FW1H,	RX1217rp-2,	12,	disk_smart_test_end,	,	0,	,	,	
info,	2025/03/04 00:02:14,	/dev/sdrb,	HAT5300-4T,	2420U6RA0A0BEFW1H,	RX1217rp-2,	5,	disk_smart_test_end,	,	0,	,	,	
info,	2025/03/04 00:02:14,	/dev/sdsc,	HAT5300-4T,	2420U6RA0A06TFW1H,	RX1217rp-2,	9,	disk_smart_test_end,	,	0,	,	,	
info,	2025/03/04 00:02:14,	/dev/sdqb,	HAT5300-4T,	2420U6RA0A063FW1H,	RX1217rp-2,	2,	disk_smart_test_end,	,	0,	,	,	
info,	2025/03/04 00:02:14,	/dev/sdtb,	HAT5300-4T,	2420U6RA0A061FW1H,	RX1217rp-2,	11,	disk_smart_test_end,	,	0,	,	,	
info,	2025/03/04 00:02:14,	/dev/sdsa,	HAT5300-4T,	2420U6RA0A069FW1H,	RX1217rp-2,	7,	disk_smart_test_end,	,	0,	,	,	
info,	2025/03/04 00:02:14,	/dev/sdqc,	HAT5300-4T,	2420U6RA0A0D4FW1H,	RX1217rp-2,	3,	disk_smart_test_end,	,	0,	,	,	
info,	2025/03/04 00:02:13,	/dev/sdra,	HAT5300-4T,	2420U6RA0A0CSFW1H,	RX1217rp-2,	4,	disk_smart_test_end,	,	0,	,	,	
info,	2025/03/04 00:02:13,	/dev/sdqa,	HAT5300-4T,	2420U6RA0A0CCFW1H,	RX1217rp-2,	1,	disk_smart_test_end,	,	0,	,	,	
info,	2025/03/04 00:02:13,	/dev/sdta,	HAT5300-4T,	2420U6RA0A189FW1H,	RX1217rp-2,	10,	disk_smart_test_end,	,	0,	,	,	
info,	2025/03/04 00:02:13,	/dev/sdrc,	HAT5300-4T,	2420U6RA0A0GAFW1H,	RX1217rp-2,	6,	disk_smart_test_end,	,	0,	,	,	
info,	2025/03/04 00:02:13,	/dev/sdsb,	HAT5300-4T,	2420U6RA0A0BGFW1H,	RX1217rp-2,	8,	disk_smart_test_end,	,	0,	,	,	
info,	2025/03/04 00:01:19,	/dev/sdpc,	ST4000NM002A,	WS23LDC0,	RX1217rp-1,	12,	disk_smart_test_end,	,	0,	,	,	
info,	2025/03/04 00:01:13,	/dev/sdnb,	ST4000NM0035-1V4107,	ZC19PFSG,	RX1217rp-1,	5,	disk_smart_test_end,	,	0,	,	,	
info,	2025/03/04 00:01:13,	/dev/sdmc,	ST4000NM0035-1V4107,	ZC11XPD8,	RX1217rp-1,	3,	disk_smart_test_end,	,	0,	,	,	
info,	2025/03/04 00:01:13,	/dev/sdoa,	ST4000NM002A,	WS23LDF5,	RX1217rp-1,	7,	disk_smart_test_end,	,	0,	,	,	
info,	2025/03/04 00:01:13,	/dev/sdob,	ST4000NM002A,	WS23LD51,	RX1217rp-1,	8,	disk_smart_test_end,	,	0,	,	,	
info,	2025/03/04 00:01:13,	/dev/sdpa,	ST4000NM002A,	WS23LD22,	RX1217rp-1,	10,	disk_smart_test_end,	,	0,	,	,	
info,	2025/03/04 00:01:12,	/dev/sdnc,	ST4000NM0035-1V4107,	ZC15VT6Z,	RX1217rp-1,	6,	disk_smart_test_end,	,	0,	,	,	
info,	2025/03/04 00:01:12,	/dev/sdna,	ST4000NM0035-1V4107,	ZC124SEN,	RX1217rp-1,	4,	disk_smart_test_end,	,	0,	,	,	
info,	2025/03/04 00:01:07,	/dev/sdf,	ST4000NM0035-1V4107,	ZC17ZSKN,	RS3617RPxs,	6,	disk_smart_test_end,	,	0,	,	,	
info,	2025/03/04 00:01:06,	/dev/sdc,	ST4000NM0035-1V4107,	ZC12PNH9,	RS3617RPxs,	3,	disk_smart_test_end,	,	0,	,	,	
info,	2025/03/04 00:01:06,	/dev/sdg,	ST4000NM0035-1V4107,	ZC1ASSRR,	RS3617RPxs,	7,	disk_smart_test_end,	,	0,	,	,	
info,	2025/03/04 00:01:06,	/dev/sde,	ST4000NM0035-1V4107,	ZC17TJHN,	RS3617RPxs,	5,	disk_smart_test_end,	,	0,	,	,	
info,	2025/03/04 00:01:06,	/dev/sdmb,	ST4000NM0035-1V4107,	ZC11M9S0,	RX1217rp-1,	2,	disk_smart_test_end,	,	0,	,	,	
info,	2025/03/04 00:01:06,	/dev/sdh,	ST4000NM0035-1V4107,	ZC1B50Q0,	RS3617RPxs,	8,	disk_smart_test_end,	,	0,	,	,	
info,	2025/03/04 00:01:06,	/dev/sdj,	ST4000NM0035-1V4107,	ZC1BVAJH,	RS3617RPxs,	10,	disk_smart_test_end,	,	0,	,	,	
info,	2025/03/04 00:01:05,	/dev/sda,	ST4000NM0115-1YZ107,	ZC124E4Y,	RS3617RPxs,	1,	disk_smart_test_end,	,	0,	,	,	
info,	2025/03/04 00:01:05,	/dev/sdma,	ST4000NM0035-1V4107,	ZC129286,	RX1217rp-1,	1,	disk_smart_test_end,	,	0,	,	,	
info,	2025/03/04 00:01:05,	/dev/sdi,	ST4000NM0035-1V4107,	ZC1BVKQ6,	RS3617RPxs,	9,	disk_smart_test_end,	,	0,	,	,	
info,	2025/03/04 00:01:05,	/dev/sdb,	ST4000NM0035-1V4107,	ZC1BAL3S,	RS3617RPxs,	2,	disk_smart_test_end,	,	0,	,	,	
info,	2025/03/04 00:01:05,	/dev/sdl,	ST4000NM0035-1V4107,	ZC184H3P,	RS3617RPxs,	12,	disk_smart_test_end,	,	0,	,	,	
info,	2025/03/04 00:01:04,	/dev/sdd,	ST4000NM0035-1V4107,	ZC13E3RC,	RS3617RPxs,	4,	disk_smart_test_end,	,	0,	,	,	
info,	2025/03/04 00:01:04,	/dev/sdk,	ST4000NM0035-1V4107,	ZC1BVTDZ,	RS3617RPxs,	11,	disk_smart_test_end,	,	0,	,	,	
info,	2025/03/04 00:00:20,	/dev/sdtc,	HAT5300-4T,	2420U6RA0A068FW1H,	RX1217rp-2,	12,	disk_smart_test_start,	,	0,	,	,	
info,	2025/03/04 00:00:19,	/dev/sdsa,	HAT5300-4T,	2420U6RA0A069FW1H,	RX1217rp-2,	7,	disk_smart_test_start,	,	0,	,	,	
info,	2025/03/04 00:00:19,	/dev/sdsb,	HAT5300-4T,	2420U6RA0A0BGFW1H,	RX1217rp-2,	8,	disk_smart_test_start,	,	0,	,	,	
info,	2025/03/04 00:00:19,	/dev/sdsc,	HAT5300-4T,	2420U6RA0A06TFW1H,	RX1217rp-2,	9,	disk_smart_test_start,	,	0,	,	,	
info,	2025/03/04 00:00:19,	/dev/sdta,	HAT5300-4T,	2420U6RA0A189FW1H,	RX1217rp-2,	10,	disk_smart_test_start,	,	0,	,	,	
info,	2025/03/04 00:00:19,	/dev/sdtb,	HAT5300-4T,	2420U6RA0A061FW1H,	RX1217rp-2,	11,	disk_smart_test_start,	,	0,	,	,	
info,	2025/03/04 00:00:18,	/dev/sdqa,	HAT5300-4T,	2420U6RA0A0CCFW1H,	RX1217rp-2,	1,	disk_smart_test_start,	,	0,	,	,	
info,	2025/03/04 00:00:18,	/dev/sdqb,	HAT5300-4T,	2420U6RA0A063FW1H,	RX1217rp-2,	2,	disk_smart_test_start,	,	0,	,	,	
info,	2025/03/04 00:00:18,	/dev/sdqc,	HAT5300-4T,	2420U6RA0A0D4FW1H,	RX1217rp-2,	3,	disk_smart_test_start,	,	0,	,	,	
info,	2025/03/04 00:00:18,	/dev/sdra,	HAT5300-4T,	2420U6RA0A0CSFW1H,	RX1217rp-2,	4,	disk_smart_test_start,	,	0,	,	,	
info,	2025/03/04 00:00:18,	/dev/sdrb,	HAT5300-4T,	2420U6RA0A0BEFW1H,	RX1217rp-2,	5,	disk_smart_test_start,	,	0,	,	,	
info,	2025/03/04 00:00:18,	/dev/sdrc,	HAT5300-4T,	2420U6RA0A0GAFW1H,	RX1217rp-2,	6,	disk_smart_test_start,	,	0,	,	,	
info,	2025/03/04 00:00:16,	/dev/sdpc,	ST4000NM002A,	WS23LDC0,	RX1217rp-1,	12,	disk_smart_test_start,	,	0,	,	,	
info,	2025/03/04 00:00:15,	/dev/sdpb,	ST4000NM002A,	WS23LDK4,	RX1217rp-1,	11,	disk_smart_test_start,	,	0,	,	,	
info,	2025/03/04 00:00:14,	/dev/sdpa,	ST4000NM002A,	WS23LD22,	RX1217rp-1,	10,	disk_smart_test_start,	,	0,	,	,	
info,	2025/03/04 00:00:12,	/dev/sdoc,	ST4000NM002A,	WS23LDJ2,	RX1217rp-1,	9,	disk_smart_test_start,	,	0,	,	,	
info,	2025/03/04 00:00:09,	/dev/sdoa,	ST4000NM002A,	WS23LDF5,	RX1217rp-1,	7,	disk_smart_test_start,	,	0,	,	,	
info,	2025/03/04 00:00:09,	/dev/sdob,	ST4000NM002A,	WS23LD51,	RX1217rp-1,	8,	disk_smart_test_start,	,	0,	,	,	
info,	2025/03/04 00:00:08,	/dev/sdnc,	ST4000NM0035-1V4107,	ZC15VT6Z,	RX1217rp-1,	6,	disk_smart_test_start,	,	0,	,	,	
info,	2025/03/04 00:00:07,	/dev/sdna,	ST4000NM0035-1V4107,	ZC124SEN,	RX1217rp-1,	4,	disk_smart_test_start,	,	0,	,	,	
info,	2025/03/04 00:00:07,	/dev/sdnb,	ST4000NM0035-1V4107,	ZC19PFSG,	RX1217rp-1,	5,	disk_smart_test_start,	,	0,	,	,	
info,	2025/03/04 00:00:06,	/dev/sdmb,	ST4000NM0035-1V4107,	ZC11M9S0,	RX1217rp-1,	2,	disk_smart_test_start,	,	0,	,	,	
info,	2025/03/04 00:00:06,	/dev/sdmc,	ST4000NM0035-1V4107,	ZC11XPD8,	RX1217rp-1,	3,	disk_smart_test_start,	,	0,	,	,	
info,	2025/03/04 00:00:05,	/dev/sdk,	ST4000NM0035-1V4107,	ZC1BVTDZ,	RS3617RPxs,	11,	disk_smart_test_start,	,	0,	,	,	
info,	2025/03/04 00:00:05,	/dev/sdl,	ST4000NM0035-1V4107,	ZC184H3P,	RS3617RPxs,	12,	disk_smart_test_start,	,	0,	,	,	
info,	2025/03/04 00:00:05,	/dev/sdma,	ST4000NM0035-1V4107,	ZC129286,	RX1217rp-1,	1,	disk_smart_test_start,	,	0,	,	,	
info,	2025/03/04 00:00:04,	/dev/sdg,	ST4000NM0035-1V4107,	ZC1ASSRR,	RS3617RPxs,	7,	disk_smart_test_start,	,	0,	,	,	
info,	2025/03/04 00:00:04,	/dev/sdh,	ST4000NM0035-1V4107,	ZC1B50Q0,	RS3617RPxs,	8,	disk_smart_test_start,	,	0,	,	,	
info,	2025/03/04 00:00:04,	/dev/sdi,	ST4000NM0035-1V4107,	ZC1BVKQ6,	RS3617RPxs,	9,	disk_smart_test_start,	,	0,	,	,	
info,	2025/03/04 00:00:04,	/dev/sdj,	ST4000NM0035-1V4107,	ZC1BVAJH,	RS3617RPxs,	10,	disk_smart_test_start,	,	0,	,	,	
info,	2025/03/04 00:00:03,	/dev/sdd,	ST4000NM0035-1V4107,	ZC13E3RC,	RS3617RPxs,	4,	disk_smart_test_start,	,	0,	,	,	
info,	2025/03/04 00:00:03,	/dev/sde,	ST4000NM0035-1V4107,	ZC17TJHN,	RS3617RPxs,	5,	disk_smart_test_start,	,	0,	,	,	
info,	2025/03/04 00:00:03,	/dev/sdf,	ST4000NM0035-1V4107,	ZC17ZSKN,	RS3617RPxs,	6,	disk_smart_test_start,	,	0,	,	,	
info,	2025/03/04 00:00:02,	/dev/sdb,	ST4000NM0035-1V4107,	ZC1BAL3S,	RS3617RPxs,	2,	disk_smart_test_start,	,	0,	,	,	
info,	2025/03/04 00:00:02,	/dev/sdc,	ST4000NM0035-1V4107,	ZC12PNH9,	RS3617RPxs,	3,	disk_smart_test_start,	,	0,	,	,	
info,	2025/03/04 00:00:01,	/dev/sda,	ST4000NM0115-1YZ107,	ZC124E4Y,	RS3617RPxs,	1,	disk_smart_test_start,	,	0,	,	,	
info,	2025/02/13 08:45:46,	/dev/sde,	ST4000NM0035-1V4107,	ZC17TJHN,	RS3617RPxs,	5,	disk_smart_test_end,	,	0,	,	,	
info,	2025/02/13 08:44:43,	/dev/sde,	ST4000NM0035-1V4107,	ZC17TJHN,	RS3617RPxs,	5,	disk_smart_test_start,	,	0,	,	,	
debug,	2025/02/10 07:57:01,	/dev/sdsa,	HAT5300-4T,	2420U6RA0A069FW1H,	RX1217rp-2,	7,	disk_refresh,	,	0,	,	,	
debug,	2025/02/10 07:57:01,	/dev/sdsb,	HAT5300-4T,	2420U6RA0A0BGFW1H,	RX1217rp-2,	8,	disk_refresh,	,	0,	,	,	
debug,	2025/02/10 07:57:01,	/dev/sdsc,	HAT5300-4T,	2420U6RA0A06TFW1H,	RX1217rp-2,	9,	disk_refresh,	,	0,	,	,	
debug,	2025/02/10 07:57:01,	/dev/sdta,	HAT5300-4T,	2420U6RA0A189FW1H,	RX1217rp-2,	10,	disk_refresh,	,	0,	,	,	
debug,	2025/02/10 07:57:01,	/dev/sdtb,	HAT5300-4T,	2420U6RA0A061FW1H,	RX1217rp-2,	11,	disk_refresh,	,	0,	,	,	
debug,	2025/02/10 07:57:01,	/dev/sdtc,	HAT5300-4T,	2420U6RA0A068FW1H,	RX1217rp-2,	12,	disk_refresh,	,	0,	,	,	
debug,	2025/02/10 07:57:00,	/dev/sdob,	ST4000NM002A,	WS23LD51,	RX1217rp-1,	8,	disk_refresh,	,	0,	,	,	
debug,	2025/02/10 07:57:00,	/dev/sdoc,	ST4000NM002A,	WS23LDJ2,	RX1217rp-1,	9,	disk_refresh,	,	0,	,	,	
debug,	2025/02/10 07:57:00,	/dev/sdpa,	ST4000NM002A,	WS23LD22,	RX1217rp-1,	10,	disk_refresh,	,	0,	,	,	
debug,	2025/02/10 07:57:00,	/dev/sdpb,	ST4000NM002A,	WS23LDK4,	RX1217rp-1,	11,	disk_refresh,	,	0,	,	,	
debug,	2025/02/10 07:57:00,	/dev/sdpc,	ST4000NM002A,	WS23LDC0,	RX1217rp-1,	12,	disk_refresh,	,	0,	,	,	
debug,	2025/02/10 07:57:00,	/dev/sdqa,	HAT5300-4T,	2420U6RA0A0CCFW1H,	RX1217rp-2,	1,	disk_refresh,	,	0,	,	,	
debug,	2025/02/10 07:57:00,	/dev/sdqb,	HAT5300-4T,	2420U6RA0A063FW1H,	RX1217rp-2,	2,	disk_refresh,	,	0,	,	,	
debug,	2025/02/10 07:57:00,	/dev/sdqc,	HAT5300-4T,	2420U6RA0A0D4FW1H,	RX1217rp-2,	3,	disk_refresh,	,	0,	,	,	
debug,	2025/02/10 07:57:00,	/dev/sdra,	HAT5300-4T,	2420U6RA0A0CSFW1H,	RX1217rp-2,	4,	disk_refresh,	,	0,	,	,	
debug,	2025/02/10 07:57:00,	/dev/sdrb,	HAT5300-4T,	2420U6RA0A0BEFW1H,	RX1217rp-2,	5,	disk_refresh,	,	0,	,	,	
debug,	2025/02/10 07:57:00,	/dev/sdrc,	HAT5300-4T,	2420U6RA0A0GAFW1H,	RX1217rp-2,	6,	disk_refresh,	,	0,	,	,	
debug,	2025/02/10 07:56:59,	/dev/sdh,	ST4000NM0035-1V4107,	ZC1B50Q0,	RS3617RPxs,	8,	disk_refresh,	,	0,	,	,	
debug,	2025/02/10 07:56:59,	/dev/sdi,	ST4000NM0035-1V4107,	ZC1BVKQ6,	RS3617RPxs,	9,	disk_refresh,	,	0,	,	,	
debug,	2025/02/10 07:56:59,	/dev/sdj,	ST4000NM0035-1V4107,	ZC1BVAJH,	RS3617RPxs,	10,	disk_refresh,	,	0,	,	,	
debug,	2025/02/10 07:56:59,	/dev/sdma,	ST4000NM0035-1V4107,	ZC129286,	RX1217rp-1,	1,	disk_refresh,	,	0,	,	,	
debug,	2025/02/10 07:56:59,	/dev/sdmb,	ST4000NM0035-1V4107,	ZC11M9S0,	RX1217rp-1,	2,	disk_refresh,	,	0,	,	,	
debug,	2025/02/10 07:56:59,	/dev/sdmc,	ST4000NM0035-1V4107,	ZC11XPD8,	RX1217rp-1,	3,	disk_refresh,	,	0,	,	,	
debug,	2025/02/10 07:56:59,	/dev/sdna,	ST4000NM0035-1V4107,	ZC124SEN,	RX1217rp-1,	4,	disk_refresh,	,	0,	,	,	
debug,	2025/02/10 07:56:59,	/dev/sdnb,	ST4000NM0035-1V4107,	ZC19PFSG,	RX1217rp-1,	5,	disk_refresh,	,	0,	,	,	
debug,	2025/02/10 07:56:59,	/dev/sdnc,	ST4000NM0035-1V4107,	ZC15VT6Z,	RX1217rp-1,	6,	disk_refresh,	,	0,	,	,	
debug,	2025/02/10 07:56:59,	/dev/sdoa,	ST4000NM002A,	WS23LDF5,	RX1217rp-1,	7,	disk_refresh,	,	0,	,	,	
debug,	2025/02/10 07:56:58,	/dev/sda,	ST4000NM0115-1YZ107,	ZC124E4Y,	RS3617RPxs,	1,	disk_refresh,	,	0,	,	,	
debug,	2025/02/10 07:56:58,	/dev/sdb,	ST4000NM0035-1V4107,	ZC1BAL3S,	RS3617RPxs,	2,	disk_refresh,	,	0,	,	,	
debug,	2025/02/10 07:56:58,	/dev/sdk,	ST4000NM0035-1V4107,	ZC1BVTDZ,	RS3617RPxs,	11,	disk_refresh,	,	0,	,	,	
debug,	2025/02/10 07:56:58,	/dev/sdl,	ST4000NM0035-1V4107,	ZC184H3P,	RS3617RPxs,	12,	disk_refresh,	,	0,	,	,	
debug,	2025/02/10 07:56:58,	/dev/sdc,	ST4000NM0035-1V4107,	ZC12PNH9,	RS3617RPxs,	3,	disk_refresh,	,	0,	,	,	
debug,	2025/02/10 07:56:58,	/dev/sdd,	ST4000NM0035-1V4107,	ZC13E3RC,	RS3617RPxs,	4,	disk_refresh,	,	0,	,	,	
debug,	2025/02/10 07:56:58,	/dev/sde,	ST4000NM0035-1V4107,	ZC17TJHN,	RS3617RPxs,	5,	disk_refresh,	,	0,	,	,	
debug,	2025/02/10 07:56:58,	/dev/sdf,	ST4000NM0035-1V4107,	ZC17ZSKN,	RS3617RPxs,	6,	disk_refresh,	,	0,	,	,	
debug,	2025/02/10 07:56:58,	/dev/sdg,	ST4000NM0035-1V4107,	ZC1ASSRR,	RS3617RPxs,	7,	disk_refresh,	,	0,	,	,	
info,	2025/02/04 14:35:17,	/dev/sdmb,	ST4000NM0035-1V4107,	ZC11M9S0,	RX1217rp-1,	2,	disk_smart_test_end,	,	0,	,	,	
info,	2025/02/04 00:33:31,	/dev/sdpb,	ST4000NM002A,	WS23LDK4,	RX1217rp-1,	11,	disk_smart_test_end,	,	0,	,	,	
info,	2025/02/04 00:02:10,	/dev/sdtc,	HAT5300-4T,	2420U6RA0A068FW1H,	RX1217rp-2,	12,	disk_smart_test_end,	,	0,	,	,	
info,	2025/02/04 00:02:10,	/dev/sdta,	HAT5300-4T,	2420U6RA0A189FW1H,	RX1217rp-2,	10,	disk_smart_test_end,	,	0,	,	,	
info,	2025/02/04 00:02:10,	/dev/sdqc,	HAT5300-4T,	2420U6RA0A0D4FW1H,	RX1217rp-2,	3,	disk_smart_test_end,	,	0,	,	,	
info,	2025/02/04 00:02:10,	/dev/sdtb,	HAT5300-4T,	2420U6RA0A061FW1H,	RX1217rp-2,	11,	disk_smart_test_end,	,	0,	,	,	
info,	2025/02/04 00:02:09,	/dev/sdqb,	HAT5300-4T,	2420U6RA0A063FW1H,	RX1217rp-2,	2,	disk_smart_test_end,	,	0,	,	,	
info,	2025/02/04 00:02:09,	/dev/sdsb,	HAT5300-4T,	2420U6RA0A0BGFW1H,	RX1217rp-2,	8,	disk_smart_test_end,	,	0,	,	,	
info,	2025/02/04 00:02:09,	/dev/sdsc,	HAT5300-4T,	2420U6RA0A06TFW1H,	RX1217rp-2,	9,	disk_smart_test_end,	,	0,	,	,	
info,	2025/02/04 00:02:09,	/dev/sdrb,	HAT5300-4T,	2420U6RA0A0BEFW1H,	RX1217rp-2,	5,	disk_smart_test_end,	,	0,	,	,	
info,	2025/02/04 00:02:09,	/dev/sdra,	HAT5300-4T,	2420U6RA0A0CSFW1H,	RX1217rp-2,	4,	disk_smart_test_end,	,	0,	,	,	
info,	2025/02/04 00:02:08,	/dev/sdsa,	HAT5300-4T,	2420U6RA0A069FW1H,	RX1217rp-2,	7,	disk_smart_test_end,	,	0,	,	,	
info,	2025/02/04 00:02:08,	/dev/sdqa,	HAT5300-4T,	2420U6RA0A0CCFW1H,	RX1217rp-2,	1,	disk_smart_test_end,	,	0,	,	,	
info,	2025/02/04 00:02:08,	/dev/sdrc,	HAT5300-4T,	2420U6RA0A0GAFW1H,	RX1217rp-2,	6,	disk_smart_test_end,	,	0,	,	,	
info,	2025/02/04 00:01:20,	/dev/sdpc,	ST4000NM002A,	WS23LDC0,	RX1217rp-1,	12,	disk_smart_test_end,	,	0,	,	,	
info,	2025/02/04 00:01:19,	/dev/sdob,	ST4000NM002A,	WS23LD51,	RX1217rp-1,	8,	disk_smart_test_end,	,	0,	,	,	
info,	2025/02/04 00:01:13,	/dev/sdpa,	ST4000NM002A,	WS23LD22,	RX1217rp-1,	10,	disk_smart_test_end,	,	0,	,	,	
info,	2025/02/04 00:01:12,	/dev/sdi,	ST4000NM0035-1V4107,	ZC1BVKQ6,	RS3617RPxs,	9,	disk_smart_test_end,	,	0,	,	,	
info,	2025/02/04 00:01:12,	/dev/sdoa,	ST4000NM002A,	WS23LDF5,	RX1217rp-1,	7,	disk_smart_test_end,	,	0,	,	,	
info,	2025/02/04 00:01:12,	/dev/sdma,	ST4000NM0035-1V4107,	ZC129286,	RX1217rp-1,	1,	disk_smart_test_end,	,	0,	,	,	
info,	2025/02/04 00:01:12,	/dev/sdnb,	ST4000NM0035-1V4107,	ZC19PFSG,	RX1217rp-1,	5,	disk_smart_test_end,	,	0,	,	,	
info,	2025/02/04 00:01:12,	/dev/sdl,	ST4000NM0035-1V4107,	ZC184H3P,	RS3617RPxs,	12,	disk_smart_test_end,	,	0,	,	,	
info,	2025/02/04 00:01:11,	/dev/sdg,	ST4000NM0035-1V4107,	ZC1ASSRR,	RS3617RPxs,	7,	disk_smart_test_end,	,	0,	,	,	
info,	2025/02/04 00:01:11,	/dev/sdh,	ST4000NM0035-1V4107,	ZC1B50Q0,	RS3617RPxs,	8,	disk_smart_test_end,	,	0,	,	,	
info,	2025/02/04 00:01:11,	/dev/sdj,	ST4000NM0035-1V4107,	ZC1BVAJH,	RS3617RPxs,	10,	disk_smart_test_end,	,	0,	,	,	
info,	2025/02/04 00:01:11,	/dev/sdmc,	ST4000NM0035-1V4107,	ZC11XPD8,	RX1217rp-1,	3,	disk_smart_test_end,	,	0,	,	,	
info,	2025/02/04 00:01:11,	/dev/sdnc,	ST4000NM0035-1V4107,	ZC15VT6Z,	RX1217rp-1,	6,	disk_smart_test_end,	,	0,	,	,	
info,	2025/02/04 00:01:11,	/dev/sdk,	ST4000NM0035-1V4107,	ZC1BVTDZ,	RS3617RPxs,	11,	disk_smart_test_end,	,	0,	,	,	
info,	2025/02/04 00:01:11,	/dev/sdoc,	ST4000NM002A,	WS23LDJ2,	RX1217rp-1,	9,	disk_smart_test_end,	,	0,	,	,	
info,	2025/02/04 00:01:10,	/dev/sdna,	ST4000NM0035-1V4107,	ZC124SEN,	RX1217rp-1,	4,	disk_smart_test_end,	,	0,	,	,	
info,	2025/02/04 00:01:05,	/dev/sda,	ST4000NM0115-1YZ107,	ZC124E4Y,	RS3617RPxs,	1,	disk_smart_test_end,	,	0,	,	,	
info,	2025/02/04 00:01:04,	/dev/sdd,	ST4000NM0035-1V4107,	ZC13E3RC,	RS3617RPxs,	4,	disk_smart_test_end,	,	0,	,	,	
info,	2025/02/04 00:01:04,	/dev/sdc,	ST4000NM0035-1V4107,	ZC12PNH9,	RS3617RPxs,	3,	disk_smart_test_end,	,	0,	,	,	
info,	2025/02/04 00:01:04,	/dev/sdb,	ST4000NM0035-1V4107,	ZC1BAL3S,	RS3617RPxs,	2,	disk_smart_test_end,	,	0,	,	,	
info,	2025/02/04 00:01:03,	/dev/sdf,	ST4000NM0035-1V4107,	ZC17ZSKN,	RS3617RPxs,	6,	disk_smart_test_end,	,	0,	,	,	
info,	2025/02/04 00:01:03,	/dev/sde,	ST4000NM0035-1V4107,	ZC17TJHN,	RS3617RPxs,	5,	disk_smart_test_end,	,	0,	,	,	
info,	2025/02/04 00:00:15,	/dev/sdsa,	HAT5300-4T,	2420U6RA0A069FW1H,	RX1217rp-2,	7,	disk_smart_test_start,	,	0,	,	,	
info,	2025/02/04 00:00:15,	/dev/sdsb,	HAT5300-4T,	2420U6RA0A0BGFW1H,	RX1217rp-2,	8,	disk_smart_test_start,	,	0,	,	,	
info,	2025/02/04 00:00:15,	/dev/sdsc,	HAT5300-4T,	2420U6RA0A06TFW1H,	RX1217rp-2,	9,	disk_smart_test_start,	,	0,	,	,	
info,	2025/02/04 00:00:15,	/dev/sdta,	HAT5300-4T,	2420U6RA0A189FW1H,	RX1217rp-2,	10,	disk_smart_test_start,	,	0,	,	,	
info,	2025/02/04 00:00:15,	/dev/sdtb,	HAT5300-4T,	2420U6RA0A061FW1H,	RX1217rp-2,	11,	disk_smart_test_start,	,	0,	,	,	
info,	2025/02/04 00:00:15,	/dev/sdtc,	HAT5300-4T,	2420U6RA0A068FW1H,	RX1217rp-2,	12,	disk_smart_test_start,	,	0,	,	,	
info,	2025/02/04 00:00:14,	/dev/sdqa,	HAT5300-4T,	2420U6RA0A0CCFW1H,	RX1217rp-2,	1,	disk_smart_test_start,	,	0,	,	,	
info,	2025/02/04 00:00:14,	/dev/sdqb,	HAT5300-4T,	2420U6RA0A063FW1H,	RX1217rp-2,	2,	disk_smart_test_start,	,	0,	,	,	
info,	2025/02/04 00:00:14,	/dev/sdqc,	HAT5300-4T,	2420U6RA0A0D4FW1H,	RX1217rp-2,	3,	disk_smart_test_start,	,	0,	,	,	
info,	2025/02/04 00:00:14,	/dev/sdra,	HAT5300-4T,	2420U6RA0A0CSFW1H,	RX1217rp-2,	4,	disk_smart_test_start,	,	0,	,	,	
info,	2025/02/04 00:00:14,	/dev/sdrb,	HAT5300-4T,	2420U6RA0A0BEFW1H,	RX1217rp-2,	5,	disk_smart_test_start,	,	0,	,	,	
info,	2025/02/04 00:00:14,	/dev/sdrc,	HAT5300-4T,	2420U6RA0A0GAFW1H,	RX1217rp-2,	6,	disk_smart_test_start,	,	0,	,	,	
info,	2025/02/04 00:00:13,	/dev/sdpb,	ST4000NM002A,	WS23LDK4,	RX1217rp-1,	11,	disk_smart_test_start,	,	0,	,	,	
info,	2025/02/04 00:00:13,	/dev/sdpc,	ST4000NM002A,	WS23LDC0,	RX1217rp-1,	12,	disk_smart_test_start,	,	0,	,	,	
info,	2025/02/04 00:00:12,	/dev/sdoc,	ST4000NM002A,	WS23LDJ2,	RX1217rp-1,	9,	disk_smart_test_start,	,	0,	,	,	
info,	2025/02/04 00:00:12,	/dev/sdpa,	ST4000NM002A,	WS23LD22,	RX1217rp-1,	10,	disk_smart_test_start,	,	0,	,	,	
info,	2025/02/04 00:00:10,	/dev/sdob,	ST4000NM002A,	WS23LD51,	RX1217rp-1,	8,	disk_smart_test_start,	,	0,	,	,	
info,	2025/02/04 00:00:09,	/dev/sdnc,	ST4000NM0035-1V4107,	ZC15VT6Z,	RX1217rp-1,	6,	disk_smart_test_start,	,	0,	,	,	
info,	2025/02/04 00:00:09,	/dev/sdoa,	ST4000NM002A,	WS23LDF5,	RX1217rp-1,	7,	disk_smart_test_start,	,	0,	,	,	
info,	2025/02/04 00:00:08,	/dev/sdna,	ST4000NM0035-1V4107,	ZC124SEN,	RX1217rp-1,	4,	disk_smart_test_start,	,	0,	,	,	
info,	2025/02/04 00:00:08,	/dev/sdnb,	ST4000NM0035-1V4107,	ZC19PFSG,	RX1217rp-1,	5,	disk_smart_test_start,	,	0,	,	,	
info,	2025/02/04 00:00:07,	/dev/sdmc,	ST4000NM0035-1V4107,	ZC11XPD8,	RX1217rp-1,	3,	disk_smart_test_start,	,	0,	,	,	
info,	2025/02/04 00:00:06,	/dev/sdl,	ST4000NM0035-1V4107,	ZC184H3P,	RS3617RPxs,	12,	disk_smart_test_start,	,	0,	,	,	
info,	2025/02/04 00:00:06,	/dev/sdma,	ST4000NM0035-1V4107,	ZC129286,	RX1217rp-1,	1,	disk_smart_test_start,	,	0,	,	,	
info,	2025/02/04 00:00:06,	/dev/sdmb,	ST4000NM0035-1V4107,	ZC11M9S0,	RX1217rp-1,	2,	disk_smart_test_start,	,	0,	,	,	
info,	2025/02/04 00:00:05,	/dev/sdi,	ST4000NM0035-1V4107,	ZC1BVKQ6,	RS3617RPxs,	9,	disk_smart_test_start,	,	0,	,	,	
info,	2025/02/04 00:00:05,	/dev/sdj,	ST4000NM0035-1V4107,	ZC1BVAJH,	RS3617RPxs,	10,	disk_smart_test_start,	,	0,	,	,	
info,	2025/02/04 00:00:05,	/dev/sdk,	ST4000NM0035-1V4107,	ZC1BVTDZ,	RS3617RPxs,	11,	disk_smart_test_start,	,	0,	,	,	
info,	2025/02/04 00:00:04,	/dev/sdf,	ST4000NM0035-1V4107,	ZC17ZSKN,	RS3617RPxs,	6,	disk_smart_test_start,	,	0,	,	,	
info,	2025/02/04 00:00:04,	/dev/sdg,	ST4000NM0035-1V4107,	ZC1ASSRR,	RS3617RPxs,	7,	disk_smart_test_start,	,	0,	,	,	
info,	2025/02/04 00:00:04,	/dev/sdh,	ST4000NM0035-1V4107,	ZC1B50Q0,	RS3617RPxs,	8,	disk_smart_test_start,	,	0,	,	,	
info,	2025/02/04 00:00:03,	/dev/sdc,	ST4000NM0035-1V4107,	ZC12PNH9,	RS3617RPxs,	3,	disk_smart_test_start,	,	0,	,	,	
info,	2025/02/04 00:00:03,	/dev/sdd,	ST4000NM0035-1V4107,	ZC13E3RC,	RS3617RPxs,	4,	disk_smart_test_start,	,	0,	,	,	
info,	2025/02/04 00:00:03,	/dev/sde,	ST4000NM0035-1V4107,	ZC17TJHN,	RS3617RPxs,	5,	disk_smart_test_start,	,	0,	,	,	
info,	2025/02/04 00:00:02,	/dev/sdb,	ST4000NM0035-1V4107,	ZC1BAL3S,	RS3617RPxs,	2,	disk_smart_test_start,	,	0,	,	,	
info,	2025/02/04 00:00:01,	/dev/sda,	ST4000NM0115-1YZ107,	ZC124E4Y,	RS3617RPxs,	1,	disk_smart_test_start,	,	0,	,	,	
info,	2025/01/04 00:02:06,	/dev/sdqb,	HAT5300-4T,	2420U6RA0A063FW1H,	RX1217rp-2,	2,	disk_smart_test_end,	,	0,	,	,	
info,	2025/01/04 00:02:06,	/dev/sdta,	HAT5300-4T,	2420U6RA0A189FW1H,	RX1217rp-2,	10,	disk_smart_test_end,	,	0,	,	,	
info,	2025/01/04 00:02:06,	/dev/sdsa,	HAT5300-4T,	2420U6RA0A069FW1H,	RX1217rp-2,	7,	disk_smart_test_end,	,	0,	,	,	
info,	2025/01/04 00:02:06,	/dev/sdtb,	HAT5300-4T,	2420U6RA0A061FW1H,	RX1217rp-2,	11,	disk_smart_test_end,	,	0,	,	,	
info,	2025/01/04 00:02:06,	/dev/sdsc,	HAT5300-4T,	2420U6RA0A06TFW1H,	RX1217rp-2,	9,	disk_smart_test_end,	,	0,	,	,	
info,	2025/01/04 00:02:05,	/dev/sdsb,	HAT5300-4T,	2420U6RA0A0BGFW1H,	RX1217rp-2,	8,	disk_smart_test_end,	,	0,	,	,	
info,	2025/01/04 00:02:05,	/dev/sdrc,	HAT5300-4T,	2420U6RA0A0GAFW1H,	RX1217rp-2,	6,	disk_smart_test_end,	,	0,	,	,	
info,	2025/01/04 00:02:05,	/dev/sdtc,	HAT5300-4T,	2420U6RA0A068FW1H,	RX1217rp-2,	12,	disk_smart_test_end,	,	0,	,	,	
info,	2025/01/04 00:02:00,	/dev/sdrb,	HAT5300-4T,	2420U6RA0A0BEFW1H,	RX1217rp-2,	5,	disk_smart_test_end,	,	0,	,	,	
info,	2025/01/04 00:02:00,	/dev/sdra,	HAT5300-4T,	2420U6RA0A0CSFW1H,	RX1217rp-2,	4,	disk_smart_test_end,	,	0,	,	,	
info,	2025/01/04 00:02:00,	/dev/sdqa,	HAT5300-4T,	2420U6RA0A0CCFW1H,	RX1217rp-2,	1,	disk_smart_test_end,	,	0,	,	,	
info,	2025/01/04 00:02:00,	/dev/sdqc,	HAT5300-4T,	2420U6RA0A0D4FW1H,	RX1217rp-2,	3,	disk_smart_test_end,	,	0,	,	,	
info,	2025/01/04 00:01:13,	/dev/sdpb,	ST4000NM002A,	WS23LDK4,	RX1217rp-1,	11,	disk_smart_test_end,	,	0,	,	,	
info,	2025/01/04 00:01:13,	/dev/sdoc,	ST4000NM002A,	WS23LDJ2,	RX1217rp-1,	9,	disk_smart_test_end,	,	0,	,	,	
info,	2025/01/04 00:01:13,	/dev/sdpc,	ST4000NM002A,	WS23LDC0,	RX1217rp-1,	12,	disk_smart_test_end,	,	0,	,	,	
info,	2025/01/04 00:01:13,	/dev/sdob,	ST4000NM002A,	WS23LD51,	RX1217rp-1,	8,	disk_smart_test_end,	,	0,	,	,	
info,	2025/01/04 00:01:12,	/dev/sdpa,	ST4000NM002A,	WS23LD22,	RX1217rp-1,	10,	disk_smart_test_end,	,	0,	,	,	
info,	2025/01/04 00:01:07,	/dev/sdnb,	ST4000NM0035-1V4107,	ZC19PFSG,	RX1217rp-1,	5,	disk_smart_test_end,	,	0,	,	,	
info,	2025/01/04 00:01:06,	/dev/sde,	ST4000NM0035-1V4107,	ZC17TJHN,	RS3617RPxs,	5,	disk_smart_test_end,	,	0,	,	,	
info,	2025/01/04 00:01:06,	/dev/sdoa,	ST4000NM002A,	WS23LDF5,	RX1217rp-1,	7,	disk_smart_test_end,	,	0,	,	,	
info,	2025/01/04 00:01:06,	/dev/sdna,	ST4000NM0035-1V4107,	ZC124SEN,	RX1217rp-1,	4,	disk_smart_test_end,	,	0,	,	,	
info,	2025/01/04 00:01:06,	/dev/sdmc,	ST4000NM0035-1V4107,	ZC11XPD8,	RX1217rp-1,	3,	disk_smart_test_end,	,	0,	,	,	
info,	2025/01/04 00:01:06,	/dev/sdl,	ST4000NM0035-1V4107,	ZC184H3P,	RS3617RPxs,	12,	disk_smart_test_end,	,	0,	,	,	
info,	2025/01/04 00:01:06,	/dev/sdmb,	ST4000NM0035-1V4107,	ZC11M9S0,	RX1217rp-1,	2,	disk_smart_test_end,	,	0,	,	,	
info,	2025/01/04 00:01:06,	/dev/sdb,	ST4000NM0035-1V4107,	ZC1BAL3S,	RS3617RPxs,	2,	disk_smart_test_end,	,	0,	,	,	
info,	2025/01/04 00:01:06,	/dev/sdj,	ST4000NM0035-1V4107,	ZC1BVAJH,	RS3617RPxs,	10,	disk_smart_test_end,	,	0,	,	,	
info,	2025/01/04 00:01:05,	/dev/sdi,	ST4000NM0035-1V4107,	ZC1BVKQ6,	RS3617RPxs,	9,	disk_smart_test_end,	,	0,	,	,	
info,	2025/01/04 00:01:05,	/dev/sdk,	ST4000NM0035-1V4107,	ZC1BVTDZ,	RS3617RPxs,	11,	disk_smart_test_end,	,	0,	,	,	
info,	2025/01/04 00:01:05,	/dev/sdc,	ST4000NM0035-1V4107,	ZC12PNH9,	RS3617RPxs,	3,	disk_smart_test_end,	,	0,	,	,	
info,	2025/01/04 00:01:05,	/dev/sdh,	ST4000NM0035-1V4107,	ZC1B50Q0,	RS3617RPxs,	8,	disk_smart_test_end,	,	0,	,	,	
info,	2025/01/04 00:01:05,	/dev/sda,	ST4000NM0115-1YZ107,	ZC124E4Y,	RS3617RPxs,	1,	disk_smart_test_end,	,	0,	,	,	
info,	2025/01/04 00:01:05,	/dev/sdf,	ST4000NM0035-1V4107,	ZC17ZSKN,	RS3617RPxs,	6,	disk_smart_test_end,	,	0,	,	,	
info,	2025/01/04 00:01:05,	/dev/sdg,	ST4000NM0035-1V4107,	ZC1ASSRR,	RS3617RPxs,	7,	disk_smart_test_end,	,	0,	,	,	
info,	2025/01/04 00:01:04,	/dev/sdnc,	ST4000NM0035-1V4107,	ZC15VT6Z,	RX1217rp-1,	6,	disk_smart_test_end,	,	0,	,	,	
info,	2025/01/04 00:01:04,	/dev/sdma,	ST4000NM0035-1V4107,	ZC129286,	RX1217rp-1,	1,	disk_smart_test_end,	,	0,	,	,	
info,	2025/01/04 00:01:04,	/dev/sdd,	ST4000NM0035-1V4107,	ZC13E3RC,	RS3617RPxs,	4,	disk_smart_test_end,	,	0,	,	,	
info,	2025/01/04 00:00:11,	/dev/sdsc,	HAT5300-4T,	2420U6RA0A06TFW1H,	RX1217rp-2,	9,	disk_smart_test_start,	,	0,	,	,	
info,	2025/01/04 00:00:11,	/dev/sdta,	HAT5300-4T,	2420U6RA0A189FW1H,	RX1217rp-2,	10,	disk_smart_test_start,	,	0,	,	,	
info,	2025/01/04 00:00:11,	/dev/sdtb,	HAT5300-4T,	2420U6RA0A061FW1H,	RX1217rp-2,	11,	disk_smart_test_start,	,	0,	,	,	
info,	2025/01/04 00:00:11,	/dev/sdtc,	HAT5300-4T,	2420U6RA0A068FW1H,	RX1217rp-2,	12,	disk_smart_test_start,	,	0,	,	,	
info,	2025/01/04 00:00:10,	/dev/sdqc,	HAT5300-4T,	2420U6RA0A0D4FW1H,	RX1217rp-2,	3,	disk_smart_test_start,	,	0,	,	,	
info,	2025/01/04 00:00:10,	/dev/sdra,	HAT5300-4T,	2420U6RA0A0CSFW1H,	RX1217rp-2,	4,	disk_smart_test_start,	,	0,	,	,	
info,	2025/01/04 00:00:10,	/dev/sdrb,	HAT5300-4T,	2420U6RA0A0BEFW1H,	RX1217rp-2,	5,	disk_smart_test_start,	,	0,	,	,	
info,	2025/01/04 00:00:10,	/dev/sdrc,	HAT5300-4T,	2420U6RA0A0GAFW1H,	RX1217rp-2,	6,	disk_smart_test_start,	,	0,	,	,	
info,	2025/01/04 00:00:10,	/dev/sdsa,	HAT5300-4T,	2420U6RA0A069FW1H,	RX1217rp-2,	7,	disk_smart_test_start,	,	0,	,	,	
info,	2025/01/04 00:00:10,	/dev/sdsb,	HAT5300-4T,	2420U6RA0A0BGFW1H,	RX1217rp-2,	8,	disk_smart_test_start,	,	0,	,	,	
info,	2025/01/04 00:00:09,	/dev/sdpc,	ST4000NM002A,	WS23LDC0,	RX1217rp-1,	12,	disk_smart_test_start,	,	0,	,	,	
info,	2025/01/04 00:00:09,	/dev/sdqa,	HAT5300-4T,	2420U6RA0A0CCFW1H,	RX1217rp-2,	1,	disk_smart_test_start,	,	0,	,	,	
info,	2025/01/04 00:00:09,	/dev/sdqb,	HAT5300-4T,	2420U6RA0A063FW1H,	RX1217rp-2,	2,	disk_smart_test_start,	,	0,	,	,	
info,	2025/01/04 00:00:08,	/dev/sdpb,	ST4000NM002A,	WS23LDK4,	RX1217rp-1,	11,	disk_smart_test_start,	,	0,	,	,	
info,	2025/01/04 00:00:07,	/dev/sdoc,	ST4000NM002A,	WS23LDJ2,	RX1217rp-1,	9,	disk_smart_test_start,	,	0,	,	,	
info,	2025/01/04 00:00:07,	/dev/sdpa,	ST4000NM002A,	WS23LD22,	RX1217rp-1,	10,	disk_smart_test_start,	,	0,	,	,	
info,	2025/01/04 00:00:06,	/dev/sdnc,	ST4000NM0035-1V4107,	ZC15VT6Z,	RX1217rp-1,	6,	disk_smart_test_start,	,	0,	,	,	
info,	2025/01/04 00:00:06,	/dev/sdoa,	ST4000NM002A,	WS23LDF5,	RX1217rp-1,	7,	disk_smart_test_start,	,	0,	,	,	
info,	2025/01/04 00:00:06,	/dev/sdob,	ST4000NM002A,	WS23LD51,	RX1217rp-1,	8,	disk_smart_test_start,	,	0,	,	,	
info,	2025/01/04 00:00:05,	/dev/sdmb,	ST4000NM0035-1V4107,	ZC11M9S0,	RX1217rp-1,	2,	disk_smart_test_start,	,	0,	,	,	
info,	2025/01/04 00:00:05,	/dev/sdmc,	ST4000NM0035-1V4107,	ZC11XPD8,	RX1217rp-1,	3,	disk_smart_test_start,	,	0,	,	,	
info,	2025/01/04 00:00:05,	/dev/sdna,	ST4000NM0035-1V4107,	ZC124SEN,	RX1217rp-1,	4,	disk_smart_test_start,	,	0,	,	,	
info,	2025/01/04 00:00:05,	/dev/sdnb,	ST4000NM0035-1V4107,	ZC19PFSG,	RX1217rp-1,	5,	disk_smart_test_start,	,	0,	,	,	
info,	2025/01/04 00:00:04,	/dev/sdj,	ST4000NM0035-1V4107,	ZC1BVAJH,	RS3617RPxs,	10,	disk_smart_test_start,	,	0,	,	,	
info,	2025/01/04 00:00:04,	/dev/sdk,	ST4000NM0035-1V4107,	ZC1BVTDZ,	RS3617RPxs,	11,	disk_smart_test_start,	,	0,	,	,	
info,	2025/01/04 00:00:04,	/dev/sdl,	ST4000NM0035-1V4107,	ZC184H3P,	RS3617RPxs,	12,	disk_smart_test_start,	,	0,	,	,	
info,	2025/01/04 00:00:04,	/dev/sdma,	ST4000NM0035-1V4107,	ZC129286,	RX1217rp-1,	1,	disk_smart_test_start,	,	0,	,	,	
info,	2025/01/04 00:00:03,	/dev/sdg,	ST4000NM0035-1V4107,	ZC1ASSRR,	RS3617RPxs,	7,	disk_smart_test_start,	,	0,	,	,	
info,	2025/01/04 00:00:03,	/dev/sdh,	ST4000NM0035-1V4107,	ZC1B50Q0,	RS3617RPxs,	8,	disk_smart_test_start,	,	0,	,	,	
info,	2025/01/04 00:00:03,	/dev/sdi,	ST4000NM0035-1V4107,	ZC1BVKQ6,	RS3617RPxs,	9,	disk_smart_test_start,	,	0,	,	,	
info,	2025/01/04 00:00:02,	/dev/sdc,	ST4000NM0035-1V4107,	ZC12PNH9,	RS3617RPxs,	3,	disk_smart_test_start,	,	0,	,	,	
info,	2025/01/04 00:00:02,	/dev/sdd,	ST4000NM0035-1V4107,	ZC13E3RC,	RS3617RPxs,	4,	disk_smart_test_start,	,	0,	,	,	
info,	2025/01/04 00:00:02,	/dev/sde,	ST4000NM0035-1V4107,	ZC17TJHN,	RS3617RPxs,	5,	disk_smart_test_start,	,	0,	,	,	
info,	2025/01/04 00:00:02,	/dev/sdf,	ST4000NM0035-1V4107,	ZC17ZSKN,	RS3617RPxs,	6,	disk_smart_test_start,	,	0,	,	,	
info,	2025/01/04 00:00:01,	/dev/sda,	ST4000NM0115-1YZ107,	ZC124E4Y,	RS3617RPxs,	1,	disk_smart_test_start,	,	0,	,	,	
info,	2025/01/04 00:00:01,	/dev/sdb,	ST4000NM0035-1V4107,	ZC1BAL3S,	RS3617RPxs,	2,	disk_smart_test_start,	,	0,	,	,	
debug,	2024/12/09 15:38:29,	/dev/sdtc,	HAT5300-4T,	2420U6RA0A068FW1H,	RX1217rp-2,	12,	disk_refresh,	,	0,	,	,	
debug,	2024/12/09 15:38:28,	/dev/sdqc,	HAT5300-4T,	2420U6RA0A0D4FW1H,	RX1217rp-2,	3,	disk_refresh,	,	0,	,	,	
debug,	2024/12/09 15:38:28,	/dev/sdra,	HAT5300-4T,	2420U6RA0A0CSFW1H,	RX1217rp-2,	4,	disk_refresh,	,	0,	,	,	
debug,	2024/12/09 15:38:28,	/dev/sdrb,	HAT5300-4T,	2420U6RA0A0BEFW1H,	RX1217rp-2,	5,	disk_refresh,	,	0,	,	,	
debug,	2024/12/09 15:38:28,	/dev/sdrc,	HAT5300-4T,	2420U6RA0A0GAFW1H,	RX1217rp-2,	6,	disk_refresh,	,	0,	,	,	
debug,	2024/12/09 15:38:28,	/dev/sdsa,	HAT5300-4T,	2420U6RA0A069FW1H,	RX1217rp-2,	7,	disk_refresh,	,	0,	,	,	
debug,	2024/12/09 15:38:28,	/dev/sdsb,	HAT5300-4T,	2420U6RA0A0BGFW1H,	RX1217rp-2,	8,	disk_refresh,	,	0,	,	,	
debug,	2024/12/09 15:38:28,	/dev/sdsc,	HAT5300-4T,	2420U6RA0A06TFW1H,	RX1217rp-2,	9,	disk_refresh,	,	0,	,	,	
debug,	2024/12/09 15:38:28,	/dev/sdta,	HAT5300-4T,	2420U6RA0A189FW1H,	RX1217rp-2,	10,	disk_refresh,	,	0,	,	,	
debug,	2024/12/09 15:38:28,	/dev/sdtb,	HAT5300-4T,	2420U6RA0A061FW1H,	RX1217rp-2,	11,	disk_refresh,	,	0,	,	,	
debug,	2024/12/09 15:38:27,	/dev/sdnb,	ST4000NM0035-1V4107,	ZC19PFSG,	RX1217rp-1,	5,	disk_refresh,	,	0,	,	,	
debug,	2024/12/09 15:38:27,	/dev/sdnc,	ST4000NM0035-1V4107,	ZC15VT6Z,	RX1217rp-1,	6,	disk_refresh,	,	0,	,	,	
debug,	2024/12/09 15:38:27,	/dev/sdoa,	ST4000NM002A,	WS23LDF5,	RX1217rp-1,	7,	disk_refresh,	,	0,	,	,	
debug,	2024/12/09 15:38:27,	/dev/sdob,	ST4000NM002A,	WS23LD51,	RX1217rp-1,	8,	disk_refresh,	,	0,	,	,	
debug,	2024/12/09 15:38:27,	/dev/sdoc,	ST4000NM002A,	WS23LDJ2,	RX1217rp-1,	9,	disk_refresh,	,	0,	,	,	
debug,	2024/12/09 15:38:27,	/dev/sdpa,	ST4000NM002A,	WS23LD22,	RX1217rp-1,	10,	disk_refresh,	,	0,	,	,	
debug,	2024/12/09 15:38:27,	/dev/sdpb,	ST4000NM002A,	WS23LDK4,	RX1217rp-1,	11,	disk_refresh,	,	0,	,	,	
debug,	2024/12/09 15:38:27,	/dev/sdpc,	ST4000NM002A,	WS23LDC0,	RX1217rp-1,	12,	disk_refresh,	,	0,	,	,	
debug,	2024/12/09 15:38:27,	/dev/sdqa,	HAT5300-4T,	2420U6RA0A0CCFW1H,	RX1217rp-2,	1,	disk_refresh,	,	0,	,	,	
debug,	2024/12/09 15:38:27,	/dev/sdqb,	HAT5300-4T,	2420U6RA0A063FW1H,	RX1217rp-2,	2,	disk_refresh,	,	0,	,	,	
debug,	2024/12/09 15:38:26,	/dev/sdd,	ST4000NM0035-1V4107,	ZC13E3RC,	RS3617RPxs,	4,	disk_refresh,	,	0,	,	,	
debug,	2024/12/09 15:38:26,	/dev/sde,	ST4000NM0035-1V4107,	ZC17TJHN,	RS3617RPxs,	5,	disk_refresh,	,	0,	,	,	
debug,	2024/12/09 15:38:26,	/dev/sdf,	ST4000NM0035-1V4107,	ZC17ZSKN,	RS3617RPxs,	6,	disk_refresh,	,	0,	,	,	
debug,	2024/12/09 15:38:26,	/dev/sdg,	ST4000NM0035-1V4107,	ZC1ASSRR,	RS3617RPxs,	7,	disk_refresh,	,	0,	,	,	
debug,	2024/12/09 15:38:26,	/dev/sdh,	ST4000NM0035-1V4107,	ZC1B50Q0,	RS3617RPxs,	8,	disk_refresh,	,	0,	,	,	
debug,	2024/12/09 15:38:26,	/dev/sdi,	ST4000NM0035-1V4107,	ZC1BVKQ6,	RS3617RPxs,	9,	disk_refresh,	,	0,	,	,	
debug,	2024/12/09 15:38:26,	/dev/sdj,	ST4000NM0035-1V4107,	ZC1BVAJH,	RS3617RPxs,	10,	disk_refresh,	,	0,	,	,	
debug,	2024/12/09 15:38:26,	/dev/sdma,	ST4000NM0035-1V4107,	ZC129286,	RX1217rp-1,	1,	disk_refresh,	,	0,	,	,	
debug,	2024/12/09 15:38:26,	/dev/sdmb,	ST4000NM0035-1V4107,	ZC11M9S0,	RX1217rp-1,	2,	disk_refresh,	,	0,	,	,	
debug,	2024/12/09 15:38:26,	/dev/sdna,	ST4000NM0035-1V4107,	ZC124SEN,	RX1217rp-1,	4,	disk_refresh,	,	0,	,	,	
debug,	2024/12/09 15:38:26,	/dev/sdmc,	ST4000NM0035-1V4107,	ZC11XPD8,	RX1217rp-1,	3,	disk_refresh,	,	0,	,	,	
debug,	2024/12/09 15:38:25,	/dev/sda,	ST4000NM0115-1YZ107,	ZC124E4Y,	RS3617RPxs,	1,	disk_refresh,	,	0,	,	,	
debug,	2024/12/09 15:38:25,	/dev/sdb,	ST4000NM0035-1V4107,	ZC1BAL3S,	RS3617RPxs,	2,	disk_refresh,	,	0,	,	,	
debug,	2024/12/09 15:38:25,	/dev/sdk,	ST4000NM0035-1V4107,	ZC1BVTDZ,	RS3617RPxs,	11,	disk_refresh,	,	0,	,	,	
debug,	2024/12/09 15:38:25,	/dev/sdl,	ST4000NM0035-1V4107,	ZC184H3P,	RS3617RPxs,	12,	disk_refresh,	,	0,	,	,	
debug,	2024/12/09 15:38:25,	/dev/sdc,	ST4000NM0035-1V4107,	ZC12PNH9,	RS3617RPxs,	3,	disk_refresh,	,	0,	,	,	
info,	2024/12/04 00:02:06,	/dev/sdtb,	HAT5300-4T,	2420U6RA0A061FW1H,	RX1217rp-2,	11,	disk_smart_test_end,	,	0,	,	,	
info,	2024/12/04 00:02:06,	/dev/sdsc,	HAT5300-4T,	2420U6RA0A06TFW1H,	RX1217rp-2,	9,	disk_smart_test_end,	,	0,	,	,	
info,	2024/12/04 00:02:06,	/dev/sdrc,	HAT5300-4T,	2420U6RA0A0GAFW1H,	RX1217rp-2,	6,	disk_smart_test_end,	,	0,	,	,	
info,	2024/12/04 00:02:06,	/dev/sdtc,	HAT5300-4T,	2420U6RA0A068FW1H,	RX1217rp-2,	12,	disk_smart_test_end,	,	0,	,	,	
info,	2024/12/04 00:02:06,	/dev/sdta,	HAT5300-4T,	2420U6RA0A189FW1H,	RX1217rp-2,	10,	disk_smart_test_end,	,	0,	,	,	
info,	2024/12/04 00:02:06,	/dev/sdsb,	HAT5300-4T,	2420U6RA0A0BGFW1H,	RX1217rp-2,	8,	disk_smart_test_end,	,	0,	,	,	
info,	2024/12/04 00:02:00,	/dev/sdqa,	HAT5300-4T,	2420U6RA0A0CCFW1H,	RX1217rp-2,	1,	disk_smart_test_end,	,	0,	,	,	
info,	2024/12/04 00:02:00,	/dev/sdqc,	HAT5300-4T,	2420U6RA0A0D4FW1H,	RX1217rp-2,	3,	disk_smart_test_end,	,	0,	,	,	
info,	2024/12/04 00:02:00,	/dev/sdqb,	HAT5300-4T,	2420U6RA0A063FW1H,	RX1217rp-2,	2,	disk_smart_test_end,	,	0,	,	,	
info,	2024/12/04 00:02:00,	/dev/sdra,	HAT5300-4T,	2420U6RA0A0CSFW1H,	RX1217rp-2,	4,	disk_smart_test_end,	,	0,	,	,	
info,	2024/12/04 00:02:00,	/dev/sdrb,	HAT5300-4T,	2420U6RA0A0BEFW1H,	RX1217rp-2,	5,	disk_smart_test_end,	,	0,	,	,	
info,	2024/12/04 00:02:00,	/dev/sdsa,	HAT5300-4T,	2420U6RA0A069FW1H,	RX1217rp-2,	7,	disk_smart_test_end,	,	0,	,	,	
info,	2024/12/04 00:01:13,	/dev/sdoc,	ST4000NM002A,	WS23LDJ2,	RX1217rp-1,	9,	disk_smart_test_end,	,	0,	,	,	
info,	2024/12/04 00:01:13,	/dev/sdpb,	ST4000NM002A,	WS23LDK4,	RX1217rp-1,	11,	disk_smart_test_end,	,	0,	,	,	
info,	2024/12/04 00:01:13,	/dev/sdoa,	ST4000NM002A,	WS23LDF5,	RX1217rp-1,	7,	disk_smart_test_end,	,	0,	,	,	
info,	2024/12/04 00:01:13,	/dev/sdpa,	ST4000NM002A,	WS23LD22,	RX1217rp-1,	10,	disk_smart_test_end,	,	0,	,	,	
info,	2024/12/04 00:01:13,	/dev/sdpc,	ST4000NM002A,	WS23LDC0,	RX1217rp-1,	12,	disk_smart_test_end,	,	0,	,	,	
info,	2024/12/04 00:01:13,	/dev/sdob,	ST4000NM002A,	WS23LD51,	RX1217rp-1,	8,	disk_smart_test_end,	,	0,	,	,	
info,	2024/12/04 00:01:07,	/dev/sdf,	ST4000NM0035-1V4107,	ZC17ZSKN,	RS3617RPxs,	6,	disk_smart_test_end,	,	0,	,	,	
info,	2024/12/04 00:01:07,	/dev/sdh,	ST4000NM0035-1V4107,	ZC1B50Q0,	RS3617RPxs,	8,	disk_smart_test_end,	,	0,	,	,	
info,	2024/12/04 00:01:06,	/dev/sdnb,	ST4000NM0035-1V4107,	ZC19PFSG,	RX1217rp-1,	5,	disk_smart_test_end,	,	0,	,	,	
info,	2024/12/04 00:01:06,	/dev/sdj,	ST4000NM0035-1V4107,	ZC1BVAJH,	RS3617RPxs,	10,	disk_smart_test_end,	,	0,	,	,	
info,	2024/12/04 00:01:06,	/dev/sdmb,	ST4000NM0035-1V4107,	ZC11M9S0,	RX1217rp-1,	2,	disk_smart_test_end,	,	0,	,	,	
info,	2024/12/04 00:01:06,	/dev/sdmc,	ST4000NM0035-1V4107,	ZC11XPD8,	RX1217rp-1,	3,	disk_smart_test_end,	,	0,	,	,	
info,	2024/12/04 00:01:06,	/dev/sdnc,	ST4000NM0035-1V4107,	ZC15VT6Z,	RX1217rp-1,	6,	disk_smart_test_end,	,	0,	,	,	
info,	2024/12/04 00:01:06,	/dev/sda,	ST4000NM0115-1YZ107,	ZC124E4Y,	RS3617RPxs,	1,	disk_smart_test_end,	,	0,	,	,	
info,	2024/12/04 00:01:06,	/dev/sdl,	ST4000NM0035-1V4107,	ZC184H3P,	RS3617RPxs,	12,	disk_smart_test_end,	,	0,	,	,	
info,	2024/12/04 00:01:05,	/dev/sdc,	ST4000NM0035-1V4107,	ZC12PNH9,	RS3617RPxs,	3,	disk_smart_test_end,	,	0,	,	,	
info,	2024/12/04 00:01:05,	/dev/sdma,	ST4000NM0035-1V4107,	ZC129286,	RX1217rp-1,	1,	disk_smart_test_end,	,	0,	,	,	
info,	2024/12/04 00:01:05,	/dev/sde,	ST4000NM0035-1V4107,	ZC17TJHN,	RS3617RPxs,	5,	disk_smart_test_end,	,	0,	,	,	
info,	2024/12/04 00:01:05,	/dev/sdk,	ST4000NM0035-1V4107,	ZC1BVTDZ,	RS3617RPxs,	11,	disk_smart_test_end,	,	0,	,	,	
info,	2024/12/04 00:01:05,	/dev/sdna,	ST4000NM0035-1V4107,	ZC124SEN,	RX1217rp-1,	4,	disk_smart_test_end,	,	0,	,	,	
info,	2024/12/04 00:01:05,	/dev/sdd,	ST4000NM0035-1V4107,	ZC13E3RC,	RS3617RPxs,	4,	disk_smart_test_end,	,	0,	,	,	
info,	2024/12/04 00:01:05,	/dev/sdi,	ST4000NM0035-1V4107,	ZC1BVKQ6,	RS3617RPxs,	9,	disk_smart_test_end,	,	0,	,	,	
info,	2024/12/04 00:01:04,	/dev/sdb,	ST4000NM0035-1V4107,	ZC1BAL3S,	RS3617RPxs,	2,	disk_smart_test_end,	,	0,	,	,	
info,	2024/12/04 00:01:04,	/dev/sdg,	ST4000NM0035-1V4107,	ZC1ASSRR,	RS3617RPxs,	7,	disk_smart_test_end,	,	0,	,	,	
info,	2024/12/04 00:00:11,	/dev/sdta,	HAT5300-4T,	2420U6RA0A189FW1H,	RX1217rp-2,	10,	disk_smart_test_start,	,	0,	,	,	
info,	2024/12/04 00:00:11,	/dev/sdtb,	HAT5300-4T,	2420U6RA0A061FW1H,	RX1217rp-2,	11,	disk_smart_test_start,	,	0,	,	,	
info,	2024/12/04 00:00:11,	/dev/sdtc,	HAT5300-4T,	2420U6RA0A068FW1H,	RX1217rp-2,	12,	disk_smart_test_start,	,	0,	,	,	
info,	2024/12/04 00:00:10,	/dev/sdrb,	HAT5300-4T,	2420U6RA0A0BEFW1H,	RX1217rp-2,	5,	disk_smart_test_start,	,	0,	,	,	
info,	2024/12/04 00:00:10,	/dev/sdrc,	HAT5300-4T,	2420U6RA0A0GAFW1H,	RX1217rp-2,	6,	disk_smart_test_start,	,	0,	,	,	
info,	2024/12/04 00:00:10,	/dev/sdsa,	HAT5300-4T,	2420U6RA0A069FW1H,	RX1217rp-2,	7,	disk_smart_test_start,	,	0,	,	,	
info,	2024/12/04 00:00:10,	/dev/sdsb,	HAT5300-4T,	2420U6RA0A0BGFW1H,	RX1217rp-2,	8,	disk_smart_test_start,	,	0,	,	,	
info,	2024/12/04 00:00:10,	/dev/sdsc,	HAT5300-4T,	2420U6RA0A06TFW1H,	RX1217rp-2,	9,	disk_smart_test_start,	,	0,	,	,	
info,	2024/12/04 00:00:09,	/dev/sdqa,	HAT5300-4T,	2420U6RA0A0CCFW1H,	RX1217rp-2,	1,	disk_smart_test_start,	,	0,	,	,	
info,	2024/12/04 00:00:09,	/dev/sdqb,	HAT5300-4T,	2420U6RA0A063FW1H,	RX1217rp-2,	2,	disk_smart_test_start,	,	0,	,	,	
info,	2024/12/04 00:00:09,	/dev/sdqc,	HAT5300-4T,	2420U6RA0A0D4FW1H,	RX1217rp-2,	3,	disk_smart_test_start,	,	0,	,	,	
info,	2024/12/04 00:00:09,	/dev/sdra,	HAT5300-4T,	2420U6RA0A0CSFW1H,	RX1217rp-2,	4,	disk_smart_test_start,	,	0,	,	,	
info,	2024/12/04 00:00:08,	/dev/sdpa,	ST4000NM002A,	WS23LD22,	RX1217rp-1,	10,	disk_smart_test_start,	,	0,	,	,	
info,	2024/12/04 00:00:08,	/dev/sdpb,	ST4000NM002A,	WS23LDK4,	RX1217rp-1,	11,	disk_smart_test_start,	,	0,	,	,	
info,	2024/12/04 00:00:08,	/dev/sdpc,	ST4000NM002A,	WS23LDC0,	RX1217rp-1,	12,	disk_smart_test_start,	,	0,	,	,	
info,	2024/12/04 00:00:07,	/dev/sdob,	ST4000NM002A,	WS23LD51,	RX1217rp-1,	8,	disk_smart_test_start,	,	0,	,	,	
info,	2024/12/04 00:00:07,	/dev/sdoc,	ST4000NM002A,	WS23LDJ2,	RX1217rp-1,	9,	disk_smart_test_start,	,	0,	,	,	
info,	2024/12/04 00:00:06,	/dev/sdnb,	ST4000NM0035-1V4107,	ZC19PFSG,	RX1217rp-1,	5,	disk_smart_test_start,	,	0,	,	,	
info,	2024/12/04 00:00:06,	/dev/sdnc,	ST4000NM0035-1V4107,	ZC15VT6Z,	RX1217rp-1,	6,	disk_smart_test_start,	,	0,	,	,	
info,	2024/12/04 00:00:06,	/dev/sdoa,	ST4000NM002A,	WS23LDF5,	RX1217rp-1,	7,	disk_smart_test_start,	,	0,	,	,	
info,	2024/12/04 00:00:05,	/dev/sdma,	ST4000NM0035-1V4107,	ZC129286,	RX1217rp-1,	1,	disk_smart_test_start,	,	0,	,	,	
info,	2024/12/04 00:00:05,	/dev/sdmb,	ST4000NM0035-1V4107,	ZC11M9S0,	RX1217rp-1,	2,	disk_smart_test_start,	,	0,	,	,	
info,	2024/12/04 00:00:05,	/dev/sdmc,	ST4000NM0035-1V4107,	ZC11XPD8,	RX1217rp-1,	3,	disk_smart_test_start,	,	0,	,	,	
info,	2024/12/04 00:00:05,	/dev/sdna,	ST4000NM0035-1V4107,	ZC124SEN,	RX1217rp-1,	4,	disk_smart_test_start,	,	0,	,	,	
info,	2024/12/04 00:00:04,	/dev/sdj,	ST4000NM0035-1V4107,	ZC1BVAJH,	RS3617RPxs,	10,	disk_smart_test_start,	,	0,	,	,	
info,	2024/12/04 00:00:04,	/dev/sdk,	ST4000NM0035-1V4107,	ZC1BVTDZ,	RS3617RPxs,	11,	disk_smart_test_start,	,	0,	,	,	
info,	2024/12/04 00:00:04,	/dev/sdl,	ST4000NM0035-1V4107,	ZC184H3P,	RS3617RPxs,	12,	disk_smart_test_start,	,	0,	,	,	
info,	2024/12/04 00:00:03,	/dev/sdf,	ST4000NM0035-1V4107,	ZC17ZSKN,	RS3617RPxs,	6,	disk_smart_test_start,	,	0,	,	,	
info,	2024/12/04 00:00:03,	/dev/sdg,	ST4000NM0035-1V4107,	ZC1ASSRR,	RS3617RPxs,	7,	disk_smart_test_start,	,	0,	,	,	
info,	2024/12/04 00:00:03,	/dev/sdh,	ST4000NM0035-1V4107,	ZC1B50Q0,	RS3617RPxs,	8,	disk_smart_test_start,	,	0,	,	,	
info,	2024/12/04 00:00:03,	/dev/sdi,	ST4000NM0035-1V4107,	ZC1BVKQ6,	RS3617RPxs,	9,	disk_smart_test_start,	,	0,	,	,	
info,	2024/12/04 00:00:02,	/dev/sdb,	ST4000NM0035-1V4107,	ZC1BAL3S,	RS3617RPxs,	2,	disk_smart_test_start,	,	0,	,	,	
info,	2024/12/04 00:00:02,	/dev/sdc,	ST4000NM0035-1V4107,	ZC12PNH9,	RS3617RPxs,	3,	disk_smart_test_start,	,	0,	,	,	
info,	2024/12/04 00:00:02,	/dev/sdd,	ST4000NM0035-1V4107,	ZC13E3RC,	RS3617RPxs,	4,	disk_smart_test_start,	,	0,	,	,	
info,	2024/12/04 00:00:02,	/dev/sde,	ST4000NM0035-1V4107,	ZC17TJHN,	RS3617RPxs,	5,	disk_smart_test_start,	,	0,	,	,	
info,	2024/12/04 00:00:01,	/dev/sda,	ST4000NM0115-1YZ107,	ZC124E4Y,	RS3617RPxs,	1,	disk_smart_test_start,	,	0,	,	,	
info,	2024/11/04 01:11:44,	/dev/sdpb,	ST4000NM002A,	WS23LDK4,	RX1217rp-1,	11,	disk_smart_test_end,	,	0,	,	,	
info,	2024/11/04 00:08:26,	/dev/sdoc,	ST4000NM002A,	WS23LDJ2,	RX1217rp-1,	9,	disk_smart_test_end,	,	0,	,	,	
info,	2024/11/04 00:02:12,	/dev/sdsb,	HAT5300-4T,	2420U6RA0A0BGFW1H,	RX1217rp-2,	8,	disk_smart_test_end,	,	0,	,	,	
info,	2024/11/04 00:02:11,	/dev/sdqa,	HAT5300-4T,	2420U6RA0A0CCFW1H,	RX1217rp-2,	1,	disk_smart_test_end,	,	0,	,	,	
info,	2024/11/04 00:02:11,	/dev/sdsa,	HAT5300-4T,	2420U6RA0A069FW1H,	RX1217rp-2,	7,	disk_smart_test_end,	,	0,	,	,	
info,	2024/11/04 00:02:11,	/dev/sdrb,	HAT5300-4T,	2420U6RA0A0BEFW1H,	RX1217rp-2,	5,	disk_smart_test_end,	,	0,	,	,	
info,	2024/11/04 00:02:11,	/dev/sdra,	HAT5300-4T,	2420U6RA0A0CSFW1H,	RX1217rp-2,	4,	disk_smart_test_end,	,	0,	,	,	
info,	2024/11/04 00:02:11,	/dev/sdqc,	HAT5300-4T,	2420U6RA0A0D4FW1H,	RX1217rp-2,	3,	disk_smart_test_end,	,	0,	,	,	
info,	2024/11/04 00:02:11,	/dev/sdtc,	HAT5300-4T,	2420U6RA0A068FW1H,	RX1217rp-2,	12,	disk_smart_test_end,	,	0,	,	,	
info,	2024/11/04 00:02:10,	/dev/sdrc,	HAT5300-4T,	2420U6RA0A0GAFW1H,	RX1217rp-2,	6,	disk_smart_test_end,	,	0,	,	,	
info,	2024/11/04 00:02:10,	/dev/sdta,	HAT5300-4T,	2420U6RA0A189FW1H,	RX1217rp-2,	10,	disk_smart_test_end,	,	0,	,	,	
info,	2024/11/04 00:02:10,	/dev/sdqb,	HAT5300-4T,	2420U6RA0A063FW1H,	RX1217rp-2,	2,	disk_smart_test_end,	,	0,	,	,	
info,	2024/11/04 00:02:10,	/dev/sdtb,	HAT5300-4T,	2420U6RA0A061FW1H,	RX1217rp-2,	11,	disk_smart_test_end,	,	0,	,	,	
info,	2024/11/04 00:02:10,	/dev/sdsc,	HAT5300-4T,	2420U6RA0A06TFW1H,	RX1217rp-2,	9,	disk_smart_test_end,	,	0,	,	,	
info,	2024/11/04 00:01:16,	/dev/sdpc,	ST4000NM002A,	WS23LDC0,	RX1217rp-1,	12,	disk_smart_test_end,	,	0,	,	,	
info,	2024/11/04 00:01:15,	/dev/sdnc,	ST4000NM0035-1V4107,	ZC15VT6Z,	RX1217rp-1,	6,	disk_smart_test_end,	,	0,	,	,	
info,	2024/11/04 00:01:15,	/dev/sdpa,	ST4000NM002A,	WS23LD22,	RX1217rp-1,	10,	disk_smart_test_end,	,	0,	,	,	
info,	2024/11/04 00:01:15,	/dev/sdoa,	ST4000NM002A,	WS23LDF5,	RX1217rp-1,	7,	disk_smart_test_end,	,	0,	,	,	
info,	2024/11/04 00:01:15,	/dev/sdob,	ST4000NM002A,	WS23LD51,	RX1217rp-1,	8,	disk_smart_test_end,	,	0,	,	,	
info,	2024/11/04 00:01:14,	/dev/sdnb,	ST4000NM0035-1V4107,	ZC19PFSG,	RX1217rp-1,	5,	disk_smart_test_end,	,	0,	,	,	
info,	2024/11/04 00:01:09,	/dev/sdd,	ST4000NM0035-1V4107,	ZC13E3RC,	RS3617RPxs,	4,	disk_smart_test_end,	,	0,	,	,	
info,	2024/11/04 00:01:08,	/dev/sdl,	ST4000NM0035-1V4107,	ZC184H3P,	RS3617RPxs,	12,	disk_smart_test_end,	,	0,	,	,	
info,	2024/11/04 00:01:08,	/dev/sdg,	ST4000NM0035-1V4107,	ZC1ASSRR,	RS3617RPxs,	7,	disk_smart_test_end,	,	0,	,	,	
info,	2024/11/04 00:01:08,	/dev/sdh,	ST4000NM0035-1V4107,	ZC1B50Q0,	RS3617RPxs,	8,	disk_smart_test_end,	,	0,	,	,	
info,	2024/11/04 00:01:08,	/dev/sdk,	ST4000NM0035-1V4107,	ZC1BVTDZ,	RS3617RPxs,	11,	disk_smart_test_end,	,	0,	,	,	
info,	2024/11/04 00:01:08,	/dev/sdf,	ST4000NM0035-1V4107,	ZC17ZSKN,	RS3617RPxs,	6,	disk_smart_test_end,	,	0,	,	,	
info,	2024/11/04 00:01:08,	/dev/sdc,	ST4000NM0035-1V4107,	ZC12PNH9,	RS3617RPxs,	3,	disk_smart_test_end,	,	0,	,	,	
info,	2024/11/04 00:01:07,	/dev/sdmc,	ST4000NM0035-1V4107,	ZC11XPD8,	RX1217rp-1,	3,	disk_smart_test_end,	,	0,	,	,	
info,	2024/11/04 00:01:07,	/dev/sdma,	ST4000NM0035-1V4107,	ZC129286,	RX1217rp-1,	1,	disk_smart_test_end,	,	0,	,	,	
info,	2024/11/04 00:01:07,	/dev/sdmb,	ST4000NM0035-1V4107,	ZC11M9S0,	RX1217rp-1,	2,	disk_smart_test_end,	,	0,	,	,	
info,	2024/11/04 00:01:07,	/dev/sde,	ST4000NM0035-1V4107,	ZC17TJHN,	RS3617RPxs,	5,	disk_smart_test_end,	,	0,	,	,	
info,	2024/11/04 00:01:07,	/dev/sdna,	ST4000NM0035-1V4107,	ZC124SEN,	RX1217rp-1,	4,	disk_smart_test_end,	,	0,	,	,	
info,	2024/11/04 00:01:07,	/dev/sdj,	ST4000NM0035-1V4107,	ZC1BVAJH,	RS3617RPxs,	10,	disk_smart_test_end,	,	0,	,	,	
info,	2024/11/04 00:01:06,	/dev/sda,	ST4000NM0115-1YZ107,	ZC124E4Y,	RS3617RPxs,	1,	disk_smart_test_end,	,	0,	,	,	
info,	2024/11/04 00:01:06,	/dev/sdb,	ST4000NM0035-1V4107,	ZC1BAL3S,	RS3617RPxs,	2,	disk_smart_test_end,	,	0,	,	,	
info,	2024/11/04 00:01:06,	/dev/sdi,	ST4000NM0035-1V4107,	ZC1BVKQ6,	RS3617RPxs,	9,	disk_smart_test_end,	,	0,	,	,	
info,	2024/11/04 00:00:18,	/dev/sdtc,	HAT5300-4T,	2420U6RA0A068FW1H,	RX1217rp-2,	12,	disk_smart_test_start,	,	0,	,	,	
info,	2024/11/04 00:00:17,	/dev/sdrc,	HAT5300-4T,	2420U6RA0A0GAFW1H,	RX1217rp-2,	6,	disk_smart_test_start,	,	0,	,	,	
info,	2024/11/04 00:00:17,	/dev/sdsa,	HAT5300-4T,	2420U6RA0A069FW1H,	RX1217rp-2,	7,	disk_smart_test_start,	,	0,	,	,	
info,	2024/11/04 00:00:17,	/dev/sdsb,	HAT5300-4T,	2420U6RA0A0BGFW1H,	RX1217rp-2,	8,	disk_smart_test_start,	,	0,	,	,	
info,	2024/11/04 00:00:17,	/dev/sdsc,	HAT5300-4T,	2420U6RA0A06TFW1H,	RX1217rp-2,	9,	disk_smart_test_start,	,	0,	,	,	
info,	2024/11/04 00:00:17,	/dev/sdta,	HAT5300-4T,	2420U6RA0A189FW1H,	RX1217rp-2,	10,	disk_smart_test_start,	,	0,	,	,	
info,	2024/11/04 00:00:17,	/dev/sdtb,	HAT5300-4T,	2420U6RA0A061FW1H,	RX1217rp-2,	11,	disk_smart_test_start,	,	0,	,	,	
info,	2024/11/04 00:00:16,	/dev/sdqa,	HAT5300-4T,	2420U6RA0A0CCFW1H,	RX1217rp-2,	1,	disk_smart_test_start,	,	0,	,	,	
info,	2024/11/04 00:00:16,	/dev/sdqb,	HAT5300-4T,	2420U6RA0A063FW1H,	RX1217rp-2,	2,	disk_smart_test_start,	,	0,	,	,	
info,	2024/11/04 00:00:16,	/dev/sdqc,	HAT5300-4T,	2420U6RA0A0D4FW1H,	RX1217rp-2,	3,	disk_smart_test_start,	,	0,	,	,	
info,	2024/11/04 00:00:16,	/dev/sdra,	HAT5300-4T,	2420U6RA0A0CSFW1H,	RX1217rp-2,	4,	disk_smart_test_start,	,	0,	,	,	
info,	2024/11/04 00:00:16,	/dev/sdrb,	HAT5300-4T,	2420U6RA0A0BEFW1H,	RX1217rp-2,	5,	disk_smart_test_start,	,	0,	,	,	
info,	2024/11/04 00:00:15,	/dev/sdpc,	ST4000NM002A,	WS23LDC0,	RX1217rp-1,	12,	disk_smart_test_start,	,	0,	,	,	
info,	2024/11/04 00:00:13,	/dev/sdpb,	ST4000NM002A,	WS23LDK4,	RX1217rp-1,	11,	disk_smart_test_start,	,	0,	,	,	
info,	2024/11/04 00:00:12,	/dev/sdpa,	ST4000NM002A,	WS23LD22,	RX1217rp-1,	10,	disk_smart_test_start,	,	0,	,	,	
info,	2024/11/04 00:00:11,	/dev/sdoc,	ST4000NM002A,	WS23LDJ2,	RX1217rp-1,	9,	disk_smart_test_start,	,	0,	,	,	
info,	2024/11/04 00:00:09,	/dev/sdnc,	ST4000NM0035-1V4107,	ZC15VT6Z,	RX1217rp-1,	6,	disk_smart_test_start,	,	0,	,	,	
info,	2024/11/04 00:00:09,	/dev/sdoa,	ST4000NM002A,	WS23LDF5,	RX1217rp-1,	7,	disk_smart_test_start,	,	0,	,	,	
info,	2024/11/04 00:00:09,	/dev/sdob,	ST4000NM002A,	WS23LD51,	RX1217rp-1,	8,	disk_smart_test_start,	,	0,	,	,	
info,	2024/11/04 00:00:08,	/dev/sdna,	ST4000NM0035-1V4107,	ZC124SEN,	RX1217rp-1,	4,	disk_smart_test_start,	,	0,	,	,	
info,	2024/11/04 00:00:08,	/dev/sdnb,	ST4000NM0035-1V4107,	ZC19PFSG,	RX1217rp-1,	5,	disk_smart_test_start,	,	0,	,	,	
info,	2024/11/04 00:00:07,	/dev/sdmc,	ST4000NM0035-1V4107,	ZC11XPD8,	RX1217rp-1,	3,	disk_smart_test_start,	,	0,	,	,	
info,	2024/11/04 00:00:06,	/dev/sdl,	ST4000NM0035-1V4107,	ZC184H3P,	RS3617RPxs,	12,	disk_smart_test_start,	,	0,	,	,	
info,	2024/11/04 00:00:06,	/dev/sdma,	ST4000NM0035-1V4107,	ZC129286,	RX1217rp-1,	1,	disk_smart_test_start,	,	0,	,	,	
info,	2024/11/04 00:00:06,	/dev/sdmb,	ST4000NM0035-1V4107,	ZC11M9S0,	RX1217rp-1,	2,	disk_smart_test_start,	,	0,	,	,	
info,	2024/11/04 00:00:05,	/dev/sdi,	ST4000NM0035-1V4107,	ZC1BVKQ6,	RS3617RPxs,	9,	disk_smart_test_start,	,	0,	,	,	
info,	2024/11/04 00:00:05,	/dev/sdj,	ST4000NM0035-1V4107,	ZC1BVAJH,	RS3617RPxs,	10,	disk_smart_test_start,	,	0,	,	,	
info,	2024/11/04 00:00:05,	/dev/sdk,	ST4000NM0035-1V4107,	ZC1BVTDZ,	RS3617RPxs,	11,	disk_smart_test_start,	,	0,	,	,	
info,	2024/11/04 00:00:04,	/dev/sdf,	ST4000NM0035-1V4107,	ZC17ZSKN,	RS3617RPxs,	6,	disk_smart_test_start,	,	0,	,	,	
info,	2024/11/04 00:00:04,	/dev/sdg,	ST4000NM0035-1V4107,	ZC1ASSRR,	RS3617RPxs,	7,	disk_smart_test_start,	,	0,	,	,	
info,	2024/11/04 00:00:04,	/dev/sdh,	ST4000NM0035-1V4107,	ZC1B50Q0,	RS3617RPxs,	8,	disk_smart_test_start,	,	0,	,	,	
info,	2024/11/04 00:00:03,	/dev/sdc,	ST4000NM0035-1V4107,	ZC12PNH9,	RS3617RPxs,	3,	disk_smart_test_start,	,	0,	,	,	
info,	2024/11/04 00:00:03,	/dev/sdd,	ST4000NM0035-1V4107,	ZC13E3RC,	RS3617RPxs,	4,	disk_smart_test_start,	,	0,	,	,	
info,	2024/11/04 00:00:03,	/dev/sde,	ST4000NM0035-1V4107,	ZC17TJHN,	RS3617RPxs,	5,	disk_smart_test_start,	,	0,	,	,	
info,	2024/11/04 00:00:02,	/dev/sda,	ST4000NM0115-1YZ107,	ZC124E4Y,	RS3617RPxs,	1,	disk_smart_test_start,	,	0,	,	,	
info,	2024/11/04 00:00:02,	/dev/sdb,	ST4000NM0035-1V4107,	ZC1BAL3S,	RS3617RPxs,	2,	disk_smart_test_start,	,	0,	,	,	
info,	2024/10/04 00:02:20,	/dev/sdpb,	ST4000NM002A,	WS23LDK4,	RX1217rp-1,	11,	disk_smart_test_end,	,	0,	,	,	
info,	2024/10/04 00:02:14,	/dev/sdtc,	HAT5300-4T,	2420U6RA0A068FW1H,	RX1217rp-2,	12,	disk_smart_test_end,	,	0,	,	,	
info,	2024/10/04 00:02:09,	/dev/sdra,	HAT5300-4T,	2420U6RA0A0CSFW1H,	RX1217rp-2,	4,	disk_smart_test_end,	,	0,	,	,	
info,	2024/10/04 00:02:08,	/dev/sdrc,	HAT5300-4T,	2420U6RA0A0GAFW1H,	RX1217rp-2,	6,	disk_smart_test_end,	,	0,	,	,	
info,	2024/10/04 00:02:08,	/dev/sdsc,	HAT5300-4T,	2420U6RA0A06TFW1H,	RX1217rp-2,	9,	disk_smart_test_end,	,	0,	,	,	
info,	2024/10/04 00:02:08,	/dev/sdta,	HAT5300-4T,	2420U6RA0A189FW1H,	RX1217rp-2,	10,	disk_smart_test_end,	,	0,	,	,	
info,	2024/10/04 00:02:08,	/dev/sdsb,	HAT5300-4T,	2420U6RA0A0BGFW1H,	RX1217rp-2,	8,	disk_smart_test_end,	,	0,	,	,	
info,	2024/10/04 00:02:08,	/dev/sdqa,	HAT5300-4T,	2420U6RA0A0CCFW1H,	RX1217rp-2,	1,	disk_smart_test_end,	,	0,	,	,	
info,	2024/10/04 00:02:08,	/dev/sdtb,	HAT5300-4T,	2420U6RA0A061FW1H,	RX1217rp-2,	11,	disk_smart_test_end,	,	0,	,	,	
info,	2024/10/04 00:02:08,	/dev/sdrb,	HAT5300-4T,	2420U6RA0A0BEFW1H,	RX1217rp-2,	5,	disk_smart_test_end,	,	0,	,	,	
info,	2024/10/04 00:02:07,	/dev/sdqc,	HAT5300-4T,	2420U6RA0A0D4FW1H,	RX1217rp-2,	3,	disk_smart_test_end,	,	0,	,	,	
info,	2024/10/04 00:02:07,	/dev/sdqb,	HAT5300-4T,	2420U6RA0A063FW1H,	RX1217rp-2,	2,	disk_smart_test_end,	,	0,	,	,	
info,	2024/10/04 00:02:07,	/dev/sdsa,	HAT5300-4T,	2420U6RA0A069FW1H,	RX1217rp-2,	7,	disk_smart_test_end,	,	0,	,	,	
info,	2024/10/04 00:01:20,	/dev/sdoc,	ST4000NM002A,	WS23LDJ2,	RX1217rp-1,	9,	disk_smart_test_end,	,	0,	,	,	
info,	2024/10/04 00:01:20,	/dev/sdpc,	ST4000NM002A,	WS23LDC0,	RX1217rp-1,	12,	disk_smart_test_end,	,	0,	,	,	
info,	2024/10/04 00:01:14,	/dev/sdoa,	ST4000NM002A,	WS23LDF5,	RX1217rp-1,	7,	disk_smart_test_end,	,	0,	,	,	
info,	2024/10/04 00:01:14,	/dev/sdnb,	ST4000NM0035-1V4107,	ZC19PFSG,	RX1217rp-1,	5,	disk_smart_test_end,	,	0,	,	,	
info,	2024/10/04 00:01:14,	/dev/sdpa,	ST4000NM002A,	WS23LD22,	RX1217rp-1,	10,	disk_smart_test_end,	,	0,	,	,	
info,	2024/10/04 00:01:14,	/dev/sdob,	ST4000NM002A,	WS23LD51,	RX1217rp-1,	8,	disk_smart_test_end,	,	0,	,	,	
info,	2024/10/04 00:01:13,	/dev/sdna,	ST4000NM0035-1V4107,	ZC124SEN,	RX1217rp-1,	4,	disk_smart_test_end,	,	0,	,	,	
info,	2024/10/04 00:01:13,	/dev/sdnc,	ST4000NM0035-1V4107,	ZC15VT6Z,	RX1217rp-1,	6,	disk_smart_test_end,	,	0,	,	,	
info,	2024/10/04 00:01:08,	/dev/sdi,	ST4000NM0035-1V4107,	ZC1BVKQ6,	RS3617RPxs,	9,	disk_smart_test_end,	,	0,	,	,	
info,	2024/10/04 00:01:07,	/dev/sdmb,	ST4000NM0035-1V4107,	ZC11M9S0,	RX1217rp-1,	2,	disk_smart_test_end,	,	0,	,	,	
info,	2024/10/04 00:01:07,	/dev/sdd,	ST4000NM0035-1V4107,	ZC13E3RC,	RS3617RPxs,	4,	disk_smart_test_end,	,	0,	,	,	
info,	2024/10/04 00:01:07,	/dev/sdc,	ST4000NM0035-1V4107,	ZC12PNH9,	RS3617RPxs,	3,	disk_smart_test_end,	,	0,	,	,	
info,	2024/10/04 00:01:07,	/dev/sdg,	ST4000NM0035-1V4107,	ZC1ASSRR,	RS3617RPxs,	7,	disk_smart_test_end,	,	0,	,	,	
info,	2024/10/04 00:01:07,	/dev/sde,	ST4000NM0035-1V4107,	ZC17TJHN,	RS3617RPxs,	5,	disk_smart_test_end,	,	0,	,	,	
info,	2024/10/04 00:01:07,	/dev/sdf,	ST4000NM0035-1V4107,	ZC17ZSKN,	RS3617RPxs,	6,	disk_smart_test_end,	,	0,	,	,	
info,	2024/10/04 00:01:06,	/dev/sda,	ST4000NM0115-1YZ107,	ZC124E4Y,	RS3617RPxs,	1,	disk_smart_test_end,	,	0,	,	,	
info,	2024/10/04 00:01:06,	/dev/sdk,	ST4000NM0035-1V4107,	ZC1BVTDZ,	RS3617RPxs,	11,	disk_smart_test_end,	,	0,	,	,	
info,	2024/10/04 00:01:06,	/dev/sdj,	ST4000NM0035-1V4107,	ZC1BVAJH,	RS3617RPxs,	10,	disk_smart_test_end,	,	0,	,	,	
info,	2024/10/04 00:01:06,	/dev/sdl,	ST4000NM0035-1V4107,	ZC184H3P,	RS3617RPxs,	12,	disk_smart_test_end,	,	0,	,	,	
info,	2024/10/04 00:01:05,	/dev/sdmc,	ST4000NM0035-1V4107,	ZC11XPD8,	RX1217rp-1,	3,	disk_smart_test_end,	,	0,	,	,	
info,	2024/10/04 00:01:05,	/dev/sdh,	ST4000NM0035-1V4107,	ZC1B50Q0,	RS3617RPxs,	8,	disk_smart_test_end,	,	0,	,	,	
info,	2024/10/04 00:01:04,	/dev/sdb,	ST4000NM0035-1V4107,	ZC1BAL3S,	RS3617RPxs,	2,	disk_smart_test_end,	,	0,	,	,	
info,	2024/10/04 00:01:04,	/dev/sdma,	ST4000NM0035-1V4107,	ZC129286,	RX1217rp-1,	1,	disk_smart_test_end,	,	0,	,	,	
info,	2024/10/04 00:00:18,	/dev/sdtc,	HAT5300-4T,	2420U6RA0A068FW1H,	RX1217rp-2,	12,	disk_smart_test_start,	,	0,	,	,	
info,	2024/10/04 00:00:17,	/dev/sdrc,	HAT5300-4T,	2420U6RA0A0GAFW1H,	RX1217rp-2,	6,	disk_smart_test_start,	,	0,	,	,	
info,	2024/10/04 00:00:17,	/dev/sdsa,	HAT5300-4T,	2420U6RA0A069FW1H,	RX1217rp-2,	7,	disk_smart_test_start,	,	0,	,	,	
info,	2024/10/04 00:00:17,	/dev/sdsb,	HAT5300-4T,	2420U6RA0A0BGFW1H,	RX1217rp-2,	8,	disk_smart_test_start,	,	0,	,	,	
info,	2024/10/04 00:00:17,	/dev/sdsc,	HAT5300-4T,	2420U6RA0A06TFW1H,	RX1217rp-2,	9,	disk_smart_test_start,	,	0,	,	,	
info,	2024/10/04 00:00:17,	/dev/sdta,	HAT5300-4T,	2420U6RA0A189FW1H,	RX1217rp-2,	10,	disk_smart_test_start,	,	0,	,	,	
info,	2024/10/04 00:00:17,	/dev/sdtb,	HAT5300-4T,	2420U6RA0A061FW1H,	RX1217rp-2,	11,	disk_smart_test_start,	,	0,	,	,	
info,	2024/10/04 00:00:16,	/dev/sdqa,	HAT5300-4T,	2420U6RA0A0CCFW1H,	RX1217rp-2,	1,	disk_smart_test_start,	,	0,	,	,	
info,	2024/10/04 00:00:16,	/dev/sdqb,	HAT5300-4T,	2420U6RA0A063FW1H,	RX1217rp-2,	2,	disk_smart_test_start,	,	0,	,	,	
info,	2024/10/04 00:00:16,	/dev/sdqc,	HAT5300-4T,	2420U6RA0A0D4FW1H,	RX1217rp-2,	3,	disk_smart_test_start,	,	0,	,	,	
info,	2024/10/04 00:00:16,	/dev/sdra,	HAT5300-4T,	2420U6RA0A0CSFW1H,	RX1217rp-2,	4,	disk_smart_test_start,	,	0,	,	,	
info,	2024/10/04 00:00:16,	/dev/sdrb,	HAT5300-4T,	2420U6RA0A0BEFW1H,	RX1217rp-2,	5,	disk_smart_test_start,	,	0,	,	,	
info,	2024/10/04 00:00:15,	/dev/sdpc,	ST4000NM002A,	WS23LDC0,	RX1217rp-1,	12,	disk_smart_test_start,	,	0,	,	,	
info,	2024/10/04 00:00:14,	/dev/sdpa,	ST4000NM002A,	WS23LD22,	RX1217rp-1,	10,	disk_smart_test_start,	,	0,	,	,	
info,	2024/10/04 00:00:14,	/dev/sdpb,	ST4000NM002A,	WS23LDK4,	RX1217rp-1,	11,	disk_smart_test_start,	,	0,	,	,	
info,	2024/10/04 00:00:12,	/dev/sdoc,	ST4000NM002A,	WS23LDJ2,	RX1217rp-1,	9,	disk_smart_test_start,	,	0,	,	,	
info,	2024/10/04 00:00:09,	/dev/sdob,	ST4000NM002A,	WS23LD51,	RX1217rp-1,	8,	disk_smart_test_start,	,	0,	,	,	
info,	2024/10/04 00:00:08,	/dev/sdnc,	ST4000NM0035-1V4107,	ZC15VT6Z,	RX1217rp-1,	6,	disk_smart_test_start,	,	0,	,	,	
info,	2024/10/04 00:00:08,	/dev/sdoa,	ST4000NM002A,	WS23LDF5,	RX1217rp-1,	7,	disk_smart_test_start,	,	0,	,	,	
info,	2024/10/04 00:00:07,	/dev/sdna,	ST4000NM0035-1V4107,	ZC124SEN,	RX1217rp-1,	4,	disk_smart_test_start,	,	0,	,	,	
info,	2024/10/04 00:00:07,	/dev/sdnb,	ST4000NM0035-1V4107,	ZC19PFSG,	RX1217rp-1,	5,	disk_smart_test_start,	,	0,	,	,	
info,	2024/10/04 00:00:06,	/dev/sdma,	ST4000NM0035-1V4107,	ZC129286,	RX1217rp-1,	1,	disk_smart_test_start,	,	0,	,	,	
info,	2024/10/04 00:00:06,	/dev/sdmb,	ST4000NM0035-1V4107,	ZC11M9S0,	RX1217rp-1,	2,	disk_smart_test_start,	,	0,	,	,	
info,	2024/10/04 00:00:06,	/dev/sdmc,	ST4000NM0035-1V4107,	ZC11XPD8,	RX1217rp-1,	3,	disk_smart_test_start,	,	0,	,	,	
info,	2024/10/04 00:00:05,	/dev/sdj,	ST4000NM0035-1V4107,	ZC1BVAJH,	RS3617RPxs,	10,	disk_smart_test_start,	,	0,	,	,	
info,	2024/10/04 00:00:05,	/dev/sdk,	ST4000NM0035-1V4107,	ZC1BVTDZ,	RS3617RPxs,	11,	disk_smart_test_start,	,	0,	,	,	
info,	2024/10/04 00:00:05,	/dev/sdl,	ST4000NM0035-1V4107,	ZC184H3P,	RS3617RPxs,	12,	disk_smart_test_start,	,	0,	,	,	
info,	2024/10/04 00:00:04,	/dev/sdg,	ST4000NM0035-1V4107,	ZC1ASSRR,	RS3617RPxs,	7,	disk_smart_test_start,	,	0,	,	,	
info,	2024/10/04 00:00:04,	/dev/sdh,	ST4000NM0035-1V4107,	ZC1B50Q0,	RS3617RPxs,	8,	disk_smart_test_start,	,	0,	,	,	
info,	2024/10/04 00:00:04,	/dev/sdi,	ST4000NM0035-1V4107,	ZC1BVKQ6,	RS3617RPxs,	9,	disk_smart_test_start,	,	0,	,	,	
info,	2024/10/04 00:00:03,	/dev/sdd,	ST4000NM0035-1V4107,	ZC13E3RC,	RS3617RPxs,	4,	disk_smart_test_start,	,	0,	,	,	
info,	2024/10/04 00:00:03,	/dev/sde,	ST4000NM0035-1V4107,	ZC17TJHN,	RS3617RPxs,	5,	disk_smart_test_start,	,	0,	,	,	
info,	2024/10/04 00:00:03,	/dev/sdf,	ST4000NM0035-1V4107,	ZC17ZSKN,	RS3617RPxs,	6,	disk_smart_test_start,	,	0,	,	,	
info,	2024/10/04 00:00:02,	/dev/sdb,	ST4000NM0035-1V4107,	ZC1BAL3S,	RS3617RPxs,	2,	disk_smart_test_start,	,	0,	,	,	
info,	2024/10/04 00:00:02,	/dev/sdc,	ST4000NM0035-1V4107,	ZC12PNH9,	RS3617RPxs,	3,	disk_smart_test_start,	,	0,	,	,	
info,	2024/10/04 00:00:01,	/dev/sda,	ST4000NM0115-1YZ107,	ZC124E4Y,	RS3617RPxs,	1,	disk_smart_test_start,	,	0,	,	,	
debug,	2024/09/26 16:26:35,	/dev/sdsa,	HAT5300-4T,	2420U6RA0A069FW1H,	RX1217rp-2,	7,	disk_refresh,	,	0,	,	,	
debug,	2024/09/26 16:26:35,	/dev/sdsb,	HAT5300-4T,	2420U6RA0A0BGFW1H,	RX1217rp-2,	8,	disk_refresh,	,	0,	,	,	
debug,	2024/09/26 16:26:35,	/dev/sdsc,	HAT5300-4T,	2420U6RA0A06TFW1H,	RX1217rp-2,	9,	disk_refresh,	,	0,	,	,	
debug,	2024/09/26 16:26:35,	/dev/sdta,	HAT5300-4T,	2420U6RA0A189FW1H,	RX1217rp-2,	10,	disk_refresh,	,	0,	,	,	
debug,	2024/09/26 16:26:35,	/dev/sdtb,	HAT5300-4T,	2420U6RA0A061FW1H,	RX1217rp-2,	11,	disk_refresh,	,	0,	,	,	
debug,	2024/09/26 16:26:35,	/dev/sdtc,	HAT5300-4T,	2420U6RA0A068FW1H,	RX1217rp-2,	12,	disk_refresh,	,	0,	,	,	
debug,	2024/09/26 16:26:34,	/dev/sdpc,	ST4000NM002A,	WS23LDC0,	RX1217rp-1,	12,	disk_refresh,	,	0,	,	,	
debug,	2024/09/26 16:26:34,	/dev/sdqa,	HAT5300-4T,	2420U6RA0A0CCFW1H,	RX1217rp-2,	1,	disk_refresh,	,	0,	,	,	
debug,	2024/09/26 16:26:34,	/dev/sdqb,	HAT5300-4T,	2420U6RA0A063FW1H,	RX1217rp-2,	2,	disk_refresh,	,	0,	,	,	
debug,	2024/09/26 16:26:34,	/dev/sdqc,	HAT5300-4T,	2420U6RA0A0D4FW1H,	RX1217rp-2,	3,	disk_refresh,	,	0,	,	,	
debug,	2024/09/26 16:26:34,	/dev/sdra,	HAT5300-4T,	2420U6RA0A0CSFW1H,	RX1217rp-2,	4,	disk_refresh,	,	0,	,	,	
debug,	2024/09/26 16:26:34,	/dev/sdrb,	HAT5300-4T,	2420U6RA0A0BEFW1H,	RX1217rp-2,	5,	disk_refresh,	,	0,	,	,	
debug,	2024/09/26 16:26:34,	/dev/sdrc,	HAT5300-4T,	2420U6RA0A0GAFW1H,	RX1217rp-2,	6,	disk_refresh,	,	0,	,	,	
debug,	2024/09/26 16:26:33,	/dev/sdj,	ST4000NM0035-1V4107,	ZC1BVAJH,	RS3617RPxs,	10,	disk_refresh,	,	0,	,	,	
debug,	2024/09/26 16:26:33,	/dev/sdma,	ST4000NM0035-1V4107,	ZC129286,	RX1217rp-1,	1,	disk_refresh,	,	0,	,	,	
debug,	2024/09/26 16:26:33,	/dev/sdmb,	ST4000NM0035-1V4107,	ZC11M9S0,	RX1217rp-1,	2,	disk_refresh,	,	0,	,	,	
debug,	2024/09/26 16:26:33,	/dev/sdmc,	ST4000NM0035-1V4107,	ZC11XPD8,	RX1217rp-1,	3,	disk_refresh,	,	0,	,	,	
debug,	2024/09/26 16:26:33,	/dev/sdna,	ST4000NM0035-1V4107,	ZC124SEN,	RX1217rp-1,	4,	disk_refresh,	,	0,	,	,	
debug,	2024/09/26 16:26:33,	/dev/sdnb,	ST4000NM0035-1V4107,	ZC19PFSG,	RX1217rp-1,	5,	disk_refresh,	,	0,	,	,	
debug,	2024/09/26 16:26:33,	/dev/sdnc,	ST4000NM0035-1V4107,	ZC15VT6Z,	RX1217rp-1,	6,	disk_refresh,	,	0,	,	,	
debug,	2024/09/26 16:26:33,	/dev/sdoa,	ST4000NM002A,	WS23LDF5,	RX1217rp-1,	7,	disk_refresh,	,	0,	,	,	
debug,	2024/09/26 16:26:33,	/dev/sdob,	ST4000NM002A,	WS23LD51,	RX1217rp-1,	8,	disk_refresh,	,	0,	,	,	
debug,	2024/09/26 16:26:33,	/dev/sdoc,	ST4000NM002A,	WS23LDJ2,	RX1217rp-1,	9,	disk_refresh,	,	0,	,	,	
debug,	2024/09/26 16:26:33,	/dev/sdpa,	ST4000NM002A,	WS23LD22,	RX1217rp-1,	10,	disk_refresh,	,	0,	,	,	
debug,	2024/09/26 16:26:33,	/dev/sdpb,	ST4000NM002A,	WS23LDK4,	RX1217rp-1,	11,	disk_refresh,	,	0,	,	,	
debug,	2024/09/26 16:26:32,	/dev/sdb,	ST4000NM0035-1V4107,	ZC1BAL3S,	RS3617RPxs,	2,	disk_refresh,	,	0,	,	,	
debug,	2024/09/26 16:26:32,	/dev/sdk,	ST4000NM0035-1V4107,	ZC1BVTDZ,	RS3617RPxs,	11,	disk_refresh,	,	0,	,	,	
debug,	2024/09/26 16:26:32,	/dev/sdl,	ST4000NM0035-1V4107,	ZC184H3P,	RS3617RPxs,	12,	disk_refresh,	,	0,	,	,	
debug,	2024/09/26 16:26:32,	/dev/sdc,	ST4000NM0035-1V4107,	ZC12PNH9,	RS3617RPxs,	3,	disk_refresh,	,	0,	,	,	
debug,	2024/09/26 16:26:32,	/dev/sdd,	ST4000NM0035-1V4107,	ZC13E3RC,	RS3617RPxs,	4,	disk_refresh,	,	0,	,	,	
debug,	2024/09/26 16:26:32,	/dev/sde,	ST4000NM0035-1V4107,	ZC17TJHN,	RS3617RPxs,	5,	disk_refresh,	,	0,	,	,	
debug,	2024/09/26 16:26:32,	/dev/sdf,	ST4000NM0035-1V4107,	ZC17ZSKN,	RS3617RPxs,	6,	disk_refresh,	,	0,	,	,	
debug,	2024/09/26 16:26:32,	/dev/sdg,	ST4000NM0035-1V4107,	ZC1ASSRR,	RS3617RPxs,	7,	disk_refresh,	,	0,	,	,	
debug,	2024/09/26 16:26:32,	/dev/sdh,	ST4000NM0035-1V4107,	ZC1B50Q0,	RS3617RPxs,	8,	disk_refresh,	,	0,	,	,	
debug,	2024/09/26 16:26:32,	/dev/sdi,	ST4000NM0035-1V4107,	ZC1BVKQ6,	RS3617RPxs,	9,	disk_refresh,	,	0,	,	,	
debug,	2024/09/26 16:26:31,	/dev/sda,	ST4000NM0115-1YZ107,	ZC124E4Y,	RS3617RPxs,	1,	disk_refresh,	,	0,	,	,	
info,	2024/09/04 00:01:18,	/dev/sdpc,	ST4000NM002A,	WS23LDC0,	RX1217rp-1,	12,	disk_smart_test_end,	,	0,	,	,	
info,	2024/09/04 00:01:17,	/dev/sdoc,	ST4000NM002A,	WS23LDJ2,	RX1217rp-1,	9,	disk_smart_test_end,	,	0,	,	,	
info,	2024/09/04 00:01:17,	/dev/sdpb,	ST4000NM002A,	WS23LDK4,	RX1217rp-1,	11,	disk_smart_test_end,	,	0,	,	,	
info,	2024/09/04 00:01:17,	/dev/sdpa,	ST4000NM002A,	WS23LD22,	RX1217rp-1,	10,	disk_smart_test_end,	,	0,	,	,	
info,	2024/09/04 00:01:11,	/dev/sdi,	ST4000NM0035-1V4107,	ZC1BVKQ6,	RS3617RPxs,	9,	disk_smart_test_end,	,	0,	,	,	
info,	2024/09/04 00:01:11,	/dev/sdl,	ST4000NM0035-1V4107,	ZC184H3P,	RS3617RPxs,	12,	disk_smart_test_end,	,	0,	,	,	
info,	2024/09/04 00:01:11,	/dev/sdnb,	ST4000NM0035-1V4107,	ZC19PFSG,	RX1217rp-1,	5,	disk_smart_test_end,	,	0,	,	,	
info,	2024/09/04 00:01:11,	/dev/sdob,	ST4000NM002A,	WS23LD51,	RX1217rp-1,	8,	disk_smart_test_end,	,	0,	,	,	
info,	2024/09/04 00:01:11,	/dev/sdma,	ST4000NM0035-1V4107,	ZC129286,	RX1217rp-1,	1,	disk_smart_test_end,	,	0,	,	,	
info,	2024/09/04 00:01:10,	/dev/sdmc,	ST4000NM0035-1V4107,	ZC11XPD8,	RX1217rp-1,	3,	disk_smart_test_end,	,	0,	,	,	
info,	2024/09/04 00:01:10,	/dev/sdna,	ST4000NM0035-1V4107,	ZC124SEN,	RX1217rp-1,	4,	disk_smart_test_end,	,	0,	,	,	
info,	2024/09/04 00:01:10,	/dev/sdnc,	ST4000NM0035-1V4107,	ZC15VT6Z,	RX1217rp-1,	6,	disk_smart_test_end,	,	0,	,	,	
info,	2024/09/04 00:01:10,	/dev/sdk,	ST4000NM0035-1V4107,	ZC1BVTDZ,	RS3617RPxs,	11,	disk_smart_test_end,	,	0,	,	,	
info,	2024/09/04 00:01:09,	/dev/sdj,	ST4000NM0035-1V4107,	ZC1BVAJH,	RS3617RPxs,	10,	disk_smart_test_end,	,	0,	,	,	
info,	2024/09/04 00:01:09,	/dev/sdh,	ST4000NM0035-1V4107,	ZC1B50Q0,	RS3617RPxs,	8,	disk_smart_test_end,	,	0,	,	,	
info,	2024/09/04 00:01:09,	/dev/sdf,	ST4000NM0035-1V4107,	ZC17ZSKN,	RS3617RPxs,	6,	disk_smart_test_end,	,	0,	,	,	
info,	2024/09/04 00:01:09,	/dev/sdoa,	ST4000NM002A,	WS23LDF5,	RX1217rp-1,	7,	disk_smart_test_end,	,	0,	,	,	
info,	2024/09/04 00:01:09,	/dev/sdg,	ST4000NM0035-1V4107,	ZC1ASSRR,	RS3617RPxs,	7,	disk_smart_test_end,	,	0,	,	,	
info,	2024/09/04 00:01:08,	/dev/sdmb,	ST4000NM0035-1V4107,	ZC11M9S0,	RX1217rp-1,	2,	disk_smart_test_end,	,	0,	,	,	
info,	2024/09/04 00:01:02,	/dev/sde,	ST4000NM0035-1V4107,	ZC17TJHN,	RS3617RPxs,	5,	disk_smart_test_end,	,	0,	,	,	
info,	2024/09/04 00:01:02,	/dev/sdb,	ST4000NM0035-1V4107,	ZC1BAL3S,	RS3617RPxs,	2,	disk_smart_test_end,	,	0,	,	,	
info,	2024/09/04 00:01:02,	/dev/sdd,	ST4000NM0035-1V4107,	ZC13E3RC,	RS3617RPxs,	4,	disk_smart_test_end,	,	0,	,	,	
info,	2024/09/04 00:01:01,	/dev/sda,	ST4000NM0115-1YZ107,	ZC124E4Y,	RS3617RPxs,	1,	disk_smart_test_end,	,	0,	,	,	
info,	2024/09/04 00:01:01,	/dev/sdc,	ST4000NM0035-1V4107,	ZC12PNH9,	RS3617RPxs,	3,	disk_smart_test_end,	,	0,	,	,	
info,	2024/09/04 00:00:12,	/dev/sdpc,	ST4000NM002A,	WS23LDC0,	RX1217rp-1,	12,	disk_smart_test_start,	,	0,	,	,	
info,	2024/09/04 00:00:11,	/dev/sdpa,	ST4000NM002A,	WS23LD22,	RX1217rp-1,	10,	disk_smart_test_start,	,	0,	,	,	
info,	2024/09/04 00:00:11,	/dev/sdpb,	ST4000NM002A,	WS23LDK4,	RX1217rp-1,	11,	disk_smart_test_start,	,	0,	,	,	
info,	2024/09/04 00:00:09,	/dev/sdoc,	ST4000NM002A,	WS23LDJ2,	RX1217rp-1,	9,	disk_smart_test_start,	,	0,	,	,	
info,	2024/09/04 00:00:08,	/dev/sdnc,	ST4000NM0035-1V4107,	ZC15VT6Z,	RX1217rp-1,	6,	disk_smart_test_start,	,	0,	,	,	
info,	2024/09/04 00:00:08,	/dev/sdoa,	ST4000NM002A,	WS23LDF5,	RX1217rp-1,	7,	disk_smart_test_start,	,	0,	,	,	
info,	2024/09/04 00:00:08,	/dev/sdob,	ST4000NM002A,	WS23LD51,	RX1217rp-1,	8,	disk_smart_test_start,	,	0,	,	,	
info,	2024/09/04 00:00:07,	/dev/sdna,	ST4000NM0035-1V4107,	ZC124SEN,	RX1217rp-1,	4,	disk_smart_test_start,	,	0,	,	,	
info,	2024/09/04 00:00:07,	/dev/sdnb,	ST4000NM0035-1V4107,	ZC19PFSG,	RX1217rp-1,	5,	disk_smart_test_start,	,	0,	,	,	
info,	2024/09/04 00:00:06,	/dev/sdmb,	ST4000NM0035-1V4107,	ZC11M9S0,	RX1217rp-1,	2,	disk_smart_test_start,	,	0,	,	,	
info,	2024/09/04 00:00:06,	/dev/sdmc,	ST4000NM0035-1V4107,	ZC11XPD8,	RX1217rp-1,	3,	disk_smart_test_start,	,	0,	,	,	
info,	2024/09/04 00:00:05,	/dev/sdk,	ST4000NM0035-1V4107,	ZC1BVTDZ,	RS3617RPxs,	11,	disk_smart_test_start,	,	0,	,	,	
info,	2024/09/04 00:00:05,	/dev/sdl,	ST4000NM0035-1V4107,	ZC184H3P,	RS3617RPxs,	12,	disk_smart_test_start,	,	0,	,	,	
info,	2024/09/04 00:00:05,	/dev/sdma,	ST4000NM0035-1V4107,	ZC129286,	RX1217rp-1,	1,	disk_smart_test_start,	,	0,	,	,	
info,	2024/09/04 00:00:04,	/dev/sdi,	ST4000NM0035-1V4107,	ZC1BVKQ6,	RS3617RPxs,	9,	disk_smart_test_start,	,	0,	,	,	
info,	2024/09/04 00:00:04,	/dev/sdj,	ST4000NM0035-1V4107,	ZC1BVAJH,	RS3617RPxs,	10,	disk_smart_test_start,	,	0,	,	,	
info,	2024/09/04 00:00:03,	/dev/sdf,	ST4000NM0035-1V4107,	ZC17ZSKN,	RS3617RPxs,	6,	disk_smart_test_start,	,	0,	,	,	
info,	2024/09/04 00:00:03,	/dev/sdg,	ST4000NM0035-1V4107,	ZC1ASSRR,	RS3617RPxs,	7,	disk_smart_test_start,	,	0,	,	,	
info,	2024/09/04 00:00:03,	/dev/sdh,	ST4000NM0035-1V4107,	ZC1B50Q0,	RS3617RPxs,	8,	disk_smart_test_start,	,	0,	,	,	
info,	2024/09/04 00:00:02,	/dev/sdc,	ST4000NM0035-1V4107,	ZC12PNH9,	RS3617RPxs,	3,	disk_smart_test_start,	,	0,	,	,	
info,	2024/09/04 00:00:02,	/dev/sdd,	ST4000NM0035-1V4107,	ZC13E3RC,	RS3617RPxs,	4,	disk_smart_test_start,	,	0,	,	,	
info,	2024/09/04 00:00:02,	/dev/sde,	ST4000NM0035-1V4107,	ZC17TJHN,	RS3617RPxs,	5,	disk_smart_test_start,	,	0,	,	,	
info,	2024/09/04 00:00:01,	/dev/sda,	ST4000NM0115-1YZ107,	ZC124E4Y,	RS3617RPxs,	1,	disk_smart_test_start,	,	0,	,	,	
info,	2024/09/04 00:00:01,	/dev/sdb,	ST4000NM0035-1V4107,	ZC1BAL3S,	RS3617RPxs,	2,	disk_smart_test_start,	,	0,	,	,	
info,	2024/08/04 02:00:59,	/dev/sdpb,	ST4000NM002A,	WS23LDK4,	RX1217rp-1,	11,	disk_smart_test_end,	,	0,	,	,	
info,	2024/08/04 00:04:01,	/dev/sdoc,	ST4000NM002A,	WS23LDJ2,	RX1217rp-1,	9,	disk_smart_test_end,	,	0,	,	,	
info,	2024/08/04 00:01:20,	/dev/sdpc,	ST4000NM002A,	WS23LDC0,	RX1217rp-1,	12,	disk_smart_test_end,	,	0,	,	,	
info,	2024/08/04 00:01:13,	/dev/sdob,	ST4000NM002A,	WS23LD51,	RX1217rp-1,	8,	disk_smart_test_end,	,	0,	,	,	
info,	2024/08/04 00:01:13,	/dev/sdpa,	ST4000NM002A,	WS23LD22,	RX1217rp-1,	10,	disk_smart_test_end,	,	0,	,	,	
info,	2024/08/04 00:01:12,	/dev/sdmc,	ST4000NM0035-1V4107,	ZC11XPD8,	RX1217rp-1,	3,	disk_smart_test_end,	,	0,	,	,	
info,	2024/08/04 00:01:12,	/dev/sdoa,	ST4000NM002A,	WS23LDF5,	RX1217rp-1,	7,	disk_smart_test_end,	,	0,	,	,	
info,	2024/08/04 00:01:11,	/dev/sdl,	ST4000NM0035-1V4107,	ZC184H3P,	RS3617RPxs,	12,	disk_smart_test_end,	,	0,	,	,	
info,	2024/08/04 00:01:11,	/dev/sdma,	ST4000NM0035-1V4107,	ZC129286,	RX1217rp-1,	1,	disk_smart_test_end,	,	0,	,	,	
info,	2024/08/04 00:01:11,	/dev/sdna,	ST4000NM0035-1V4107,	ZC124SEN,	RX1217rp-1,	4,	disk_smart_test_end,	,	0,	,	,	
info,	2024/08/04 00:01:11,	/dev/sdnc,	ST4000NM0035-1V4107,	ZC15VT6Z,	RX1217rp-1,	6,	disk_smart_test_end,	,	0,	,	,	
info,	2024/08/04 00:01:11,	/dev/sdmb,	ST4000NM0035-1V4107,	ZC11M9S0,	RX1217rp-1,	2,	disk_smart_test_end,	,	0,	,	,	
info,	2024/08/04 00:01:11,	/dev/sdnb,	ST4000NM0035-1V4107,	ZC19PFSG,	RX1217rp-1,	5,	disk_smart_test_end,	,	0,	,	,	
info,	2024/08/04 00:01:05,	/dev/sdh,	ST4000NM0035-1V4107,	ZC1B50Q0,	RS3617RPxs,	8,	disk_smart_test_end,	,	0,	,	,	
info,	2024/08/04 00:01:05,	/dev/sde,	ST4000NM0035-1V4107,	ZC17TJHN,	RS3617RPxs,	5,	disk_smart_test_end,	,	0,	,	,	
info,	2024/08/04 00:01:05,	/dev/sdf,	ST4000NM0035-1V4107,	ZC17ZSKN,	RS3617RPxs,	6,	disk_smart_test_end,	,	0,	,	,	
info,	2024/08/04 00:01:05,	/dev/sdj,	ST4000NM0035-1V4107,	ZC1BVAJH,	RS3617RPxs,	10,	disk_smart_test_end,	,	0,	,	,	
info,	2024/08/04 00:01:05,	/dev/sdc,	ST4000NM0035-1V4107,	ZC12PNH9,	RS3617RPxs,	3,	disk_smart_test_end,	,	0,	,	,	
info,	2024/08/04 00:01:04,	/dev/sdg,	ST4000NM0035-1V4107,	ZC1ASSRR,	RS3617RPxs,	7,	disk_smart_test_end,	,	0,	,	,	
info,	2024/08/04 00:01:04,	/dev/sda,	ST4000NM0115-1YZ107,	ZC124E4Y,	RS3617RPxs,	1,	disk_smart_test_end,	,	0,	,	,	
info,	2024/08/04 00:01:04,	/dev/sdd,	ST4000NM0035-1V4107,	ZC13E3RC,	RS3617RPxs,	4,	disk_smart_test_end,	,	0,	,	,	
info,	2024/08/04 00:01:04,	/dev/sdk,	ST4000NM0035-1V4107,	ZC1BVTDZ,	RS3617RPxs,	11,	disk_smart_test_end,	,	0,	,	,	
info,	2024/08/04 00:01:03,	/dev/sdi,	ST4000NM0035-1V4107,	ZC1BVKQ6,	RS3617RPxs,	9,	disk_smart_test_end,	,	0,	,	,	
info,	2024/08/04 00:01:03,	/dev/sdb,	ST4000NM0035-1V4107,	ZC1BAL3S,	RS3617RPxs,	2,	disk_smart_test_end,	,	0,	,	,	
info,	2024/08/04 00:00:13,	/dev/sdpb,	ST4000NM002A,	WS23LDK4,	RX1217rp-1,	11,	disk_smart_test_start,	,	0,	,	,	
info,	2024/08/04 00:00:13,	/dev/sdpc,	ST4000NM002A,	WS23LDC0,	RX1217rp-1,	12,	disk_smart_test_start,	,	0,	,	,	
info,	2024/08/04 00:00:12,	/dev/sdpa,	ST4000NM002A,	WS23LD22,	RX1217rp-1,	10,	disk_smart_test_start,	,	0,	,	,	
info,	2024/08/04 00:00:11,	/dev/sdoc,	ST4000NM002A,	WS23LDJ2,	RX1217rp-1,	9,	disk_smart_test_start,	,	0,	,	,	
info,	2024/08/04 00:00:10,	/dev/sdob,	ST4000NM002A,	WS23LD51,	RX1217rp-1,	8,	disk_smart_test_start,	,	0,	,	,	
info,	2024/08/04 00:00:09,	/dev/sdoa,	ST4000NM002A,	WS23LDF5,	RX1217rp-1,	7,	disk_smart_test_start,	,	0,	,	,	
info,	2024/08/04 00:00:08,	/dev/sdna,	ST4000NM0035-1V4107,	ZC124SEN,	RX1217rp-1,	4,	disk_smart_test_start,	,	0,	,	,	
info,	2024/08/04 00:00:08,	/dev/sdnb,	ST4000NM0035-1V4107,	ZC19PFSG,	RX1217rp-1,	5,	disk_smart_test_start,	,	0,	,	,	
info,	2024/08/04 00:00:08,	/dev/sdnc,	ST4000NM0035-1V4107,	ZC15VT6Z,	RX1217rp-1,	6,	disk_smart_test_start,	,	0,	,	,	
info,	2024/08/04 00:00:07,	/dev/sdmb,	ST4000NM0035-1V4107,	ZC11M9S0,	RX1217rp-1,	2,	disk_smart_test_start,	,	0,	,	,	
info,	2024/08/04 00:00:07,	/dev/sdmc,	ST4000NM0035-1V4107,	ZC11XPD8,	RX1217rp-1,	3,	disk_smart_test_start,	,	0,	,	,	
info,	2024/08/04 00:00:06,	/dev/sdk,	ST4000NM0035-1V4107,	ZC1BVTDZ,	RS3617RPxs,	11,	disk_smart_test_start,	,	0,	,	,	
info,	2024/08/04 00:00:06,	/dev/sdl,	ST4000NM0035-1V4107,	ZC184H3P,	RS3617RPxs,	12,	disk_smart_test_start,	,	0,	,	,	
info,	2024/08/04 00:00:06,	/dev/sdma,	ST4000NM0035-1V4107,	ZC129286,	RX1217rp-1,	1,	disk_smart_test_start,	,	0,	,	,	
info,	2024/08/04 00:00:05,	/dev/sdh,	ST4000NM0035-1V4107,	ZC1B50Q0,	RS3617RPxs,	8,	disk_smart_test_start,	,	0,	,	,	
info,	2024/08/04 00:00:05,	/dev/sdi,	ST4000NM0035-1V4107,	ZC1BVKQ6,	RS3617RPxs,	9,	disk_smart_test_start,	,	0,	,	,	
info,	2024/08/04 00:00:05,	/dev/sdj,	ST4000NM0035-1V4107,	ZC1BVAJH,	RS3617RPxs,	10,	disk_smart_test_start,	,	0,	,	,	
info,	2024/08/04 00:00:04,	/dev/sde,	ST4000NM0035-1V4107,	ZC17TJHN,	RS3617RPxs,	5,	disk_smart_test_start,	,	0,	,	,	
info,	2024/08/04 00:00:04,	/dev/sdf,	ST4000NM0035-1V4107,	ZC17ZSKN,	RS3617RPxs,	6,	disk_smart_test_start,	,	0,	,	,	
info,	2024/08/04 00:00:04,	/dev/sdg,	ST4000NM0035-1V4107,	ZC1ASSRR,	RS3617RPxs,	7,	disk_smart_test_start,	,	0,	,	,	
info,	2024/08/04 00:00:03,	/dev/sdb,	ST4000NM0035-1V4107,	ZC1BAL3S,	RS3617RPxs,	2,	disk_smart_test_start,	,	0,	,	,	
info,	2024/08/04 00:00:03,	/dev/sdc,	ST4000NM0035-1V4107,	ZC12PNH9,	RS3617RPxs,	3,	disk_smart_test_start,	,	0,	,	,	
info,	2024/08/04 00:00:03,	/dev/sdd,	ST4000NM0035-1V4107,	ZC13E3RC,	RS3617RPxs,	4,	disk_smart_test_start,	,	0,	,	,	
info,	2024/08/04 00:00:02,	/dev/sda,	ST4000NM0115-1YZ107,	ZC124E4Y,	RS3617RPxs,	1,	disk_smart_test_start,	,	0,	,	,	
debug,	2024/07/18 12:25:32,	/dev/sdoa,	ST4000NM002A,	WS23LDF5,	RX1217rp-1,	7,	disk_refresh,	,	0,	,	,	
debug,	2024/07/18 12:25:32,	/dev/sdob,	ST4000NM002A,	WS23LD51,	RX1217rp-1,	8,	disk_refresh,	,	0,	,	,	
debug,	2024/07/18 12:25:32,	/dev/sdoc,	ST4000NM002A,	WS23LDJ2,	RX1217rp-1,	9,	disk_refresh,	,	0,	,	,	
debug,	2024/07/18 12:25:32,	/dev/sdpa,	ST4000NM002A,	WS23LD22,	RX1217rp-1,	10,	disk_refresh,	,	0,	,	,	
debug,	2024/07/18 12:25:32,	/dev/sdpb,	ST4000NM002A,	WS23LDK4,	RX1217rp-1,	11,	disk_refresh,	,	0,	,	,	
debug,	2024/07/18 12:25:32,	/dev/sdpc,	ST4000NM002A,	WS23LDC0,	RX1217rp-1,	12,	disk_refresh,	,	0,	,	,	
debug,	2024/07/18 12:25:31,	/dev/sde,	ST4000NM0035-1V4107,	ZC17TJHN,	RS3617RPxs,	5,	disk_refresh,	,	0,	,	,	
debug,	2024/07/18 12:25:31,	/dev/sdf,	ST4000NM0035-1V4107,	ZC17ZSKN,	RS3617RPxs,	6,	disk_refresh,	,	0,	,	,	
debug,	2024/07/18 12:25:31,	/dev/sdg,	ST4000NM0035-1V4107,	ZC1ASSRR,	RS3617RPxs,	7,	disk_refresh,	,	0,	,	,	
debug,	2024/07/18 12:25:31,	/dev/sdh,	ST4000NM0035-1V4107,	ZC1B50Q0,	RS3617RPxs,	8,	disk_refresh,	,	0,	,	,	
debug,	2024/07/18 12:25:31,	/dev/sdi,	ST4000NM0035-1V4107,	ZC1BVKQ6,	RS3617RPxs,	9,	disk_refresh,	,	0,	,	,	
debug,	2024/07/18 12:25:31,	/dev/sdj,	ST4000NM0035-1V4107,	ZC1BVAJH,	RS3617RPxs,	10,	disk_refresh,	,	0,	,	,	
debug,	2024/07/18 12:25:31,	/dev/sdma,	ST4000NM0035-1V4107,	ZC129286,	RX1217rp-1,	1,	disk_refresh,	,	0,	,	,	
debug,	2024/07/18 12:25:31,	/dev/sdmb,	ST4000NM0035-1V4107,	ZC11M9S0,	RX1217rp-1,	2,	disk_refresh,	,	0,	,	,	
debug,	2024/07/18 12:25:31,	/dev/sdmc,	ST4000NM0035-1V4107,	ZC11XPD8,	RX1217rp-1,	3,	disk_refresh,	,	0,	,	,	
debug,	2024/07/18 12:25:31,	/dev/sdna,	ST4000NM0035-1V4107,	ZC124SEN,	RX1217rp-1,	4,	disk_refresh,	,	0,	,	,	
debug,	2024/07/18 12:25:31,	/dev/sdnb,	ST4000NM0035-1V4107,	ZC19PFSG,	RX1217rp-1,	5,	disk_refresh,	,	0,	,	,	
debug,	2024/07/18 12:25:31,	/dev/sdnc,	ST4000NM0035-1V4107,	ZC15VT6Z,	RX1217rp-1,	6,	disk_refresh,	,	0,	,	,	
debug,	2024/07/18 12:25:30,	/dev/sda,	ST4000NM0115-1YZ107,	ZC124E4Y,	RS3617RPxs,	1,	disk_refresh,	,	0,	,	,	
debug,	2024/07/18 12:25:30,	/dev/sdb,	ST4000NM0035-1V4107,	ZC1BAL3S,	RS3617RPxs,	2,	disk_refresh,	,	0,	,	,	
debug,	2024/07/18 12:25:30,	/dev/sdk,	ST4000NM0035-1V4107,	ZC1BVTDZ,	RS3617RPxs,	11,	disk_refresh,	,	0,	,	,	
debug,	2024/07/18 12:25:30,	/dev/sdl,	ST4000NM0035-1V4107,	ZC184H3P,	RS3617RPxs,	12,	disk_refresh,	,	0,	,	,	
debug,	2024/07/18 12:25:30,	/dev/sdc,	ST4000NM0035-1V4107,	ZC12PNH9,	RS3617RPxs,	3,	disk_refresh,	,	0,	,	,	
debug,	2024/07/18 12:25:30,	/dev/sdd,	ST4000NM0035-1V4107,	ZC13E3RC,	RS3617RPxs,	4,	disk_refresh,	,	0,	,	,	
debug,	2024/07/18 09:19:46,	/dev/sdoa,	ST4000NM002A,	WS23LDF5,	RX1217rp-1,	7,	disk_refresh,	,	0,	,	,	
debug,	2024/07/18 09:19:46,	/dev/sdob,	ST4000NM002A,	WS23LD51,	RX1217rp-1,	8,	disk_refresh,	,	0,	,	,	
debug,	2024/07/18 09:19:46,	/dev/sdoc,	ST4000NM002A,	WS23LDJ2,	RX1217rp-1,	9,	disk_refresh,	,	0,	,	,	
debug,	2024/07/18 09:19:46,	/dev/sdpa,	ST4000NM002A,	WS23LD22,	RX1217rp-1,	10,	disk_refresh,	,	0,	,	,	
debug,	2024/07/18 09:19:46,	/dev/sdpb,	ST4000NM002A,	WS23LDK4,	RX1217rp-1,	11,	disk_refresh,	,	0,	,	,	
debug,	2024/07/18 09:19:46,	/dev/sdpc,	ST4000NM002A,	WS23LDC0,	RX1217rp-1,	12,	disk_refresh,	,	0,	,	,	
debug,	2024/07/18 09:19:45,	/dev/sdg,	ST4000NM0035-1V4107,	ZC1ASSRR,	RS3617RPxs,	7,	disk_refresh,	,	0,	,	,	
debug,	2024/07/18 09:19:45,	/dev/sdh,	ST4000NM0035-1V4107,	ZC1B50Q0,	RS3617RPxs,	8,	disk_refresh,	,	0,	,	,	
debug,	2024/07/18 09:19:45,	/dev/sdi,	ST4000NM0035-1V4107,	ZC1BVKQ6,	RS3617RPxs,	9,	disk_refresh,	,	0,	,	,	
debug,	2024/07/18 09:19:45,	/dev/sdj,	ST4000NM0035-1V4107,	ZC1BVAJH,	RS3617RPxs,	10,	disk_refresh,	,	0,	,	,	
debug,	2024/07/18 09:19:45,	/dev/sdma,	ST4000NM0035-1V4107,	ZC129286,	RX1217rp-1,	1,	disk_refresh,	,	0,	,	,	
debug,	2024/07/18 09:19:45,	/dev/sdmb,	ST4000NM0035-1V4107,	ZC11M9S0,	RX1217rp-1,	2,	disk_refresh,	,	0,	,	,	
debug,	2024/07/18 09:19:45,	/dev/sdmc,	ST4000NM0035-1V4107,	ZC11XPD8,	RX1217rp-1,	3,	disk_refresh,	,	0,	,	,	
debug,	2024/07/18 09:19:45,	/dev/sdna,	ST4000NM0035-1V4107,	ZC124SEN,	RX1217rp-1,	4,	disk_refresh,	,	0,	,	,	
debug,	2024/07/18 09:19:45,	/dev/sdnb,	ST4000NM0035-1V4107,	ZC19PFSG,	RX1217rp-1,	5,	disk_refresh,	,	0,	,	,	
debug,	2024/07/18 09:19:45,	/dev/sdnc,	ST4000NM0035-1V4107,	ZC15VT6Z,	RX1217rp-1,	6,	disk_refresh,	,	0,	,	,	
debug,	2024/07/18 09:19:44,	/dev/sdb,	ST4000NM0035-1V4107,	ZC1BAL3S,	RS3617RPxs,	2,	disk_refresh,	,	0,	,	,	
debug,	2024/07/18 09:19:44,	/dev/sdk,	ST4000NM0035-1V4107,	ZC1BVTDZ,	RS3617RPxs,	11,	disk_refresh,	,	0,	,	,	
debug,	2024/07/18 09:19:44,	/dev/sdl,	ST4000NM0035-1V4107,	ZC184H3P,	RS3617RPxs,	12,	disk_refresh,	,	0,	,	,	
debug,	2024/07/18 09:19:44,	/dev/sdc,	ST4000NM0035-1V4107,	ZC12PNH9,	RS3617RPxs,	3,	disk_refresh,	,	0,	,	,	
debug,	2024/07/18 09:19:44,	/dev/sdd,	ST4000NM0035-1V4107,	ZC13E3RC,	RS3617RPxs,	4,	disk_refresh,	,	0,	,	,	
debug,	2024/07/18 09:19:44,	/dev/sde,	ST4000NM0035-1V4107,	ZC17TJHN,	RS3617RPxs,	5,	disk_refresh,	,	0,	,	,	
debug,	2024/07/18 09:19:44,	/dev/sdf,	ST4000NM0035-1V4107,	ZC17ZSKN,	RS3617RPxs,	6,	disk_refresh,	,	0,	,	,	
debug,	2024/07/18 09:19:43,	/dev/sda,	ST4000NM0115-1YZ107,	ZC124E4Y,	RS3617RPxs,	1,	disk_refresh,	,	0,	,	,	
info,	2024/07/04 00:01:42,	/dev/sdpb,	ST4000NM002A,	WS23LDK4,	RX1217rp-1,	11,	disk_smart_test_end,	,	0,	,	,	
info,	2024/07/04 00:01:13,	/dev/sdpa,	ST4000NM002A,	WS23LD22,	RX1217rp-1,	10,	disk_smart_test_end,	,	0,	,	,	
info,	2024/07/04 00:01:13,	/dev/sdoc,	ST4000NM002A,	WS23LDJ2,	RX1217rp-1,	9,	disk_smart_test_end,	,	0,	,	,	
info,	2024/07/04 00:01:13,	/dev/sdob,	ST4000NM002A,	WS23LD51,	RX1217rp-1,	8,	disk_smart_test_end,	,	0,	,	,	
info,	2024/07/04 00:01:12,	/dev/sdmc,	ST4000NM0035-1V4107,	ZC11XPD8,	RX1217rp-1,	3,	disk_smart_test_end,	,	0,	,	,	
info,	2024/07/04 00:01:12,	/dev/sdnb,	ST4000NM0035-1V4107,	ZC19PFSG,	RX1217rp-1,	5,	disk_smart_test_end,	,	0,	,	,	
info,	2024/07/04 00:01:12,	/dev/sdna,	ST4000NM0035-1V4107,	ZC124SEN,	RX1217rp-1,	4,	disk_smart_test_end,	,	0,	,	,	
info,	2024/07/04 00:01:12,	/dev/sdnc,	ST4000NM0035-1V4107,	ZC15VT6Z,	RX1217rp-1,	6,	disk_smart_test_end,	,	0,	,	,	
info,	2024/07/04 00:01:12,	/dev/sdpc,	ST4000NM002A,	WS23LDC0,	RX1217rp-1,	12,	disk_smart_test_end,	,	0,	,	,	
info,	2024/07/04 00:01:12,	/dev/sdoa,	ST4000NM002A,	WS23LDF5,	RX1217rp-1,	7,	disk_smart_test_end,	,	0,	,	,	
info,	2024/07/04 00:01:06,	/dev/sdi,	ST4000NM0035-1V4107,	ZC1BVKQ6,	RS3617RPxs,	9,	disk_smart_test_end,	,	0,	,	,	
info,	2024/07/04 00:01:06,	/dev/sdma,	ST4000NM0035-1V4107,	ZC129286,	RX1217rp-1,	1,	disk_smart_test_end,	,	0,	,	,	
info,	2024/07/04 00:01:06,	/dev/sdd,	ST4000NM0035-1V4107,	ZC13E3RC,	RS3617RPxs,	4,	disk_smart_test_end,	,	0,	,	,	
info,	2024/07/04 00:01:06,	/dev/sdc,	ST4000NM0035-1V4107,	ZC12PNH9,	RS3617RPxs,	3,	disk_smart_test_end,	,	0,	,	,	
info,	2024/07/04 00:01:05,	/dev/sdl,	ST4000NM0035-1V4107,	ZC184H3P,	RS3617RPxs,	12,	disk_smart_test_end,	,	0,	,	,	
info,	2024/07/04 00:01:05,	/dev/sde,	ST4000NM0035-1V4107,	ZC17TJHN,	RS3617RPxs,	5,	disk_smart_test_end,	,	0,	,	,	
info,	2024/07/04 00:01:04,	/dev/sdg,	ST4000NM0035-1V4107,	ZC1ASSRR,	RS3617RPxs,	7,	disk_smart_test_end,	,	0,	,	,	
info,	2024/07/04 00:01:04,	/dev/sdh,	ST4000NM0035-1V4107,	ZC1B50Q0,	RS3617RPxs,	8,	disk_smart_test_end,	,	0,	,	,	
info,	2024/07/04 00:01:04,	/dev/sdk,	ST4000NM0035-1V4107,	ZC1BVTDZ,	RS3617RPxs,	11,	disk_smart_test_end,	,	0,	,	,	
info,	2024/07/04 00:01:04,	/dev/sdj,	ST4000NM0035-1V4107,	ZC1BVAJH,	RS3617RPxs,	10,	disk_smart_test_end,	,	0,	,	,	
info,	2024/07/04 00:01:04,	/dev/sdmb,	ST4000NM0035-1V4107,	ZC11M9S0,	RX1217rp-1,	2,	disk_smart_test_end,	,	0,	,	,	
info,	2024/07/04 00:01:04,	/dev/sdf,	ST4000NM0035-1V4107,	ZC17ZSKN,	RS3617RPxs,	6,	disk_smart_test_end,	,	0,	,	,	
info,	2024/07/04 00:01:03,	/dev/sdb,	ST4000NM0035-1V4107,	ZC1BAL3S,	RS3617RPxs,	2,	disk_smart_test_end,	,	0,	,	,	
info,	2024/07/04 00:01:03,	/dev/sda,	ST4000NM0115-1YZ107,	ZC124E4Y,	RS3617RPxs,	1,	disk_smart_test_end,	,	0,	,	,	
info,	2024/07/04 00:00:11,	/dev/sdpb,	ST4000NM002A,	WS23LDK4,	RX1217rp-1,	11,	disk_smart_test_start,	,	0,	,	,	
info,	2024/07/04 00:00:11,	/dev/sdpc,	ST4000NM002A,	WS23LDC0,	RX1217rp-1,	12,	disk_smart_test_start,	,	0,	,	,	
info,	2024/07/04 00:00:10,	/dev/sdpa,	ST4000NM002A,	WS23LD22,	RX1217rp-1,	10,	disk_smart_test_start,	,	0,	,	,	
info,	2024/07/04 00:00:09,	/dev/sdoc,	ST4000NM002A,	WS23LDJ2,	RX1217rp-1,	9,	disk_smart_test_start,	,	0,	,	,	
info,	2024/07/04 00:00:08,	/dev/sdoa,	ST4000NM002A,	WS23LDF5,	RX1217rp-1,	7,	disk_smart_test_start,	,	0,	,	,	
info,	2024/07/04 00:00:08,	/dev/sdob,	ST4000NM002A,	WS23LD51,	RX1217rp-1,	8,	disk_smart_test_start,	,	0,	,	,	
info,	2024/07/04 00:00:07,	/dev/sdnb,	ST4000NM0035-1V4107,	ZC19PFSG,	RX1217rp-1,	5,	disk_smart_test_start,	,	0,	,	,	
info,	2024/07/04 00:00:07,	/dev/sdnc,	ST4000NM0035-1V4107,	ZC15VT6Z,	RX1217rp-1,	6,	disk_smart_test_start,	,	0,	,	,	
info,	2024/07/04 00:00:06,	/dev/sdmc,	ST4000NM0035-1V4107,	ZC11XPD8,	RX1217rp-1,	3,	disk_smart_test_start,	,	0,	,	,	
info,	2024/07/04 00:00:06,	/dev/sdna,	ST4000NM0035-1V4107,	ZC124SEN,	RX1217rp-1,	4,	disk_smart_test_start,	,	0,	,	,	
info,	2024/07/04 00:00:05,	/dev/sdl,	ST4000NM0035-1V4107,	ZC184H3P,	RS3617RPxs,	12,	disk_smart_test_start,	,	0,	,	,	
info,	2024/07/04 00:00:05,	/dev/sdma,	ST4000NM0035-1V4107,	ZC129286,	RX1217rp-1,	1,	disk_smart_test_start,	,	0,	,	,	
info,	2024/07/04 00:00:05,	/dev/sdmb,	ST4000NM0035-1V4107,	ZC11M9S0,	RX1217rp-1,	2,	disk_smart_test_start,	,	0,	,	,	
info,	2024/07/04 00:00:04,	/dev/sdi,	ST4000NM0035-1V4107,	ZC1BVKQ6,	RS3617RPxs,	9,	disk_smart_test_start,	,	0,	,	,	
info,	2024/07/04 00:00:04,	/dev/sdj,	ST4000NM0035-1V4107,	ZC1BVAJH,	RS3617RPxs,	10,	disk_smart_test_start,	,	0,	,	,	
info,	2024/07/04 00:00:04,	/dev/sdk,	ST4000NM0035-1V4107,	ZC1BVTDZ,	RS3617RPxs,	11,	disk_smart_test_start,	,	0,	,	,	
info,	2024/07/04 00:00:03,	/dev/sde,	ST4000NM0035-1V4107,	ZC17TJHN,	RS3617RPxs,	5,	disk_smart_test_start,	,	0,	,	,	
info,	2024/07/04 00:00:03,	/dev/sdf,	ST4000NM0035-1V4107,	ZC17ZSKN,	RS3617RPxs,	6,	disk_smart_test_start,	,	0,	,	,	
info,	2024/07/04 00:00:03,	/dev/sdg,	ST4000NM0035-1V4107,	ZC1ASSRR,	RS3617RPxs,	7,	disk_smart_test_start,	,	0,	,	,	
info,	2024/07/04 00:00:03,	/dev/sdh,	ST4000NM0035-1V4107,	ZC1B50Q0,	RS3617RPxs,	8,	disk_smart_test_start,	,	0,	,	,	
info,	2024/07/04 00:00:02,	/dev/sdb,	ST4000NM0035-1V4107,	ZC1BAL3S,	RS3617RPxs,	2,	disk_smart_test_start,	,	0,	,	,	
info,	2024/07/04 00:00:02,	/dev/sdc,	ST4000NM0035-1V4107,	ZC12PNH9,	RS3617RPxs,	3,	disk_smart_test_start,	,	0,	,	,	
info,	2024/07/04 00:00:02,	/dev/sdd,	ST4000NM0035-1V4107,	ZC13E3RC,	RS3617RPxs,	4,	disk_smart_test_start,	,	0,	,	,	
info,	2024/07/04 00:00:01,	/dev/sda,	ST4000NM0115-1YZ107,	ZC124E4Y,	RS3617RPxs,	1,	disk_smart_test_start,	,	0,	,	,	
debug,	2024/06/10 13:35:15,	/dev/sdob,	ST4000NM002A,	WS23LD51,	RX1217rp-1,	8,	disk_refresh,	,	0,	,	,	
debug,	2024/06/10 13:35:15,	/dev/sdoc,	ST4000NM002A,	WS23LDJ2,	RX1217rp-1,	9,	disk_refresh,	,	0,	,	,	
debug,	2024/06/10 13:35:15,	/dev/sdpa,	ST4000NM002A,	WS23LD22,	RX1217rp-1,	10,	disk_refresh,	,	0,	,	,	
debug,	2024/06/10 13:35:15,	/dev/sdpb,	ST4000NM002A,	WS23LDK4,	RX1217rp-1,	11,	disk_refresh,	,	0,	,	,	
debug,	2024/06/10 13:35:15,	/dev/sdpc,	ST4000NM002A,	WS23LDC0,	RX1217rp-1,	12,	disk_refresh,	,	0,	,	,	
debug,	2024/06/10 13:35:14,	/dev/sdi,	ST4000NM0035-1V4107,	ZC1BVKQ6,	RS3617RPxs,	9,	disk_refresh,	,	0,	,	,	
debug,	2024/06/10 13:35:14,	/dev/sdj,	ST4000NM0035-1V4107,	ZC1BVAJH,	RS3617RPxs,	10,	disk_refresh,	,	0,	,	,	
debug,	2024/06/10 13:35:14,	/dev/sdma,	ST4000NM0035-1V4107,	ZC129286,	RX1217rp-1,	1,	disk_refresh,	,	0,	,	,	
debug,	2024/06/10 13:35:14,	/dev/sdmb,	ST4000NM0035-1V4107,	ZC11M9S0,	RX1217rp-1,	2,	disk_refresh,	,	0,	,	,	
debug,	2024/06/10 13:35:14,	/dev/sdmc,	ST4000NM0035-1V4107,	ZC11XPD8,	RX1217rp-1,	3,	disk_refresh,	,	0,	,	,	
debug,	2024/06/10 13:35:14,	/dev/sdna,	ST4000NM0035-1V4107,	ZC124SEN,	RX1217rp-1,	4,	disk_refresh,	,	0,	,	,	
debug,	2024/06/10 13:35:14,	/dev/sdnb,	ST4000NM0035-1V4107,	ZC19PFSG,	RX1217rp-1,	5,	disk_refresh,	,	0,	,	,	
debug,	2024/06/10 13:35:14,	/dev/sdnc,	ST4000NM0035-1V4107,	ZC15VT6Z,	RX1217rp-1,	6,	disk_refresh,	,	0,	,	,	
debug,	2024/06/10 13:35:14,	/dev/sdoa,	ST4000NM002A,	WS23LDF5,	RX1217rp-1,	7,	disk_refresh,	,	0,	,	,	
debug,	2024/06/10 13:35:13,	/dev/sda,	ST4000NM0115-1YZ107,	ZC124E4Y,	RS3617RPxs,	1,	disk_refresh,	,	0,	,	,	
debug,	2024/06/10 13:35:13,	/dev/sdb,	ST4000NM0035-1V4107,	ZC1BAL3S,	RS3617RPxs,	2,	disk_refresh,	,	0,	,	,	
debug,	2024/06/10 13:35:13,	/dev/sdk,	ST4000NM0035-1V4107,	ZC1BVTDZ,	RS3617RPxs,	11,	disk_refresh,	,	0,	,	,	
debug,	2024/06/10 13:35:13,	/dev/sdl,	ST4000NM0035-1V4107,	ZC184H3P,	RS3617RPxs,	12,	disk_refresh,	,	0,	,	,	
debug,	2024/06/10 13:35:13,	/dev/sdc,	ST4000NM0035-1V4107,	ZC12PNH9,	RS3617RPxs,	3,	disk_refresh,	,	0,	,	,	
debug,	2024/06/10 13:35:13,	/dev/sdd,	ST4000NM0035-1V4107,	ZC13E3RC,	RS3617RPxs,	4,	disk_refresh,	,	0,	,	,	
debug,	2024/06/10 13:35:13,	/dev/sde,	ST4000NM0035-1V4107,	ZC17TJHN,	RS3617RPxs,	5,	disk_refresh,	,	0,	,	,	
debug,	2024/06/10 13:35:13,	/dev/sdf,	ST4000NM0035-1V4107,	ZC17ZSKN,	RS3617RPxs,	6,	disk_refresh,	,	0,	,	,	
debug,	2024/06/10 13:35:13,	/dev/sdg,	ST4000NM0035-1V4107,	ZC1ASSRR,	RS3617RPxs,	7,	disk_refresh,	,	0,	,	,	
debug,	2024/06/10 13:35:13,	/dev/sdh,	ST4000NM0035-1V4107,	ZC1B50Q0,	RS3617RPxs,	8,	disk_refresh,	,	0,	,	,	
info,	2024/06/04 12:44:44,	/dev/sdpb,	ST4000NM002A,	WS23LDK4,	RX1217rp-1,	11,	disk_smart_test_end,	,	0,	,	,	
info,	2024/06/04 00:02:03,	/dev/sdpc,	ST4000NM002A,	WS23LDC0,	RX1217rp-1,	12,	disk_smart_test_end,	,	0,	,	,	
info,	2024/06/04 00:01:48,	/dev/sdoc,	ST4000NM002A,	WS23LDJ2,	RX1217rp-1,	9,	disk_smart_test_end,	,	0,	,	,	
info,	2024/06/04 00:01:19,	/dev/sdpa,	ST4000NM002A,	WS23LD22,	RX1217rp-1,	10,	disk_smart_test_end,	,	0,	,	,	
info,	2024/06/04 00:01:12,	/dev/sdob,	ST4000NM002A,	WS23LD51,	RX1217rp-1,	8,	disk_smart_test_end,	,	0,	,	,	
info,	2024/06/04 00:01:12,	/dev/sdmc,	ST4000NM0035-1V4107,	ZC11XPD8,	RX1217rp-1,	3,	disk_smart_test_end,	,	0,	,	,	
info,	2024/06/04 00:01:11,	/dev/sdma,	ST4000NM0035-1V4107,	ZC129286,	RX1217rp-1,	1,	disk_smart_test_end,	,	0,	,	,	
info,	2024/06/04 00:01:11,	/dev/sdna,	ST4000NM0035-1V4107,	ZC124SEN,	RX1217rp-1,	4,	disk_smart_test_end,	,	0,	,	,	
info,	2024/06/04 00:01:11,	/dev/sdoa,	ST4000NM002A,	WS23LDF5,	RX1217rp-1,	7,	disk_smart_test_end,	,	0,	,	,	
info,	2024/06/04 00:01:11,	/dev/sdj,	ST4000NM0035-1V4107,	ZC1BVAJH,	RS3617RPxs,	10,	disk_smart_test_end,	,	0,	,	,	
info,	2024/06/04 00:01:11,	/dev/sdnb,	ST4000NM0035-1V4107,	ZC19PFSG,	RX1217rp-1,	5,	disk_smart_test_end,	,	0,	,	,	
info,	2024/06/04 00:01:10,	/dev/sdi,	ST4000NM0035-1V4107,	ZC1BVKQ6,	RS3617RPxs,	9,	disk_smart_test_end,	,	0,	,	,	
info,	2024/06/04 00:01:10,	/dev/sdl,	ST4000NM0035-1V4107,	ZC184H3P,	RS3617RPxs,	12,	disk_smart_test_end,	,	0,	,	,	
info,	2024/06/04 00:01:10,	/dev/sdk,	ST4000NM0035-1V4107,	ZC1BVTDZ,	RS3617RPxs,	11,	disk_smart_test_end,	,	0,	,	,	
info,	2024/06/04 00:01:10,	/dev/sdmb,	ST4000NM0035-1V4107,	ZC11M9S0,	RX1217rp-1,	2,	disk_smart_test_end,	,	0,	,	,	
info,	2024/06/04 00:01:10,	/dev/sdnc,	ST4000NM0035-1V4107,	ZC15VT6Z,	RX1217rp-1,	6,	disk_smart_test_end,	,	0,	,	,	
info,	2024/06/04 00:01:04,	/dev/sda,	ST4000NM0115-1YZ107,	ZC124E4Y,	RS3617RPxs,	1,	disk_smart_test_end,	,	0,	,	,	
info,	2024/06/04 00:01:04,	/dev/sdf,	ST4000NM0035-1V4107,	ZC17ZSKN,	RS3617RPxs,	6,	disk_smart_test_end,	,	0,	,	,	
info,	2024/06/04 00:01:04,	/dev/sdd,	ST4000NM0035-1V4107,	ZC13E3RC,	RS3617RPxs,	4,	disk_smart_test_end,	,	0,	,	,	
info,	2024/06/04 00:01:04,	/dev/sdh,	ST4000NM0035-1V4107,	ZC1B50Q0,	RS3617RPxs,	8,	disk_smart_test_end,	,	0,	,	,	
info,	2024/06/04 00:01:04,	/dev/sdc,	ST4000NM0035-1V4107,	ZC12PNH9,	RS3617RPxs,	3,	disk_smart_test_end,	,	0,	,	,	
info,	2024/06/04 00:01:03,	/dev/sdb,	ST4000NM0035-1V4107,	ZC1BAL3S,	RS3617RPxs,	2,	disk_smart_test_end,	,	0,	,	,	
info,	2024/06/04 00:01:03,	/dev/sdg,	ST4000NM0035-1V4107,	ZC1ASSRR,	RS3617RPxs,	7,	disk_smart_test_end,	,	0,	,	,	
info,	2024/06/04 00:01:03,	/dev/sde,	ST4000NM0035-1V4107,	ZC17TJHN,	RS3617RPxs,	5,	disk_smart_test_end,	,	0,	,	,	
info,	2024/06/04 00:00:18,	/dev/sdpc,	ST4000NM002A,	WS23LDC0,	RX1217rp-1,	12,	disk_smart_test_start,	,	0,	,	,	
info,	2024/06/04 00:00:16,	/dev/sdpb,	ST4000NM002A,	WS23LDK4,	RX1217rp-1,	11,	disk_smart_test_start,	,	0,	,	,	
info,	2024/06/04 00:00:15,	/dev/sdpa,	ST4000NM002A,	WS23LD22,	RX1217rp-1,	10,	disk_smart_test_start,	,	0,	,	,	
info,	2024/06/04 00:00:13,	/dev/sdoc,	ST4000NM002A,	WS23LDJ2,	RX1217rp-1,	9,	disk_smart_test_start,	,	0,	,	,	
info,	2024/06/04 00:00:11,	/dev/sdob,	ST4000NM002A,	WS23LD51,	RX1217rp-1,	8,	disk_smart_test_start,	,	0,	,	,	
info,	2024/06/04 00:00:10,	/dev/sdoa,	ST4000NM002A,	WS23LDF5,	RX1217rp-1,	7,	disk_smart_test_start,	,	0,	,	,	
info,	2024/06/04 00:00:09,	/dev/sdnb,	ST4000NM0035-1V4107,	ZC19PFSG,	RX1217rp-1,	5,	disk_smart_test_start,	,	0,	,	,	
info,	2024/06/04 00:00:09,	/dev/sdnc,	ST4000NM0035-1V4107,	ZC15VT6Z,	RX1217rp-1,	6,	disk_smart_test_start,	,	0,	,	,	
info,	2024/06/04 00:00:08,	/dev/sdna,	ST4000NM0035-1V4107,	ZC124SEN,	RX1217rp-1,	4,	disk_smart_test_start,	,	0,	,	,	
info,	2024/06/04 00:00:07,	/dev/sdmb,	ST4000NM0035-1V4107,	ZC11M9S0,	RX1217rp-1,	2,	disk_smart_test_start,	,	0,	,	,	
info,	2024/06/04 00:00:07,	/dev/sdmc,	ST4000NM0035-1V4107,	ZC11XPD8,	RX1217rp-1,	3,	disk_smart_test_start,	,	0,	,	,	
info,	2024/06/04 00:00:06,	/dev/sdk,	ST4000NM0035-1V4107,	ZC1BVTDZ,	RS3617RPxs,	11,	disk_smart_test_start,	,	0,	,	,	
info,	2024/06/04 00:00:06,	/dev/sdl,	ST4000NM0035-1V4107,	ZC184H3P,	RS3617RPxs,	12,	disk_smart_test_start,	,	0,	,	,	
info,	2024/06/04 00:00:06,	/dev/sdma,	ST4000NM0035-1V4107,	ZC129286,	RX1217rp-1,	1,	disk_smart_test_start,	,	0,	,	,	
info,	2024/06/04 00:00:05,	/dev/sdi,	ST4000NM0035-1V4107,	ZC1BVKQ6,	RS3617RPxs,	9,	disk_smart_test_start,	,	0,	,	,	
info,	2024/06/04 00:00:05,	/dev/sdj,	ST4000NM0035-1V4107,	ZC1BVAJH,	RS3617RPxs,	10,	disk_smart_test_start,	,	0,	,	,	
info,	2024/06/04 00:00:04,	/dev/sdg,	ST4000NM0035-1V4107,	ZC1ASSRR,	RS3617RPxs,	7,	disk_smart_test_start,	,	0,	,	,	
info,	2024/06/04 00:00:04,	/dev/sdh,	ST4000NM0035-1V4107,	ZC1B50Q0,	RS3617RPxs,	8,	disk_smart_test_start,	,	0,	,	,	
info,	2024/06/04 00:00:03,	/dev/sdd,	ST4000NM0035-1V4107,	ZC13E3RC,	RS3617RPxs,	4,	disk_smart_test_start,	,	0,	,	,	
info,	2024/06/04 00:00:03,	/dev/sde,	ST4000NM0035-1V4107,	ZC17TJHN,	RS3617RPxs,	5,	disk_smart_test_start,	,	0,	,	,	
info,	2024/06/04 00:00:03,	/dev/sdf,	ST4000NM0035-1V4107,	ZC17ZSKN,	RS3617RPxs,	6,	disk_smart_test_start,	,	0,	,	,	
info,	2024/06/04 00:00:02,	/dev/sdb,	ST4000NM0035-1V4107,	ZC1BAL3S,	RS3617RPxs,	2,	disk_smart_test_start,	,	0,	,	,	
info,	2024/06/04 00:00:02,	/dev/sdc,	ST4000NM0035-1V4107,	ZC12PNH9,	RS3617RPxs,	3,	disk_smart_test_start,	,	0,	,	,	
info,	2024/06/04 00:00:01,	/dev/sda,	ST4000NM0115-1YZ107,	ZC124E4Y,	RS3617RPxs,	1,	disk_smart_test_start,	,	0,	,	,	
debug,	2024/05/30 16:16:21,	/dev/sdpb,	ST4000NM002A,	WS23LDK4,	RX1217rp-1,	11,	disk_refresh,	,	0,	,	,	
debug,	2024/05/30 16:16:21,	/dev/sdpc,	ST4000NM002A,	WS23LDC0,	RX1217rp-1,	12,	disk_refresh,	,	0,	,	,	
debug,	2024/05/30 16:16:20,	/dev/sdi,	ST4000NM0035-1V4107,	ZC1BVKQ6,	RS3617RPxs,	9,	disk_refresh,	,	0,	,	,	
debug,	2024/05/30 16:16:20,	/dev/sdj,	ST4000NM0035-1V4107,	ZC1BVAJH,	RS3617RPxs,	10,	disk_refresh,	,	0,	,	,	
debug,	2024/05/30 16:16:20,	/dev/sdma,	ST4000NM0035-1V4107,	ZC129286,	RX1217rp-1,	1,	disk_refresh,	,	0,	,	,	
debug,	2024/05/30 16:16:20,	/dev/sdmb,	ST4000NM0035-1V4107,	ZC11M9S0,	RX1217rp-1,	2,	disk_refresh,	,	0,	,	,	
debug,	2024/05/30 16:16:20,	/dev/sdmc,	ST4000NM0035-1V4107,	ZC11XPD8,	RX1217rp-1,	3,	disk_refresh,	,	0,	,	,	
debug,	2024/05/30 16:16:20,	/dev/sdna,	ST4000NM0035-1V4107,	ZC124SEN,	RX1217rp-1,	4,	disk_refresh,	,	0,	,	,	
debug,	2024/05/30 16:16:20,	/dev/sdnb,	ST4000NM0035-1V4107,	ZC19PFSG,	RX1217rp-1,	5,	disk_refresh,	,	0,	,	,	
debug,	2024/05/30 16:16:20,	/dev/sdnc,	ST4000NM0035-1V4107,	ZC15VT6Z,	RX1217rp-1,	6,	disk_refresh,	,	0,	,	,	
debug,	2024/05/30 16:16:20,	/dev/sdoa,	ST4000NM002A,	WS23LDF5,	RX1217rp-1,	7,	disk_refresh,	,	0,	,	,	
debug,	2024/05/30 16:16:20,	/dev/sdob,	ST4000NM002A,	WS23LD51,	RX1217rp-1,	8,	disk_refresh,	,	0,	,	,	
debug,	2024/05/30 16:16:20,	/dev/sdoc,	ST4000NM002A,	WS23LDJ2,	RX1217rp-1,	9,	disk_refresh,	,	0,	,	,	
debug,	2024/05/30 16:16:20,	/dev/sdpa,	ST4000NM002A,	WS23LD22,	RX1217rp-1,	10,	disk_refresh,	,	0,	,	,	
debug,	2024/05/30 16:16:19,	/dev/sda,	ST4000NM0115-1YZ107,	ZC124E4Y,	RS3617RPxs,	1,	disk_refresh,	,	0,	,	,	
debug,	2024/05/30 16:16:19,	/dev/sdb,	ST4000NM0035-1V4107,	ZC1BAL3S,	RS3617RPxs,	2,	disk_refresh,	,	0,	,	,	
debug,	2024/05/30 16:16:19,	/dev/sdk,	ST4000NM0035-1V4107,	ZC1BVTDZ,	RS3617RPxs,	11,	disk_refresh,	,	0,	,	,	
debug,	2024/05/30 16:16:19,	/dev/sdl,	ST4000NM0035-1V4107,	ZC184H3P,	RS3617RPxs,	12,	disk_refresh,	,	0,	,	,	
debug,	2024/05/30 16:16:19,	/dev/sdc,	ST4000NM0035-1V4107,	ZC12PNH9,	RS3617RPxs,	3,	disk_refresh,	,	0,	,	,	
debug,	2024/05/30 16:16:19,	/dev/sdd,	ST4000NM0035-1V4107,	ZC13E3RC,	RS3617RPxs,	4,	disk_refresh,	,	0,	,	,	
debug,	2024/05/30 16:16:19,	/dev/sde,	ST4000NM0035-1V4107,	ZC17TJHN,	RS3617RPxs,	5,	disk_refresh,	,	0,	,	,	
debug,	2024/05/30 16:16:19,	/dev/sdf,	ST4000NM0035-1V4107,	ZC17ZSKN,	RS3617RPxs,	6,	disk_refresh,	,	0,	,	,	
debug,	2024/05/30 16:16:19,	/dev/sdg,	ST4000NM0035-1V4107,	ZC1ASSRR,	RS3617RPxs,	7,	disk_refresh,	,	0,	,	,	
debug,	2024/05/30 16:16:19,	/dev/sdh,	ST4000NM0035-1V4107,	ZC1B50Q0,	RS3617RPxs,	8,	disk_refresh,	,	0,	,	,	
debug,	2024/05/21 11:09:15,	/dev/sdpc,	ST4000NM002A,	WS23LDC0,	RX1217rp-1,	12,	disk_refresh,	,	0,	,	,	
debug,	2024/05/21 11:09:14,	/dev/sdj,	ST4000NM0035-1V4107,	ZC1BVAJH,	RS3617RPxs,	10,	disk_refresh,	,	0,	,	,	
debug,	2024/05/21 11:09:14,	/dev/sdma,	ST4000NM0035-1V4107,	ZC129286,	RX1217rp-1,	1,	disk_refresh,	,	0,	,	,	
debug,	2024/05/21 11:09:14,	/dev/sdmb,	ST4000NM0035-1V4107,	ZC11M9S0,	RX1217rp-1,	2,	disk_refresh,	,	0,	,	,	
debug,	2024/05/21 11:09:14,	/dev/sdmc,	ST4000NM0035-1V4107,	ZC11XPD8,	RX1217rp-1,	3,	disk_refresh,	,	0,	,	,	
debug,	2024/05/21 11:09:14,	/dev/sdna,	ST4000NM0035-1V4107,	ZC124SEN,	RX1217rp-1,	4,	disk_refresh,	,	0,	,	,	
debug,	2024/05/21 11:09:14,	/dev/sdnb,	ST4000NM0035-1V4107,	ZC19PFSG,	RX1217rp-1,	5,	disk_refresh,	,	0,	,	,	
debug,	2024/05/21 11:09:14,	/dev/sdnc,	ST4000NM0035-1V4107,	ZC15VT6Z,	RX1217rp-1,	6,	disk_refresh,	,	0,	,	,	
debug,	2024/05/21 11:09:14,	/dev/sdoa,	ST4000NM002A,	WS23LDF5,	RX1217rp-1,	7,	disk_refresh,	,	0,	,	,	
debug,	2024/05/21 11:09:14,	/dev/sdob,	ST4000NM002A,	WS23LD51,	RX1217rp-1,	8,	disk_refresh,	,	0,	,	,	
debug,	2024/05/21 11:09:14,	/dev/sdoc,	ST4000NM002A,	WS23LDJ2,	RX1217rp-1,	9,	disk_refresh,	,	0,	,	,	
debug,	2024/05/21 11:09:14,	/dev/sdpa,	ST4000NM002A,	WS23LD22,	RX1217rp-1,	10,	disk_refresh,	,	0,	,	,	
debug,	2024/05/21 11:09:14,	/dev/sdpb,	ST4000NM002A,	WS23LDK4,	RX1217rp-1,	11,	disk_refresh,	,	0,	,	,	
debug,	2024/05/21 11:09:13,	/dev/sdb,	ST4000NM0035-1V4107,	ZC1BAL3S,	RS3617RPxs,	2,	disk_refresh,	,	0,	,	,	
debug,	2024/05/21 11:09:13,	/dev/sdk,	ST4000NM0035-1V4107,	ZC1BVTDZ,	RS3617RPxs,	11,	disk_refresh,	,	0,	,	,	
debug,	2024/05/21 11:09:13,	/dev/sdl,	ST4000NM0035-1V4107,	ZC184H3P,	RS3617RPxs,	12,	disk_refresh,	,	0,	,	,	
debug,	2024/05/21 11:09:13,	/dev/sdc,	ST4000NM0035-1V4107,	ZC12PNH9,	RS3617RPxs,	3,	disk_refresh,	,	0,	,	,	
debug,	2024/05/21 11:09:13,	/dev/sdd,	ST4000NM0035-1V4107,	ZC13E3RC,	RS3617RPxs,	4,	disk_refresh,	,	0,	,	,	
debug,	2024/05/21 11:09:13,	/dev/sde,	ST4000NM0035-1V4107,	ZC17TJHN,	RS3617RPxs,	5,	disk_refresh,	,	0,	,	,	
debug,	2024/05/21 11:09:13,	/dev/sdf,	ST4000NM0035-1V4107,	ZC17ZSKN,	RS3617RPxs,	6,	disk_refresh,	,	0,	,	,	
debug,	2024/05/21 11:09:13,	/dev/sdg,	ST4000NM0035-1V4107,	ZC1ASSRR,	RS3617RPxs,	7,	disk_refresh,	,	0,	,	,	
debug,	2024/05/21 11:09:13,	/dev/sdh,	ST4000NM0035-1V4107,	ZC1B50Q0,	RS3617RPxs,	8,	disk_refresh,	,	0,	,	,	
debug,	2024/05/21 11:09:13,	/dev/sdi,	ST4000NM0035-1V4107,	ZC1BVKQ6,	RS3617RPxs,	9,	disk_refresh,	,	0,	,	,	
debug,	2024/05/21 11:09:12,	/dev/sda,	ST4000NM0115-1YZ107,	ZC124E4Y,	RS3617RPxs,	1,	disk_refresh,	,	0,	,	,	
info,	2024/05/04 00:01:27,	/dev/sdpb,	ST4000NM002A,	WS23LDK4,	RX1217rp-1,	11,	smart_extend_suggest,	,	0,	,	,	
info,	2024/05/04 00:01:27,	/dev/sdpb,	ST4000NM002A,	WS23LDK4,	RX1217rp-1,	11,	disk_smart_test_end,	,	0,	,	,	
info,	2024/05/04 00:01:16,	/dev/sdpa,	ST4000NM002A,	WS23LD22,	RX1217rp-1,	10,	disk_smart_test_end,	,	0,	,	,	
info,	2024/05/04 00:01:15,	/dev/sdoc,	ST4000NM002A,	WS23LDJ2,	RX1217rp-1,	9,	disk_smart_test_end,	,	0,	,	,	
info,	2024/05/04 00:01:15,	/dev/sdpc,	ST4000NM002A,	WS23LDC0,	RX1217rp-1,	12,	disk_smart_test_end,	,	0,	,	,	
info,	2024/05/04 00:01:09,	/dev/sdoa,	ST4000NM002A,	WS23LDF5,	RX1217rp-1,	7,	disk_smart_test_end,	,	0,	,	,	
info,	2024/05/04 00:01:09,	/dev/sdd,	ST4000NM0035-1V4107,	ZC13E3RC,	RS3617RPxs,	4,	disk_smart_test_end,	,	0,	,	,	
info,	2024/05/04 00:01:09,	/dev/sdmc,	ST4000NM0035-1V4107,	ZC11XPD8,	RX1217rp-1,	3,	disk_smart_test_end,	,	0,	,	,	
info,	2024/05/04 00:01:09,	/dev/sdj,	ST4000NM0035-1V4107,	ZC1BVAJH,	RS3617RPxs,	10,	disk_smart_test_end,	,	0,	,	,	
info,	2024/05/04 00:01:09,	/dev/sdh,	ST4000NM0035-1V4107,	ZC1B50Q0,	RS3617RPxs,	8,	disk_smart_test_end,	,	0,	,	,	
info,	2024/05/04 00:01:09,	/dev/sdg,	ST4000NM0035-1V4107,	ZC1ASSRR,	RS3617RPxs,	7,	disk_smart_test_end,	,	0,	,	,	
info,	2024/05/04 00:01:09,	/dev/sdob,	ST4000NM002A,	WS23LD51,	RX1217rp-1,	8,	disk_smart_test_end,	,	0,	,	,	
info,	2024/05/04 00:01:08,	/dev/sdi,	ST4000NM0035-1V4107,	ZC1BVKQ6,	RS3617RPxs,	9,	disk_smart_test_end,	,	0,	,	,	
info,	2024/05/04 00:01:08,	/dev/sdl,	ST4000NM0035-1V4107,	ZC184H3P,	RS3617RPxs,	12,	disk_smart_test_end,	,	0,	,	,	
info,	2024/05/04 00:01:08,	/dev/sdk,	ST4000NM0035-1V4107,	ZC1BVTDZ,	RS3617RPxs,	11,	disk_smart_test_end,	,	0,	,	,	
info,	2024/05/04 00:01:08,	/dev/sdf,	ST4000NM0035-1V4107,	ZC17ZSKN,	RS3617RPxs,	6,	disk_smart_test_end,	,	0,	,	,	
info,	2024/05/04 00:01:08,	/dev/sdnc,	ST4000NM0035-1V4107,	ZC15VT6Z,	RX1217rp-1,	6,	disk_smart_test_end,	,	0,	,	,	
info,	2024/05/04 00:01:08,	/dev/sdmb,	ST4000NM0035-1V4107,	ZC11M9S0,	RX1217rp-1,	2,	disk_smart_test_end,	,	0,	,	,	
info,	2024/05/04 00:01:07,	/dev/sdnb,	ST4000NM0035-1V4107,	ZC19PFSG,	RX1217rp-1,	5,	disk_smart_test_end,	,	0,	,	,	
info,	2024/05/04 00:01:07,	/dev/sdna,	ST4000NM0035-1V4107,	ZC124SEN,	RX1217rp-1,	4,	disk_smart_test_end,	,	0,	,	,	
info,	2024/05/04 00:01:07,	/dev/sdma,	ST4000NM0035-1V4107,	ZC129286,	RX1217rp-1,	1,	disk_smart_test_end,	,	0,	,	,	
info,	2024/05/04 00:01:02,	/dev/sdc,	ST4000NM0035-1V4107,	ZC12PNH9,	RS3617RPxs,	3,	disk_smart_test_end,	,	0,	,	,	
info,	2024/05/04 00:01:01,	/dev/sda,	ST4000NM0115-1YZ107,	ZC124E4Y,	RS3617RPxs,	1,	disk_smart_test_end,	,	0,	,	,	
info,	2024/05/04 00:01:01,	/dev/sde,	ST4000NM0035-1V4107,	ZC17TJHN,	RS3617RPxs,	5,	disk_smart_test_end,	,	0,	,	,	
info,	2024/05/04 00:01:00,	/dev/sdb,	ST4000NM0035-1V4107,	ZC1BAL3S,	RS3617RPxs,	2,	disk_smart_test_end,	,	0,	,	,	
info,	2024/05/04 00:00:12,	/dev/sdpb,	ST4000NM002A,	WS23LDK4,	RX1217rp-1,	11,	disk_smart_test_start,	,	0,	,	,	
info,	2024/05/04 00:00:12,	/dev/sdpc,	ST4000NM002A,	WS23LDC0,	RX1217rp-1,	12,	disk_smart_test_start,	,	0,	,	,	
info,	2024/05/04 00:00:11,	/dev/sdpa,	ST4000NM002A,	WS23LD22,	RX1217rp-1,	10,	disk_smart_test_start,	,	0,	,	,	
info,	2024/05/04 00:00:10,	/dev/sdoc,	ST4000NM002A,	WS23LDJ2,	RX1217rp-1,	9,	disk_smart_test_start,	,	0,	,	,	
info,	2024/05/04 00:00:08,	/dev/sdob,	ST4000NM002A,	WS23LD51,	RX1217rp-1,	8,	disk_smart_test_start,	,	0,	,	,	
info,	2024/05/04 00:00:07,	/dev/sdoa,	ST4000NM002A,	WS23LDF5,	RX1217rp-1,	7,	disk_smart_test_start,	,	0,	,	,	
info,	2024/05/04 00:00:06,	/dev/sdmc,	ST4000NM0035-1V4107,	ZC11XPD8,	RX1217rp-1,	3,	disk_smart_test_start,	,	0,	,	,	
info,	2024/05/04 00:00:06,	/dev/sdna,	ST4000NM0035-1V4107,	ZC124SEN,	RX1217rp-1,	4,	disk_smart_test_start,	,	0,	,	,	
info,	2024/05/04 00:00:06,	/dev/sdnb,	ST4000NM0035-1V4107,	ZC19PFSG,	RX1217rp-1,	5,	disk_smart_test_start,	,	0,	,	,	
info,	2024/05/04 00:00:06,	/dev/sdnc,	ST4000NM0035-1V4107,	ZC15VT6Z,	RX1217rp-1,	6,	disk_smart_test_start,	,	0,	,	,	
info,	2024/05/04 00:00:05,	/dev/sdl,	ST4000NM0035-1V4107,	ZC184H3P,	RS3617RPxs,	12,	disk_smart_test_start,	,	0,	,	,	
info,	2024/05/04 00:00:05,	/dev/sdma,	ST4000NM0035-1V4107,	ZC129286,	RX1217rp-1,	1,	disk_smart_test_start,	,	0,	,	,	
info,	2024/05/04 00:00:05,	/dev/sdmb,	ST4000NM0035-1V4107,	ZC11M9S0,	RX1217rp-1,	2,	disk_smart_test_start,	,	0,	,	,	
info,	2024/05/04 00:00:04,	/dev/sdi,	ST4000NM0035-1V4107,	ZC1BVKQ6,	RS3617RPxs,	9,	disk_smart_test_start,	,	0,	,	,	
info,	2024/05/04 00:00:04,	/dev/sdj,	ST4000NM0035-1V4107,	ZC1BVAJH,	RS3617RPxs,	10,	disk_smart_test_start,	,	0,	,	,	
info,	2024/05/04 00:00:04,	/dev/sdk,	ST4000NM0035-1V4107,	ZC1BVTDZ,	RS3617RPxs,	11,	disk_smart_test_start,	,	0,	,	,	
info,	2024/05/04 00:00:03,	/dev/sdf,	ST4000NM0035-1V4107,	ZC17ZSKN,	RS3617RPxs,	6,	disk_smart_test_start,	,	0,	,	,	
info,	2024/05/04 00:00:03,	/dev/sdg,	ST4000NM0035-1V4107,	ZC1ASSRR,	RS3617RPxs,	7,	disk_smart_test_start,	,	0,	,	,	
info,	2024/05/04 00:00:03,	/dev/sdh,	ST4000NM0035-1V4107,	ZC1B50Q0,	RS3617RPxs,	8,	disk_smart_test_start,	,	0,	,	,	
info,	2024/05/04 00:00:02,	/dev/sdc,	ST4000NM0035-1V4107,	ZC12PNH9,	RS3617RPxs,	3,	disk_smart_test_start,	,	0,	,	,	
info,	2024/05/04 00:00:02,	/dev/sdd,	ST4000NM0035-1V4107,	ZC13E3RC,	RS3617RPxs,	4,	disk_smart_test_start,	,	0,	,	,	
info,	2024/05/04 00:00:02,	/dev/sde,	ST4000NM0035-1V4107,	ZC17TJHN,	RS3617RPxs,	5,	disk_smart_test_start,	,	0,	,	,	
info,	2024/05/04 00:00:01,	/dev/sda,	ST4000NM0115-1YZ107,	ZC124E4Y,	RS3617RPxs,	1,	disk_smart_test_start,	,	0,	,	,	
info,	2024/05/04 00:00:01,	/dev/sdb,	ST4000NM0035-1V4107,	ZC1BAL3S,	RS3617RPxs,	2,	disk_smart_test_start,	,	0,	,	,	
info,	2024/04/04 00:47:06,	/dev/sdpb,	ST4000NM002A,	WS23LDK4,	RX1217rp-1,	11,	disk_smart_test_end,	,	0,	,	,	
info,	2024/04/04 00:01:13,	/dev/sdoa,	ST4000NM002A,	WS23LDF5,	RX1217rp-1,	7,	disk_smart_test_end,	,	0,	,	,	
info,	2024/04/04 00:01:13,	/dev/sdob,	ST4000NM002A,	WS23LD51,	RX1217rp-1,	8,	disk_smart_test_end,	,	0,	,	,	
info,	2024/04/04 00:01:13,	/dev/sdpc,	ST4000NM002A,	WS23LDC0,	RX1217rp-1,	12,	disk_smart_test_end,	,	0,	,	,	
info,	2024/04/04 00:01:13,	/dev/sdpa,	ST4000NM002A,	WS23LD22,	RX1217rp-1,	10,	disk_smart_test_end,	,	0,	,	,	
info,	2024/04/04 00:01:13,	/dev/sdoc,	ST4000NM002A,	WS23LDJ2,	RX1217rp-1,	9,	disk_smart_test_end,	,	0,	,	,	
info,	2024/04/04 00:01:12,	/dev/sdnc,	ST4000NM0035-1V4107,	ZC15VT6Z,	RX1217rp-1,	6,	disk_smart_test_end,	,	0,	,	,	
info,	2024/04/04 00:01:07,	/dev/sdmb,	ST4000NM0035-1V4107,	ZC11M9S0,	RX1217rp-1,	2,	disk_smart_test_end,	,	0,	,	,	
info,	2024/04/04 00:01:07,	/dev/sdh,	ST4000NM0035-1V4107,	ZC1B50Q0,	RS3617RPxs,	8,	disk_smart_test_end,	,	0,	,	,	
info,	2024/04/04 00:01:07,	/dev/sdnb,	ST4000NM0035-1V4107,	ZC19PFSG,	RX1217rp-1,	5,	disk_smart_test_end,	,	0,	,	,	
info,	2024/04/04 00:01:06,	/dev/sdl,	ST4000NM0035-1V4107,	ZC184H3P,	RS3617RPxs,	12,	disk_smart_test_end,	,	0,	,	,	
info,	2024/04/04 00:01:06,	/dev/sdna,	ST4000NM0035-1V4107,	ZC124SEN,	RX1217rp-1,	4,	disk_smart_test_end,	,	0,	,	,	
info,	2024/04/04 00:01:06,	/dev/sdd,	ST4000NM0035-1V4107,	ZC13E3RC,	RS3617RPxs,	4,	disk_smart_test_end,	,	0,	,	,	
info,	2024/04/04 00:01:06,	/dev/sdi,	ST4000NM0035-1V4107,	ZC1BVKQ6,	RS3617RPxs,	9,	disk_smart_test_end,	,	0,	,	,	
info,	2024/04/04 00:01:06,	/dev/sdg,	ST4000NM0035-1V4107,	ZC1ASSRR,	RS3617RPxs,	7,	disk_smart_test_end,	,	0,	,	,	
info,	2024/04/04 00:01:06,	/dev/sde,	ST4000NM0035-1V4107,	ZC17TJHN,	RS3617RPxs,	5,	disk_smart_test_end,	,	0,	,	,	
info,	2024/04/04 00:01:06,	/dev/sdmc,	ST4000NM0035-1V4107,	ZC11XPD8,	RX1217rp-1,	3,	disk_smart_test_end,	,	0,	,	,	
info,	2024/04/04 00:01:05,	/dev/sda,	ST4000NM0115-1YZ107,	ZC124E4Y,	RS3617RPxs,	1,	disk_smart_test_end,	,	0,	,	,	
info,	2024/04/04 00:01:05,	/dev/sdk,	ST4000NM0035-1V4107,	ZC1BVTDZ,	RS3617RPxs,	11,	disk_smart_test_end,	,	0,	,	,	
info,	2024/04/04 00:01:05,	/dev/sdj,	ST4000NM0035-1V4107,	ZC1BVAJH,	RS3617RPxs,	10,	disk_smart_test_end,	,	0,	,	,	
info,	2024/04/04 00:01:05,	/dev/sdb,	ST4000NM0035-1V4107,	ZC1BAL3S,	RS3617RPxs,	2,	disk_smart_test_end,	,	0,	,	,	
info,	2024/04/04 00:01:05,	/dev/sdma,	ST4000NM0035-1V4107,	ZC129286,	RX1217rp-1,	1,	disk_smart_test_end,	,	0,	,	,	
info,	2024/04/04 00:01:05,	/dev/sdc,	ST4000NM0035-1V4107,	ZC12PNH9,	RS3617RPxs,	3,	disk_smart_test_end,	,	0,	,	,	
info,	2024/04/04 00:01:05,	/dev/sdf,	ST4000NM0035-1V4107,	ZC17ZSKN,	RS3617RPxs,	6,	disk_smart_test_end,	,	0,	,	,	
info,	2024/04/04 00:00:12,	/dev/sdpc,	ST4000NM002A,	WS23LDC0,	RX1217rp-1,	12,	disk_smart_test_start,	,	0,	,	,	
info,	2024/04/04 00:00:10,	/dev/sdpb,	ST4000NM002A,	WS23LDK4,	RX1217rp-1,	11,	disk_smart_test_start,	,	0,	,	,	
info,	2024/04/04 00:00:09,	/dev/sdoc,	ST4000NM002A,	WS23LDJ2,	RX1217rp-1,	9,	disk_smart_test_start,	,	0,	,	,	
info,	2024/04/04 00:00:09,	/dev/sdpa,	ST4000NM002A,	WS23LD22,	RX1217rp-1,	10,	disk_smart_test_start,	,	0,	,	,	
info,	2024/04/04 00:00:08,	/dev/sdoa,	ST4000NM002A,	WS23LDF5,	RX1217rp-1,	7,	disk_smart_test_start,	,	0,	,	,	
info,	2024/04/04 00:00:08,	/dev/sdob,	ST4000NM002A,	WS23LD51,	RX1217rp-1,	8,	disk_smart_test_start,	,	0,	,	,	
info,	2024/04/04 00:00:07,	/dev/sdna,	ST4000NM0035-1V4107,	ZC124SEN,	RX1217rp-1,	4,	disk_smart_test_start,	,	0,	,	,	
info,	2024/04/04 00:00:07,	/dev/sdnb,	ST4000NM0035-1V4107,	ZC19PFSG,	RX1217rp-1,	5,	disk_smart_test_start,	,	0,	,	,	
info,	2024/04/04 00:00:07,	/dev/sdnc,	ST4000NM0035-1V4107,	ZC15VT6Z,	RX1217rp-1,	6,	disk_smart_test_start,	,	0,	,	,	
info,	2024/04/04 00:00:06,	/dev/sdmb,	ST4000NM0035-1V4107,	ZC11M9S0,	RX1217rp-1,	2,	disk_smart_test_start,	,	0,	,	,	
info,	2024/04/04 00:00:06,	/dev/sdmc,	ST4000NM0035-1V4107,	ZC11XPD8,	RX1217rp-1,	3,	disk_smart_test_start,	,	0,	,	,	
info,	2024/04/04 00:00:05,	/dev/sdk,	ST4000NM0035-1V4107,	ZC1BVTDZ,	RS3617RPxs,	11,	disk_smart_test_start,	,	0,	,	,	
info,	2024/04/04 00:00:05,	/dev/sdl,	ST4000NM0035-1V4107,	ZC184H3P,	RS3617RPxs,	12,	disk_smart_test_start,	,	0,	,	,	
info,	2024/04/04 00:00:05,	/dev/sdma,	ST4000NM0035-1V4107,	ZC129286,	RX1217rp-1,	1,	disk_smart_test_start,	,	0,	,	,	
info,	2024/04/04 00:00:04,	/dev/sdh,	ST4000NM0035-1V4107,	ZC1B50Q0,	RS3617RPxs,	8,	disk_smart_test_start,	,	0,	,	,	
info,	2024/04/04 00:00:04,	/dev/sdi,	ST4000NM0035-1V4107,	ZC1BVKQ6,	RS3617RPxs,	9,	disk_smart_test_start,	,	0,	,	,	
info,	2024/04/04 00:00:04,	/dev/sdj,	ST4000NM0035-1V4107,	ZC1BVAJH,	RS3617RPxs,	10,	disk_smart_test_start,	,	0,	,	,	
info,	2024/04/04 00:00:03,	/dev/sdd,	ST4000NM0035-1V4107,	ZC13E3RC,	RS3617RPxs,	4,	disk_smart_test_start,	,	0,	,	,	
info,	2024/04/04 00:00:03,	/dev/sde,	ST4000NM0035-1V4107,	ZC17TJHN,	RS3617RPxs,	5,	disk_smart_test_start,	,	0,	,	,	
info,	2024/04/04 00:00:03,	/dev/sdf,	ST4000NM0035-1V4107,	ZC17ZSKN,	RS3617RPxs,	6,	disk_smart_test_start,	,	0,	,	,	
info,	2024/04/04 00:00:03,	/dev/sdg,	ST4000NM0035-1V4107,	ZC1ASSRR,	RS3617RPxs,	7,	disk_smart_test_start,	,	0,	,	,	
info,	2024/04/04 00:00:02,	/dev/sdb,	ST4000NM0035-1V4107,	ZC1BAL3S,	RS3617RPxs,	2,	disk_smart_test_start,	,	0,	,	,	
info,	2024/04/04 00:00:02,	/dev/sdc,	ST4000NM0035-1V4107,	ZC12PNH9,	RS3617RPxs,	3,	disk_smart_test_start,	,	0,	,	,	
info,	2024/04/04 00:00:01,	/dev/sda,	ST4000NM0115-1YZ107,	ZC124E4Y,	RS3617RPxs,	1,	disk_smart_test_start,	,	0,	,	,	
debug,	2024/03/25 18:42:13,	/dev/sdma,	ST4000NM0035-1V4107,	ZC129286,	RX1217rp-1,	1,	disk_refresh,	,	0,	,	,	
debug,	2024/03/25 18:42:13,	/dev/sdmb,	ST4000NM0035-1V4107,	ZC11M9S0,	RX1217rp-1,	2,	disk_refresh,	,	0,	,	,	
debug,	2024/03/25 18:42:13,	/dev/sdmc,	ST4000NM0035-1V4107,	ZC11XPD8,	RX1217rp-1,	3,	disk_refresh,	,	0,	,	,	
debug,	2024/03/25 18:42:13,	/dev/sdna,	ST4000NM0035-1V4107,	ZC124SEN,	RX1217rp-1,	4,	disk_refresh,	,	0,	,	,	
debug,	2024/03/25 18:42:13,	/dev/sdnb,	ST4000NM0035-1V4107,	ZC19PFSG,	RX1217rp-1,	5,	disk_refresh,	,	0,	,	,	
debug,	2024/03/25 18:42:13,	/dev/sdnc,	ST4000NM0035-1V4107,	ZC15VT6Z,	RX1217rp-1,	6,	disk_refresh,	,	0,	,	,	
debug,	2024/03/25 18:42:13,	/dev/sdoa,	ST4000NM002A,	WS23LDF5,	RX1217rp-1,	7,	disk_refresh,	,	0,	,	,	
debug,	2024/03/25 18:42:13,	/dev/sdob,	ST4000NM002A,	WS23LD51,	RX1217rp-1,	8,	disk_refresh,	,	0,	,	,	
debug,	2024/03/25 18:42:13,	/dev/sdoc,	ST4000NM002A,	WS23LDJ2,	RX1217rp-1,	9,	disk_refresh,	,	0,	,	,	
debug,	2024/03/25 18:42:13,	/dev/sdpa,	ST4000NM002A,	WS23LD22,	RX1217rp-1,	10,	disk_refresh,	,	0,	,	,	
debug,	2024/03/25 18:42:13,	/dev/sdpb,	ST4000NM002A,	WS23LDK4,	RX1217rp-1,	11,	disk_refresh,	,	0,	,	,	
debug,	2024/03/25 18:42:13,	/dev/sdpc,	ST4000NM002A,	WS23LDC0,	RX1217rp-1,	12,	disk_refresh,	,	0,	,	,	
debug,	2024/03/25 18:42:12,	/dev/sdb,	ST4000NM0035-1V4107,	ZC1BAL3S,	RS3617RPxs,	2,	disk_refresh,	,	0,	,	,	
debug,	2024/03/25 18:42:12,	/dev/sdk,	ST4000NM0035-1V4107,	ZC1BVTDZ,	RS3617RPxs,	11,	disk_refresh,	,	0,	,	,	
debug,	2024/03/25 18:42:12,	/dev/sdl,	ST4000NM0035-1V4107,	ZC184H3P,	RS3617RPxs,	12,	disk_refresh,	,	0,	,	,	
debug,	2024/03/25 18:42:12,	/dev/sdc,	ST4000NM0035-1V4107,	ZC12PNH9,	RS3617RPxs,	3,	disk_refresh,	,	0,	,	,	
debug,	2024/03/25 18:42:12,	/dev/sdd,	ST4000NM0035-1V4107,	ZC13E3RC,	RS3617RPxs,	4,	disk_refresh,	,	0,	,	,	
debug,	2024/03/25 18:42:12,	/dev/sde,	ST4000NM0035-1V4107,	ZC17TJHN,	RS3617RPxs,	5,	disk_refresh,	,	0,	,	,	
debug,	2024/03/25 18:42:12,	/dev/sdf,	ST4000NM0035-1V4107,	ZC17ZSKN,	RS3617RPxs,	6,	disk_refresh,	,	0,	,	,	
debug,	2024/03/25 18:42:12,	/dev/sdg,	ST4000NM0035-1V4107,	ZC1ASSRR,	RS3617RPxs,	7,	disk_refresh,	,	0,	,	,	
debug,	2024/03/25 18:42:12,	/dev/sdh,	ST4000NM0035-1V4107,	ZC1B50Q0,	RS3617RPxs,	8,	disk_refresh,	,	0,	,	,	
debug,	2024/03/25 18:42:12,	/dev/sdi,	ST4000NM0035-1V4107,	ZC1BVKQ6,	RS3617RPxs,	9,	disk_refresh,	,	0,	,	,	
debug,	2024/03/25 18:42:12,	/dev/sdj,	ST4000NM0035-1V4107,	ZC1BVAJH,	RS3617RPxs,	10,	disk_refresh,	,	0,	,	,	
debug,	2024/03/25 18:42:11,	/dev/sda,	ST4000NM0115-1YZ107,	ZC124E4Y,	RS3617RPxs,	1,	disk_refresh,	,	0,	,	,	
info,	2024/03/05 11:26:05,	/dev/sdb,	ST4000NM0035-1V4107,	ZC1BAL3S,	RS3617RPxs,	2,	plugin,	,	0,	,	,	
debug,	2024/03/05 11:26:04,	/dev/sdb,	ST4000NM0035-1V4107,	ZC1BAL3S,	RS3617RPxs,	2,	disk_refresh,	,	0,	,	,	
info,	2024/03/05 11:25:48,	/dev/sdb,	ST4000NM0035-1V4107,	ZC1BAL3S,	RS3617RPxs,	2,	plugout,	,	0,	,	,	
debug,	2024/03/05 11:25:37,	/dev/sdb,	ST4000NM0035-1V4107,	ZC1BAL3S,	RS3617RPxs,	2,	disk_refresh,	,	0,	,	,	
info,	2024/03/05 11:25:37,	/dev/sdb,	ST4000NM0035-1V4107,	ZC1BAL3S,	RS3617RPxs,	2,	plugin,	,	0,	,	,	
info,	2024/03/05 11:22:25,	/dev/sdb,	ST4000NM0035-1V4107,	ZC12RK95,	RS3617RPxs,	2,	plugout,	,	0,	,	,	
info,	2024/03/04 00:02:12,	/dev/sdpb,	ST4000NM002A,	WS23LDK4,	RX1217rp-1,	11,	disk_smart_test_end,	,	0,	,	,	
info,	2024/03/04 00:01:20,	/dev/sdpc,	ST4000NM002A,	WS23LDC0,	RX1217rp-1,	12,	disk_smart_test_end,	,	0,	,	,	
info,	2024/03/04 00:01:13,	/dev/sdma,	ST4000NM0035-1V4107,	ZC129286,	RX1217rp-1,	1,	disk_smart_test_end,	,	0,	,	,	
info,	2024/03/04 00:01:13,	/dev/sdmc,	ST4000NM0035-1V4107,	ZC11XPD8,	RX1217rp-1,	3,	disk_smart_test_end,	,	0,	,	,	
info,	2024/03/04 00:01:13,	/dev/sdoc,	ST4000NM002A,	WS23LDJ2,	RX1217rp-1,	9,	disk_smart_test_end,	,	0,	,	,	
info,	2024/03/04 00:01:13,	/dev/sdnc,	ST4000NM0035-1V4107,	ZC15VT6Z,	RX1217rp-1,	6,	disk_smart_test_end,	,	0,	,	,	
info,	2024/03/04 00:01:12,	/dev/sdnb,	ST4000NM0035-1V4107,	ZC19PFSG,	RX1217rp-1,	5,	disk_smart_test_end,	,	0,	,	,	
info,	2024/03/04 00:01:12,	/dev/sdmb,	ST4000NM0035-1V4107,	ZC11M9S0,	RX1217rp-1,	2,	disk_smart_test_end,	,	0,	,	,	
info,	2024/03/04 00:01:12,	/dev/sdob,	ST4000NM002A,	WS23LD51,	RX1217rp-1,	8,	disk_smart_test_end,	,	0,	,	,	
info,	2024/03/04 00:01:12,	/dev/sdoa,	ST4000NM002A,	WS23LDF5,	RX1217rp-1,	7,	disk_smart_test_end,	,	0,	,	,	
info,	2024/03/04 00:01:12,	/dev/sdpa,	ST4000NM002A,	WS23LD22,	RX1217rp-1,	10,	disk_smart_test_end,	,	0,	,	,	
info,	2024/03/04 00:01:11,	/dev/sdl,	ST4000NM0035-1V4107,	ZC184H3P,	RS3617RPxs,	12,	disk_smart_test_end,	,	0,	,	,	
info,	2024/03/04 00:01:11,	/dev/sdna,	ST4000NM0035-1V4107,	ZC124SEN,	RX1217rp-1,	4,	disk_smart_test_end,	,	0,	,	,	
info,	2024/03/04 00:01:06,	/dev/sde,	ST4000NM0035-1V4107,	ZC17TJHN,	RS3617RPxs,	5,	disk_smart_test_end,	,	0,	,	,	
info,	2024/03/04 00:01:05,	/dev/sdi,	ST4000NM0035-1V4107,	ZC1BVKQ6,	RS3617RPxs,	9,	disk_smart_test_end,	,	0,	,	,	
info,	2024/03/04 00:01:05,	/dev/sdg,	ST4000NM0035-1V4107,	ZC1ASSRR,	RS3617RPxs,	7,	disk_smart_test_end,	,	0,	,	,	
info,	2024/03/04 00:01:04,	/dev/sda,	ST4000NM0115-1YZ107,	ZC124E4Y,	RS3617RPxs,	1,	disk_smart_test_end,	,	0,	,	,	
info,	2024/03/04 00:01:04,	/dev/sdd,	ST4000NM0035-1V4107,	ZC13E3RC,	RS3617RPxs,	4,	disk_smart_test_end,	,	0,	,	,	
info,	2024/03/04 00:01:03,	/dev/sdc,	ST4000NM0035-1V4107,	ZC12PNH9,	RS3617RPxs,	3,	disk_smart_test_end,	,	0,	,	,	
info,	2024/03/04 00:01:03,	/dev/sdk,	ST4000NM0035-1V4107,	ZC1BVTDZ,	RS3617RPxs,	11,	disk_smart_test_end,	,	0,	,	,	
info,	2024/03/04 00:01:03,	/dev/sdf,	ST4000NM0035-1V4107,	ZC17ZSKN,	RS3617RPxs,	6,	disk_smart_test_end,	,	0,	,	,	
info,	2024/03/04 00:01:03,	/dev/sdh,	ST4000NM0035-1V4107,	ZC1B50Q0,	RS3617RPxs,	8,	disk_smart_test_end,	,	0,	,	,	
info,	2024/03/04 00:01:03,	/dev/sdj,	ST4000NM0035-1V4107,	ZC1BVAJH,	RS3617RPxs,	10,	disk_smart_test_end,	,	0,	,	,	
info,	2024/03/04 00:00:37,	/dev/sdb,	ST4000NM0035-1V4107,	ZC12RK95,	RS3617RPxs,	2,	smart_extend_suggest,	,	0,	,	,	
info,	2024/03/04 00:00:36,	/dev/sdb,	ST4000NM0035-1V4107,	ZC12RK95,	RS3617RPxs,	2,	disk_smart_test_end,	,	0,	,	,	
info,	2024/03/04 00:00:15,	/dev/sdpc,	ST4000NM002A,	WS23LDC0,	RX1217rp-1,	12,	disk_smart_test_start,	,	0,	,	,	
info,	2024/03/04 00:00:14,	/dev/sdpb,	ST4000NM002A,	WS23LDK4,	RX1217rp-1,	11,	disk_smart_test_start,	,	0,	,	,	
info,	2024/03/04 00:00:13,	/dev/sdpa,	ST4000NM002A,	WS23LD22,	RX1217rp-1,	10,	disk_smart_test_start,	,	0,	,	,	
info,	2024/03/04 00:00:11,	/dev/sdoc,	ST4000NM002A,	WS23LDJ2,	RX1217rp-1,	9,	disk_smart_test_start,	,	0,	,	,	
info,	2024/03/04 00:00:09,	/dev/sdob,	ST4000NM002A,	WS23LD51,	RX1217rp-1,	8,	disk_smart_test_start,	,	0,	,	,	
info,	2024/03/04 00:00:08,	/dev/sdnb,	ST4000NM0035-1V4107,	ZC19PFSG,	RX1217rp-1,	5,	disk_smart_test_start,	,	0,	,	,	
info,	2024/03/04 00:00:08,	/dev/sdnc,	ST4000NM0035-1V4107,	ZC15VT6Z,	RX1217rp-1,	6,	disk_smart_test_start,	,	0,	,	,	
info,	2024/03/04 00:00:08,	/dev/sdoa,	ST4000NM002A,	WS23LDF5,	RX1217rp-1,	7,	disk_smart_test_start,	,	0,	,	,	
info,	2024/03/04 00:00:07,	/dev/sdmc,	ST4000NM0035-1V4107,	ZC11XPD8,	RX1217rp-1,	3,	disk_smart_test_start,	,	0,	,	,	
info,	2024/03/04 00:00:07,	/dev/sdna,	ST4000NM0035-1V4107,	ZC124SEN,	RX1217rp-1,	4,	disk_smart_test_start,	,	0,	,	,	
info,	2024/03/04 00:00:06,	/dev/sdmb,	ST4000NM0035-1V4107,	ZC11M9S0,	RX1217rp-1,	2,	disk_smart_test_start,	,	0,	,	,	
info,	2024/03/04 00:00:05,	/dev/sdj,	ST4000NM0035-1V4107,	ZC1BVAJH,	RS3617RPxs,	10,	disk_smart_test_start,	,	0,	,	,	
info,	2024/03/04 00:00:05,	/dev/sdk,	ST4000NM0035-1V4107,	ZC1BVTDZ,	RS3617RPxs,	11,	disk_smart_test_start,	,	0,	,	,	
info,	2024/03/04 00:00:05,	/dev/sdl,	ST4000NM0035-1V4107,	ZC184H3P,	RS3617RPxs,	12,	disk_smart_test_start,	,	0,	,	,	
info,	2024/03/04 00:00:05,	/dev/sdma,	ST4000NM0035-1V4107,	ZC129286,	RX1217rp-1,	1,	disk_smart_test_start,	,	0,	,	,	
info,	2024/03/04 00:00:04,	/dev/sdg,	ST4000NM0035-1V4107,	ZC1ASSRR,	RS3617RPxs,	7,	disk_smart_test_start,	,	0,	,	,	
info,	2024/03/04 00:00:04,	/dev/sdh,	ST4000NM0035-1V4107,	ZC1B50Q0,	RS3617RPxs,	8,	disk_smart_test_start,	,	0,	,	,	
info,	2024/03/04 00:00:04,	/dev/sdi,	ST4000NM0035-1V4107,	ZC1BVKQ6,	RS3617RPxs,	9,	disk_smart_test_start,	,	0,	,	,	
info,	2024/03/04 00:00:03,	/dev/sde,	ST4000NM0035-1V4107,	ZC17TJHN,	RS3617RPxs,	5,	disk_smart_test_start,	,	0,	,	,	
info,	2024/03/04 00:00:03,	/dev/sdf,	ST4000NM0035-1V4107,	ZC17ZSKN,	RS3617RPxs,	6,	disk_smart_test_start,	,	0,	,	,	
info,	2024/03/04 00:00:02,	/dev/sdb,	ST4000NM0035-1V4107,	ZC12RK95,	RS3617RPxs,	2,	disk_smart_test_start,	,	0,	,	,	
info,	2024/03/04 00:00:02,	/dev/sdc,	ST4000NM0035-1V4107,	ZC12PNH9,	RS3617RPxs,	3,	disk_smart_test_start,	,	0,	,	,	
info,	2024/03/04 00:00:02,	/dev/sdd,	ST4000NM0035-1V4107,	ZC13E3RC,	RS3617RPxs,	4,	disk_smart_test_start,	,	0,	,	,	
info,	2024/03/04 00:00:01,	/dev/sda,	ST4000NM0115-1YZ107,	ZC124E4Y,	RS3617RPxs,	1,	disk_smart_test_start,	,	0,	,	,	
debug,	2024/02/29 17:07:28,	/dev/sdb,	ST4000NM0035-1V4107,	ZC12RK95,	RS3617RPxs,	2,	disk_raid_faulty,	,	2,	system,	,	
info,	2024/02/29 17:07:28,	/dev/sdb,	ST4000NM0035-1V4107,	ZC12RK95,	RS3617RPxs,	2,	disk_deactivate,	,	0,	,	,	
debug,	2024/02/26 15:05:28,	/dev/sdb,	ST4000NM0035-1V4107,	ZC12RK95,	RS3617RPxs,	2,	disk_raid_faulty,	,	2,	system,	,	
debug,	2024/02/26 15:05:27,	/dev/sdb,	ST4000NM0035-1V4107,	ZC12RK95,	RS3617RPxs,	2,	timeout,	others,	0,	,	,	
debug,	2024/02/26 15:05:27,	/dev/sdb,	ST4000NM0035-1V4107,	ZC12RK95,	RS3617RPxs,	2,	disk_raid_faulty,	,	4,	data,	,	
info,	2024/02/04 00:02:42,	/dev/sdpb,	ST4000NM002A,	WS23LDK4,	RX1217rp-1,	11,	disk_smart_test_end,	,	0,	,	,	
info,	2024/02/04 00:01:19,	/dev/sdpc,	ST4000NM002A,	WS23LDC0,	RX1217rp-1,	12,	disk_smart_test_end,	,	0,	,	,	
info,	2024/02/04 00:01:13,	/dev/sdpa,	ST4000NM002A,	WS23LD22,	RX1217rp-1,	10,	disk_smart_test_end,	,	0,	,	,	
info,	2024/02/04 00:01:13,	/dev/sdoc,	ST4000NM002A,	WS23LDJ2,	RX1217rp-1,	9,	disk_smart_test_end,	,	0,	,	,	
info,	2024/02/04 00:01:13,	/dev/sdob,	ST4000NM002A,	WS23LD51,	RX1217rp-1,	8,	disk_smart_test_end,	,	0,	,	,	
info,	2024/02/04 00:01:13,	/dev/sdoa,	ST4000NM002A,	WS23LDF5,	RX1217rp-1,	7,	disk_smart_test_end,	,	0,	,	,	
info,	2024/02/04 00:01:12,	/dev/sdnc,	ST4000NM0035-1V4107,	ZC15VT6Z,	RX1217rp-1,	6,	disk_smart_test_end,	,	0,	,	,	
info,	2024/02/04 00:01:12,	/dev/sdnb,	ST4000NM0035-1V4107,	ZC19PFSG,	RX1217rp-1,	5,	disk_smart_test_end,	,	0,	,	,	
info,	2024/02/04 00:01:12,	/dev/sdna,	ST4000NM0035-1V4107,	ZC124SEN,	RX1217rp-1,	4,	disk_smart_test_end,	,	0,	,	,	
info,	2024/02/04 00:01:06,	/dev/sdl,	ST4000NM0035-1V4107,	ZC184H3P,	RS3617RPxs,	12,	disk_smart_test_end,	,	0,	,	,	
info,	2024/02/04 00:01:06,	/dev/sdf,	ST4000NM0035-1V4107,	ZC17ZSKN,	RS3617RPxs,	6,	disk_smart_test_end,	,	0,	,	,	
info,	2024/02/04 00:01:06,	/dev/sdma,	ST4000NM0035-1V4107,	ZC129286,	RX1217rp-1,	1,	disk_smart_test_end,	,	0,	,	,	
info,	2024/02/04 00:01:05,	/dev/sda,	ST4000NM0115-1YZ107,	ZC124E4Y,	RS3617RPxs,	1,	disk_smart_test_end,	,	0,	,	,	
info,	2024/02/04 00:01:05,	/dev/sdg,	ST4000NM0035-1V4107,	ZC1ASSRR,	RS3617RPxs,	7,	disk_smart_test_end,	,	0,	,	,	
info,	2024/02/04 00:01:05,	/dev/sdmc,	ST4000NM0035-1V4107,	ZC11XPD8,	RX1217rp-1,	3,	disk_smart_test_end,	,	0,	,	,	
info,	2024/02/04 00:01:05,	/dev/sdh,	ST4000NM0035-1V4107,	ZC1B50Q0,	RS3617RPxs,	8,	disk_smart_test_end,	,	0,	,	,	
info,	2024/02/04 00:01:05,	/dev/sde,	ST4000NM0035-1V4107,	ZC17TJHN,	RS3617RPxs,	5,	disk_smart_test_end,	,	0,	,	,	
info,	2024/02/04 00:01:04,	/dev/sdd,	ST4000NM0035-1V4107,	ZC13E3RC,	RS3617RPxs,	4,	disk_smart_test_end,	,	0,	,	,	
info,	2024/02/04 00:01:04,	/dev/sdk,	ST4000NM0035-1V4107,	ZC1BVTDZ,	RS3617RPxs,	11,	disk_smart_test_end,	,	0,	,	,	
info,	2024/02/04 00:01:04,	/dev/sdi,	ST4000NM0035-1V4107,	ZC1BVKQ6,	RS3617RPxs,	9,	disk_smart_test_end,	,	0,	,	,	
info,	2024/02/04 00:01:04,	/dev/sdj,	ST4000NM0035-1V4107,	ZC1BVAJH,	RS3617RPxs,	10,	disk_smart_test_end,	,	0,	,	,	
info,	2024/02/04 00:01:04,	/dev/sdmb,	ST4000NM0035-1V4107,	ZC11M9S0,	RX1217rp-1,	2,	disk_smart_test_end,	,	0,	,	,	
info,	2024/02/04 00:01:03,	/dev/sdc,	ST4000NM0035-1V4107,	ZC12PNH9,	RS3617RPxs,	3,	disk_smart_test_end,	,	0,	,	,	
info,	2024/02/04 00:01:03,	/dev/sdb,	ST4000NM0035-1V4107,	ZC12RK95,	RS3617RPxs,	2,	disk_smart_test_end,	,	0,	,	,	
info,	2024/02/04 00:00:14,	/dev/sdpc,	ST4000NM002A,	WS23LDC0,	RX1217rp-1,	12,	disk_smart_test_start,	,	0,	,	,	
info,	2024/02/04 00:00:12,	/dev/sdpb,	ST4000NM002A,	WS23LDK4,	RX1217rp-1,	11,	disk_smart_test_start,	,	0,	,	,	
info,	2024/02/04 00:00:11,	/dev/sdoc,	ST4000NM002A,	WS23LDJ2,	RX1217rp-1,	9,	disk_smart_test_start,	,	0,	,	,	
info,	2024/02/04 00:00:11,	/dev/sdpa,	ST4000NM002A,	WS23LD22,	RX1217rp-1,	10,	disk_smart_test_start,	,	0,	,	,	
info,	2024/02/04 00:00:09,	/dev/sdob,	ST4000NM002A,	WS23LD51,	RX1217rp-1,	8,	disk_smart_test_start,	,	0,	,	,	
info,	2024/02/04 00:00:08,	/dev/sdoa,	ST4000NM002A,	WS23LDF5,	RX1217rp-1,	7,	disk_smart_test_start,	,	0,	,	,	
info,	2024/02/04 00:00:07,	/dev/sdnb,	ST4000NM0035-1V4107,	ZC19PFSG,	RX1217rp-1,	5,	disk_smart_test_start,	,	0,	,	,	
info,	2024/02/04 00:00:07,	/dev/sdnc,	ST4000NM0035-1V4107,	ZC15VT6Z,	RX1217rp-1,	6,	disk_smart_test_start,	,	0,	,	,	
info,	2024/02/04 00:00:06,	/dev/sdna,	ST4000NM0035-1V4107,	ZC124SEN,	RX1217rp-1,	4,	disk_smart_test_start,	,	0,	,	,	
info,	2024/02/04 00:00:05,	/dev/sdl,	ST4000NM0035-1V4107,	ZC184H3P,	RS3617RPxs,	12,	disk_smart_test_start,	,	0,	,	,	
info,	2024/02/04 00:00:05,	/dev/sdma,	ST4000NM0035-1V4107,	ZC129286,	RX1217rp-1,	1,	disk_smart_test_start,	,	0,	,	,	
info,	2024/02/04 00:00:05,	/dev/sdmb,	ST4000NM0035-1V4107,	ZC11M9S0,	RX1217rp-1,	2,	disk_smart_test_start,	,	0,	,	,	
info,	2024/02/04 00:00:05,	/dev/sdmc,	ST4000NM0035-1V4107,	ZC11XPD8,	RX1217rp-1,	3,	disk_smart_test_start,	,	0,	,	,	
info,	2024/02/04 00:00:04,	/dev/sdi,	ST4000NM0035-1V4107,	ZC1BVKQ6,	RS3617RPxs,	9,	disk_smart_test_start,	,	0,	,	,	
info,	2024/02/04 00:00:04,	/dev/sdj,	ST4000NM0035-1V4107,	ZC1BVAJH,	RS3617RPxs,	10,	disk_smart_test_start,	,	0,	,	,	
info,	2024/02/04 00:00:04,	/dev/sdk,	ST4000NM0035-1V4107,	ZC1BVTDZ,	RS3617RPxs,	11,	disk_smart_test_start,	,	0,	,	,	
info,	2024/02/04 00:00:03,	/dev/sdf,	ST4000NM0035-1V4107,	ZC17ZSKN,	RS3617RPxs,	6,	disk_smart_test_start,	,	0,	,	,	
info,	2024/02/04 00:00:03,	/dev/sdg,	ST4000NM0035-1V4107,	ZC1ASSRR,	RS3617RPxs,	7,	disk_smart_test_start,	,	0,	,	,	
info,	2024/02/04 00:00:03,	/dev/sdh,	ST4000NM0035-1V4107,	ZC1B50Q0,	RS3617RPxs,	8,	disk_smart_test_start,	,	0,	,	,	
info,	2024/02/04 00:00:02,	/dev/sdb,	ST4000NM0035-1V4107,	ZC12RK95,	RS3617RPxs,	2,	disk_smart_test_start,	,	0,	,	,	
info,	2024/02/04 00:00:02,	/dev/sdc,	ST4000NM0035-1V4107,	ZC12PNH9,	RS3617RPxs,	3,	disk_smart_test_start,	,	0,	,	,	
info,	2024/02/04 00:00:02,	/dev/sdd,	ST4000NM0035-1V4107,	ZC13E3RC,	RS3617RPxs,	4,	disk_smart_test_start,	,	0,	,	,	
info,	2024/02/04 00:00:02,	/dev/sde,	ST4000NM0035-1V4107,	ZC17TJHN,	RS3617RPxs,	5,	disk_smart_test_start,	,	0,	,	,	
info,	2024/02/04 00:00:01,	/dev/sda,	ST4000NM0115-1YZ107,	ZC124E4Y,	RS3617RPxs,	1,	disk_smart_test_start,	,	0,	,	,	
debug,	2024/01/11 17:19:14,	/dev/sdoa,	ST4000NM002A,	WS23LDF5,	RX1217rp-1,	7,	disk_refresh,	,	0,	,	,	
debug,	2024/01/11 17:19:14,	/dev/sdob,	ST4000NM002A,	WS23LD51,	RX1217rp-1,	8,	disk_refresh,	,	0,	,	,	
debug,	2024/01/11 17:19:14,	/dev/sdoc,	ST4000NM002A,	WS23LDJ2,	RX1217rp-1,	9,	disk_refresh,	,	0,	,	,	
debug,	2024/01/11 17:19:14,	/dev/sdpa,	ST4000NM002A,	WS23LD22,	RX1217rp-1,	10,	disk_refresh,	,	0,	,	,	
debug,	2024/01/11 17:19:14,	/dev/sdpb,	ST4000NM002A,	WS23LDK4,	RX1217rp-1,	11,	disk_refresh,	,	0,	,	,	
debug,	2024/01/11 17:19:14,	/dev/sdpc,	ST4000NM002A,	WS23LDC0,	RX1217rp-1,	12,	disk_refresh,	,	0,	,	,	
debug,	2024/01/11 17:19:13,	/dev/sdg,	ST4000NM0035-1V4107,	ZC1ASSRR,	RS3617RPxs,	7,	disk_refresh,	,	0,	,	,	
debug,	2024/01/11 17:19:13,	/dev/sdh,	ST4000NM0035-1V4107,	ZC1B50Q0,	RS3617RPxs,	8,	disk_refresh,	,	0,	,	,	
debug,	2024/01/11 17:19:13,	/dev/sdi,	ST4000NM0035-1V4107,	ZC1BVKQ6,	RS3617RPxs,	9,	disk_refresh,	,	0,	,	,	
debug,	2024/01/11 17:19:13,	/dev/sdj,	ST4000NM0035-1V4107,	ZC1BVAJH,	RS3617RPxs,	10,	disk_refresh,	,	0,	,	,	
debug,	2024/01/11 17:19:13,	/dev/sdma,	ST4000NM0035-1V4107,	ZC129286,	RX1217rp-1,	1,	disk_refresh,	,	0,	,	,	
debug,	2024/01/11 17:19:13,	/dev/sdmb,	ST4000NM0035-1V4107,	ZC11M9S0,	RX1217rp-1,	2,	disk_refresh,	,	0,	,	,	
debug,	2024/01/11 17:19:13,	/dev/sdmc,	ST4000NM0035-1V4107,	ZC11XPD8,	RX1217rp-1,	3,	disk_refresh,	,	0,	,	,	
debug,	2024/01/11 17:19:13,	/dev/sdna,	ST4000NM0035-1V4107,	ZC124SEN,	RX1217rp-1,	4,	disk_refresh,	,	0,	,	,	
debug,	2024/01/11 17:19:13,	/dev/sdnb,	ST4000NM0035-1V4107,	ZC19PFSG,	RX1217rp-1,	5,	disk_refresh,	,	0,	,	,	
debug,	2024/01/11 17:19:13,	/dev/sdnc,	ST4000NM0035-1V4107,	ZC15VT6Z,	RX1217rp-1,	6,	disk_refresh,	,	0,	,	,	
debug,	2024/01/11 17:19:12,	/dev/sdb,	ST4000NM0035-1V4107,	ZC12RK95,	RS3617RPxs,	2,	disk_refresh,	,	0,	,	,	
debug,	2024/01/11 17:19:12,	/dev/sdk,	ST4000NM0035-1V4107,	ZC1BVTDZ,	RS3617RPxs,	11,	disk_refresh,	,	0,	,	,	
debug,	2024/01/11 17:19:12,	/dev/sdl,	ST4000NM0035-1V4107,	ZC184H3P,	RS3617RPxs,	12,	disk_refresh,	,	0,	,	,	
debug,	2024/01/11 17:19:12,	/dev/sdc,	ST4000NM0035-1V4107,	ZC12PNH9,	RS3617RPxs,	3,	disk_refresh,	,	0,	,	,	
debug,	2024/01/11 17:19:12,	/dev/sdd,	ST4000NM0035-1V4107,	ZC13E3RC,	RS3617RPxs,	4,	disk_refresh,	,	0,	,	,	
debug,	2024/01/11 17:19:12,	/dev/sde,	ST4000NM0035-1V4107,	ZC17TJHN,	RS3617RPxs,	5,	disk_refresh,	,	0,	,	,	
debug,	2024/01/11 17:19:12,	/dev/sdf,	ST4000NM0035-1V4107,	ZC17ZSKN,	RS3617RPxs,	6,	disk_refresh,	,	0,	,	,	
debug,	2024/01/11 17:19:11,	/dev/sda,	ST4000NM0115-1YZ107,	ZC124E4Y,	RS3617RPxs,	1,	disk_refresh,	,	0,	,	,	
debug,	2024/01/11 16:18:00,	/dev/sdoc,	ST4000NM002A,	WS23LDJ2,	RX1217rp-1,	9,	disk_refresh,	,	0,	,	,	
debug,	2024/01/11 16:18:00,	/dev/sdpa,	ST4000NM002A,	WS23LD22,	RX1217rp-1,	10,	disk_refresh,	,	0,	,	,	
debug,	2024/01/11 16:18:00,	/dev/sdpb,	ST4000NM002A,	WS23LDK4,	RX1217rp-1,	11,	disk_refresh,	,	0,	,	,	
debug,	2024/01/11 16:18:00,	/dev/sdpc,	ST4000NM002A,	WS23LDC0,	RX1217rp-1,	12,	disk_refresh,	,	0,	,	,	
debug,	2024/01/11 16:17:59,	/dev/sdg,	ST4000NM0035-1V4107,	ZC1ASSRR,	RS3617RPxs,	7,	disk_refresh,	,	0,	,	,	
debug,	2024/01/11 16:17:59,	/dev/sdh,	ST4000NM0035-1V4107,	ZC1B50Q0,	RS3617RPxs,	8,	disk_refresh,	,	0,	,	,	
debug,	2024/01/11 16:17:59,	/dev/sdi,	ST4000NM0035-1V4107,	ZC1BVKQ6,	RS3617RPxs,	9,	disk_refresh,	,	0,	,	,	
debug,	2024/01/11 16:17:59,	/dev/sdj,	ST4000NM0035-1V4107,	ZC1BVAJH,	RS3617RPxs,	10,	disk_refresh,	,	0,	,	,	
debug,	2024/01/11 16:17:59,	/dev/sdma,	ST4000NM0035-1V4107,	ZC129286,	RX1217rp-1,	1,	disk_refresh,	,	0,	,	,	
debug,	2024/01/11 16:17:59,	/dev/sdmb,	ST4000NM0035-1V4107,	ZC11M9S0,	RX1217rp-1,	2,	disk_refresh,	,	0,	,	,	
debug,	2024/01/11 16:17:59,	/dev/sdmc,	ST4000NM0035-1V4107,	ZC11XPD8,	RX1217rp-1,	3,	disk_refresh,	,	0,	,	,	
debug,	2024/01/11 16:17:59,	/dev/sdna,	ST4000NM0035-1V4107,	ZC124SEN,	RX1217rp-1,	4,	disk_refresh,	,	0,	,	,	
debug,	2024/01/11 16:17:59,	/dev/sdnb,	ST4000NM0035-1V4107,	ZC19PFSG,	RX1217rp-1,	5,	disk_refresh,	,	0,	,	,	
debug,	2024/01/11 16:17:59,	/dev/sdnc,	ST4000NM0035-1V4107,	ZC15VT6Z,	RX1217rp-1,	6,	disk_refresh,	,	0,	,	,	
debug,	2024/01/11 16:17:59,	/dev/sdoa,	ST4000NM002A,	WS23LDF5,	RX1217rp-1,	7,	disk_refresh,	,	0,	,	,	
debug,	2024/01/11 16:17:59,	/dev/sdob,	ST4000NM002A,	WS23LD51,	RX1217rp-1,	8,	disk_refresh,	,	0,	,	,	
debug,	2024/01/11 16:17:58,	/dev/sda,	ST4000NM0115-1YZ107,	ZC124E4Y,	RS3617RPxs,	1,	disk_refresh,	,	0,	,	,	
debug,	2024/01/11 16:17:58,	/dev/sdb,	ST4000NM0035-1V4107,	ZC12RK95,	RS3617RPxs,	2,	disk_refresh,	,	0,	,	,	
debug,	2024/01/11 16:17:58,	/dev/sdk,	ST4000NM0035-1V4107,	ZC1BVTDZ,	RS3617RPxs,	11,	disk_refresh,	,	0,	,	,	
debug,	2024/01/11 16:17:58,	/dev/sdl,	ST4000NM0035-1V4107,	ZC184H3P,	RS3617RPxs,	12,	disk_refresh,	,	0,	,	,	
debug,	2024/01/11 16:17:58,	/dev/sdc,	ST4000NM0035-1V4107,	ZC12PNH9,	RS3617RPxs,	3,	disk_refresh,	,	0,	,	,	
debug,	2024/01/11 16:17:58,	/dev/sdd,	ST4000NM0035-1V4107,	ZC13E3RC,	RS3617RPxs,	4,	disk_refresh,	,	0,	,	,	
debug,	2024/01/11 16:17:58,	/dev/sde,	ST4000NM0035-1V4107,	ZC17TJHN,	RS3617RPxs,	5,	disk_refresh,	,	0,	,	,	
debug,	2024/01/11 16:17:58,	/dev/sdf,	ST4000NM0035-1V4107,	ZC17ZSKN,	RS3617RPxs,	6,	disk_refresh,	,	0,	,	,	
debug,	2024/01/11 13:33:51,	/dev/sdpa,	ST4000NM002A,	WS23LD22,	RX1217rp-1,	10,	disk_refresh,	,	0,	,	,	
debug,	2024/01/11 13:33:51,	/dev/sdpb,	ST4000NM002A,	WS23LDK4,	RX1217rp-1,	11,	disk_refresh,	,	0,	,	,	
debug,	2024/01/11 13:33:51,	/dev/sdpc,	ST4000NM002A,	WS23LDC0,	RX1217rp-1,	12,	disk_refresh,	,	0,	,	,	
debug,	2024/01/11 13:33:50,	/dev/sdh,	ST4000NM0035-1V4107,	ZC1B50Q0,	RS3617RPxs,	8,	disk_refresh,	,	0,	,	,	
debug,	2024/01/11 13:33:50,	/dev/sdi,	ST4000NM0035-1V4107,	ZC1BVKQ6,	RS3617RPxs,	9,	disk_refresh,	,	0,	,	,	
debug,	2024/01/11 13:33:50,	/dev/sdj,	ST4000NM0035-1V4107,	ZC1BVAJH,	RS3617RPxs,	10,	disk_refresh,	,	0,	,	,	
debug,	2024/01/11 13:33:50,	/dev/sdma,	ST4000NM0035-1V4107,	ZC129286,	RX1217rp-1,	1,	disk_refresh,	,	0,	,	,	
debug,	2024/01/11 13:33:50,	/dev/sdmb,	ST4000NM0035-1V4107,	ZC11M9S0,	RX1217rp-1,	2,	disk_refresh,	,	0,	,	,	
debug,	2024/01/11 13:33:50,	/dev/sdmc,	ST4000NM0035-1V4107,	ZC11XPD8,	RX1217rp-1,	3,	disk_refresh,	,	0,	,	,	
debug,	2024/01/11 13:33:50,	/dev/sdna,	ST4000NM0035-1V4107,	ZC124SEN,	RX1217rp-1,	4,	disk_refresh,	,	0,	,	,	
debug,	2024/01/11 13:33:50,	/dev/sdnb,	ST4000NM0035-1V4107,	ZC19PFSG,	RX1217rp-1,	5,	disk_refresh,	,	0,	,	,	
debug,	2024/01/11 13:33:50,	/dev/sdnc,	ST4000NM0035-1V4107,	ZC15VT6Z,	RX1217rp-1,	6,	disk_refresh,	,	0,	,	,	
debug,	2024/01/11 13:33:50,	/dev/sdoa,	ST4000NM002A,	WS23LDF5,	RX1217rp-1,	7,	disk_refresh,	,	0,	,	,	
debug,	2024/01/11 13:33:50,	/dev/sdob,	ST4000NM002A,	WS23LD51,	RX1217rp-1,	8,	disk_refresh,	,	0,	,	,	
debug,	2024/01/11 13:33:50,	/dev/sdoc,	ST4000NM002A,	WS23LDJ2,	RX1217rp-1,	9,	disk_refresh,	,	0,	,	,	
debug,	2024/01/11 13:33:49,	/dev/sdb,	ST4000NM0035-1V4107,	ZC12RK95,	RS3617RPxs,	2,	disk_refresh,	,	0,	,	,	
debug,	2024/01/11 13:33:49,	/dev/sdk,	ST4000NM0035-1V4107,	ZC1BVTDZ,	RS3617RPxs,	11,	disk_refresh,	,	0,	,	,	
debug,	2024/01/11 13:33:49,	/dev/sdl,	ST4000NM0035-1V4107,	ZC184H3P,	RS3617RPxs,	12,	disk_refresh,	,	0,	,	,	
debug,	2024/01/11 13:33:49,	/dev/sdc,	ST4000NM0035-1V4107,	ZC12PNH9,	RS3617RPxs,	3,	disk_refresh,	,	0,	,	,	
debug,	2024/01/11 13:33:49,	/dev/sdd,	ST4000NM0035-1V4107,	ZC13E3RC,	RS3617RPxs,	4,	disk_refresh,	,	0,	,	,	
debug,	2024/01/11 13:33:49,	/dev/sde,	ST4000NM0035-1V4107,	ZC17TJHN,	RS3617RPxs,	5,	disk_refresh,	,	0,	,	,	
debug,	2024/01/11 13:33:49,	/dev/sdf,	ST4000NM0035-1V4107,	ZC17ZSKN,	RS3617RPxs,	6,	disk_refresh,	,	0,	,	,	
debug,	2024/01/11 13:33:49,	/dev/sdg,	ST4000NM0035-1V4107,	ZC1ASSRR,	RS3617RPxs,	7,	disk_refresh,	,	0,	,	,	
debug,	2024/01/11 13:33:48,	/dev/sda,	ST4000NM0115-1YZ107,	ZC124E4Y,	RS3617RPxs,	1,	disk_refresh,	,	0,	,	,	
debug,	2024/01/10 14:52:51,	/dev/sdnc,	ST4000NM0035-1V4107,	ZC15VT6Z,	RX1217rp-1,	6,	disk_refresh,	,	0,	,	,	
debug,	2024/01/10 14:52:51,	/dev/sdoa,	ST4000NM002A,	WS23LDF5,	RX1217rp-1,	7,	disk_refresh,	,	0,	,	,	
debug,	2024/01/10 14:52:51,	/dev/sdob,	ST4000NM002A,	WS23LD51,	RX1217rp-1,	8,	disk_refresh,	,	0,	,	,	
debug,	2024/01/10 14:52:51,	/dev/sdoc,	ST4000NM002A,	WS23LDJ2,	RX1217rp-1,	9,	disk_refresh,	,	0,	,	,	
debug,	2024/01/10 14:52:51,	/dev/sdpa,	ST4000NM002A,	WS23LD22,	RX1217rp-1,	10,	disk_refresh,	,	0,	,	,	
debug,	2024/01/10 14:52:51,	/dev/sdpb,	ST4000NM002A,	WS23LDK4,	RX1217rp-1,	11,	disk_refresh,	,	0,	,	,	
debug,	2024/01/10 14:52:51,	/dev/sdpc,	ST4000NM002A,	WS23LDC0,	RX1217rp-1,	12,	disk_refresh,	,	0,	,	,	
debug,	2024/01/10 14:52:50,	/dev/sdf,	ST4000NM0035-1V4107,	ZC17ZSKN,	RS3617RPxs,	6,	disk_refresh,	,	0,	,	,	
debug,	2024/01/10 14:52:50,	/dev/sdg,	ST4000NM0035-1V4107,	ZC1ASSRR,	RS3617RPxs,	7,	disk_refresh,	,	0,	,	,	
debug,	2024/01/10 14:52:50,	/dev/sdh,	ST4000NM0035-1V4107,	ZC1B50Q0,	RS3617RPxs,	8,	disk_refresh,	,	0,	,	,	
debug,	2024/01/10 14:52:50,	/dev/sdi,	ST4000NM0035-1V4107,	ZC1BVKQ6,	RS3617RPxs,	9,	disk_refresh,	,	0,	,	,	
debug,	2024/01/10 14:52:50,	/dev/sdj,	ST4000NM0035-1V4107,	ZC1BVAJH,	RS3617RPxs,	10,	disk_refresh,	,	0,	,	,	
debug,	2024/01/10 14:52:50,	/dev/sdma,	ST4000NM0035-1V4107,	ZC129286,	RX1217rp-1,	1,	disk_refresh,	,	0,	,	,	
debug,	2024/01/10 14:52:50,	/dev/sdmb,	ST4000NM0035-1V4107,	ZC11M9S0,	RX1217rp-1,	2,	disk_refresh,	,	0,	,	,	
debug,	2024/01/10 14:52:50,	/dev/sdmc,	ST4000NM0035-1V4107,	ZC11XPD8,	RX1217rp-1,	3,	disk_refresh,	,	0,	,	,	
debug,	2024/01/10 14:52:50,	/dev/sdna,	ST4000NM0035-1V4107,	ZC124SEN,	RX1217rp-1,	4,	disk_refresh,	,	0,	,	,	
debug,	2024/01/10 14:52:50,	/dev/sdnb,	ST4000NM0035-1V4107,	ZC19PFSG,	RX1217rp-1,	5,	disk_refresh,	,	0,	,	,	
debug,	2024/01/10 14:52:49,	/dev/sdb,	ST4000NM0035-1V4107,	ZC12RK95,	RS3617RPxs,	2,	disk_refresh,	,	0,	,	,	
debug,	2024/01/10 14:52:49,	/dev/sdk,	ST4000NM0035-1V4107,	ZC1BVTDZ,	RS3617RPxs,	11,	disk_refresh,	,	0,	,	,	
debug,	2024/01/10 14:52:49,	/dev/sdl,	ST4000NM0035-1V4107,	ZC184H3P,	RS3617RPxs,	12,	disk_refresh,	,	0,	,	,	
debug,	2024/01/10 14:52:49,	/dev/sdc,	ST4000NM0035-1V4107,	ZC12PNH9,	RS3617RPxs,	3,	disk_refresh,	,	0,	,	,	
debug,	2024/01/10 14:52:49,	/dev/sdd,	ST4000NM0035-1V4107,	ZC13E3RC,	RS3617RPxs,	4,	disk_refresh,	,	0,	,	,	
debug,	2024/01/10 14:52:49,	/dev/sde,	ST4000NM0035-1V4107,	ZC17TJHN,	RS3617RPxs,	5,	disk_refresh,	,	0,	,	,	
debug,	2024/01/10 14:52:48,	/dev/sda,	ST4000NM0115-1YZ107,	ZC124E4Y,	RS3617RPxs,	1,	disk_refresh,	,	0,	,	,	
info,	2024/01/04 00:02:03,	/dev/sdoc,	ST4000NM002A,	WS23LDJ2,	RX1217rp-1,	9,	disk_smart_test_end,	,	0,	,	,	
info,	2024/01/04 00:01:21,	/dev/sdpc,	ST4000NM002A,	WS23LDC0,	RX1217rp-1,	12,	disk_smart_test_end,	,	0,	,	,	
info,	2024/01/04 00:01:21,	/dev/sdpb,	ST4000NM002A,	WS23LDK4,	RX1217rp-1,	11,	disk_smart_test_end,	,	0,	,	,	
info,	2024/01/04 00:01:21,	/dev/sdpa,	ST4000NM002A,	WS23LD22,	RX1217rp-1,	10,	disk_smart_test_end,	,	0,	,	,	
info,	2024/01/04 00:01:21,	/dev/sdob,	ST4000NM002A,	WS23LD51,	RX1217rp-1,	8,	disk_smart_test_end,	,	0,	,	,	
info,	2024/01/04 00:01:15,	/dev/sdnc,	ST4000NM0035-1V4107,	ZC15VT6Z,	RX1217rp-1,	6,	disk_smart_test_end,	,	0,	,	,	
info,	2024/01/04 00:01:14,	/dev/sdi,	ST4000NM0035-1V4107,	ZC1BVKQ6,	RS3617RPxs,	9,	disk_smart_test_end,	,	0,	,	,	
info,	2024/01/04 00:01:14,	/dev/sdoa,	ST4000NM002A,	WS23LDF5,	RX1217rp-1,	7,	disk_smart_test_end,	,	0,	,	,	
info,	2024/01/04 00:01:13,	/dev/sdg,	ST4000NM0035-1V4107,	ZC1ASSRR,	RS3617RPxs,	7,	disk_smart_test_end,	,	0,	,	,	
info,	2024/01/04 00:01:13,	/dev/sdna,	ST4000NM0035-1V4107,	ZC124SEN,	RX1217rp-1,	4,	disk_smart_test_end,	,	0,	,	,	
info,	2024/01/04 00:01:12,	/dev/sdk,	ST4000NM0035-1V4107,	ZC1BVTDZ,	RS3617RPxs,	11,	disk_smart_test_end,	,	0,	,	,	
info,	2024/01/04 00:01:12,	/dev/sde,	ST4000NM0035-1V4107,	ZC17TJHN,	RS3617RPxs,	5,	disk_smart_test_end,	,	0,	,	,	
info,	2024/01/04 00:01:12,	/dev/sdl,	ST4000NM0035-1V4107,	ZC184H3P,	RS3617RPxs,	12,	disk_smart_test_end,	,	0,	,	,	
info,	2024/01/04 00:01:11,	/dev/sdh,	ST4000NM0035-1V4107,	ZC1B50Q0,	RS3617RPxs,	8,	disk_smart_test_end,	,	0,	,	,	
info,	2024/01/04 00:01:11,	/dev/sdmc,	ST4000NM0035-1V4107,	ZC11XPD8,	RX1217rp-1,	3,	disk_smart_test_end,	,	0,	,	,	
info,	2024/01/04 00:01:10,	/dev/sdnb,	ST4000NM0035-1V4107,	ZC19PFSG,	RX1217rp-1,	5,	disk_smart_test_end,	,	0,	,	,	
info,	2024/01/04 00:01:10,	/dev/sdd,	ST4000NM0035-1V4107,	ZC13E3RC,	RS3617RPxs,	4,	disk_smart_test_end,	,	0,	,	,	
info,	2024/01/04 00:01:10,	/dev/sdf,	ST4000NM0035-1V4107,	ZC17ZSKN,	RS3617RPxs,	6,	disk_smart_test_end,	,	0,	,	,	
info,	2024/01/04 00:01:09,	/dev/sdj,	ST4000NM0035-1V4107,	ZC1BVAJH,	RS3617RPxs,	10,	disk_smart_test_end,	,	0,	,	,	
info,	2024/01/04 00:01:09,	/dev/sdma,	ST4000NM0035-1V4107,	ZC129286,	RX1217rp-1,	1,	disk_smart_test_end,	,	0,	,	,	
info,	2024/01/04 00:01:08,	/dev/sdmb,	ST4000NM0035-1V4107,	ZC11M9S0,	RX1217rp-1,	2,	disk_smart_test_end,	,	0,	,	,	
info,	2024/01/04 00:01:03,	/dev/sdb,	ST4000NM0035-1V4107,	ZC12RK95,	RS3617RPxs,	2,	disk_smart_test_end,	,	0,	,	,	
info,	2024/01/04 00:01:02,	/dev/sda,	ST4000NM0115-1YZ107,	ZC124E4Y,	RS3617RPxs,	1,	disk_smart_test_end,	,	0,	,	,	
info,	2024/01/04 00:01:01,	/dev/sdc,	ST4000NM0035-1V4107,	ZC12PNH9,	RS3617RPxs,	3,	disk_smart_test_end,	,	0,	,	,	
info,	2024/01/04 00:00:16,	/dev/sdpc,	ST4000NM002A,	WS23LDC0,	RX1217rp-1,	12,	disk_smart_test_start,	,	0,	,	,	
info,	2024/01/04 00:00:14,	/dev/sdpb,	ST4000NM002A,	WS23LDK4,	RX1217rp-1,	11,	disk_smart_test_start,	,	0,	,	,	
info,	2024/01/04 00:00:13,	/dev/sdpa,	ST4000NM002A,	WS23LD22,	RX1217rp-1,	10,	disk_smart_test_start,	,	0,	,	,	
info,	2024/01/04 00:00:12,	/dev/sdoc,	ST4000NM002A,	WS23LDJ2,	RX1217rp-1,	9,	disk_smart_test_start,	,	0,	,	,	
info,	2024/01/04 00:00:10,	/dev/sdoa,	ST4000NM002A,	WS23LDF5,	RX1217rp-1,	7,	disk_smart_test_start,	,	0,	,	,	
info,	2024/01/04 00:00:10,	/dev/sdob,	ST4000NM002A,	WS23LD51,	RX1217rp-1,	8,	disk_smart_test_start,	,	0,	,	,	
info,	2024/01/04 00:00:09,	/dev/sdna,	ST4000NM0035-1V4107,	ZC124SEN,	RX1217rp-1,	4,	disk_smart_test_start,	,	0,	,	,	
info,	2024/01/04 00:00:09,	/dev/sdnb,	ST4000NM0035-1V4107,	ZC19PFSG,	RX1217rp-1,	5,	disk_smart_test_start,	,	0,	,	,	
info,	2024/01/04 00:00:09,	/dev/sdnc,	ST4000NM0035-1V4107,	ZC15VT6Z,	RX1217rp-1,	6,	disk_smart_test_start,	,	0,	,	,	
info,	2024/01/04 00:00:08,	/dev/sdma,	ST4000NM0035-1V4107,	ZC129286,	RX1217rp-1,	1,	disk_smart_test_start,	,	0,	,	,	
info,	2024/01/04 00:00:08,	/dev/sdmb,	ST4000NM0035-1V4107,	ZC11M9S0,	RX1217rp-1,	2,	disk_smart_test_start,	,	0,	,	,	
info,	2024/01/04 00:00:08,	/dev/sdmc,	ST4000NM0035-1V4107,	ZC11XPD8,	RX1217rp-1,	3,	disk_smart_test_start,	,	0,	,	,	
info,	2024/01/04 00:00:07,	/dev/sdj,	ST4000NM0035-1V4107,	ZC1BVAJH,	RS3617RPxs,	10,	disk_smart_test_start,	,	0,	,	,	
info,	2024/01/04 00:00:07,	/dev/sdk,	ST4000NM0035-1V4107,	ZC1BVTDZ,	RS3617RPxs,	11,	disk_smart_test_start,	,	0,	,	,	
info,	2024/01/04 00:00:07,	/dev/sdl,	ST4000NM0035-1V4107,	ZC184H3P,	RS3617RPxs,	12,	disk_smart_test_start,	,	0,	,	,	
info,	2024/01/04 00:00:06,	/dev/sdh,	ST4000NM0035-1V4107,	ZC1B50Q0,	RS3617RPxs,	8,	disk_smart_test_start,	,	0,	,	,	
info,	2024/01/04 00:00:06,	/dev/sdi,	ST4000NM0035-1V4107,	ZC1BVKQ6,	RS3617RPxs,	9,	disk_smart_test_start,	,	0,	,	,	
info,	2024/01/04 00:00:05,	/dev/sdf,	ST4000NM0035-1V4107,	ZC17ZSKN,	RS3617RPxs,	6,	disk_smart_test_start,	,	0,	,	,	
info,	2024/01/04 00:00:05,	/dev/sdg,	ST4000NM0035-1V4107,	ZC1ASSRR,	RS3617RPxs,	7,	disk_smart_test_start,	,	0,	,	,	
info,	2024/01/04 00:00:04,	/dev/sde,	ST4000NM0035-1V4107,	ZC17TJHN,	RS3617RPxs,	5,	disk_smart_test_start,	,	0,	,	,	
info,	2024/01/04 00:00:03,	/dev/sdc,	ST4000NM0035-1V4107,	ZC12PNH9,	RS3617RPxs,	3,	disk_smart_test_start,	,	0,	,	,	
info,	2024/01/04 00:00:03,	/dev/sdd,	ST4000NM0035-1V4107,	ZC13E3RC,	RS3617RPxs,	4,	disk_smart_test_start,	,	0,	,	,	
info,	2024/01/04 00:00:02,	/dev/sda,	ST4000NM0115-1YZ107,	ZC124E4Y,	RS3617RPxs,	1,	disk_smart_test_start,	,	0,	,	,	
info,	2024/01/04 00:00:02,	/dev/sdb,	ST4000NM0035-1V4107,	ZC12RK95,	RS3617RPxs,	2,	disk_smart_test_start,	,	0,	,	,	
debug,	2024/01/02 13:07:04,	/dev/sdpc,	ST4000NM002A,	WS23LDC0,	RX1217rp-1,	12,	disk_refresh,	,	0,	,	,	
info,	2024/01/02 13:07:04,	/dev/sdpc,	ST4000NM002A,	WS23LDC0,	RX1217rp-1,	12,	plugin,	,	0,	,	,	
info,	2024/01/02 13:06:35,	/dev/sdpb,	ST4000NM002A,	WS23LDK4,	RX1217rp-1,	11,	plugin,	,	0,	,	,	
debug,	2024/01/02 13:06:35,	/dev/sdpb,	ST4000NM002A,	WS23LDK4,	RX1217rp-1,	11,	disk_refresh,	,	0,	,	,	
debug,	2023/12/09 22:22:12,	/dev/sdob,	ST4000NM002A,	WS23LD51,	RX1217rp-1,	8,	disk_refresh,	,	0,	,	,	
debug,	2023/12/09 22:22:12,	/dev/sdoc,	ST4000NM002A,	WS23LDJ2,	RX1217rp-1,	9,	disk_refresh,	,	0,	,	,	
debug,	2023/12/09 22:22:12,	/dev/sdpa,	ST4000NM002A,	WS23LD22,	RX1217rp-1,	10,	disk_refresh,	,	0,	,	,	
debug,	2023/12/09 22:22:11,	/dev/sdg,	ST4000NM0035-1V4107,	ZC1ASSRR,	RS3617RPxs,	7,	disk_refresh,	,	0,	,	,	
debug,	2023/12/09 22:22:11,	/dev/sdh,	ST4000NM0035-1V4107,	ZC1B50Q0,	RS3617RPxs,	8,	disk_refresh,	,	0,	,	,	
debug,	2023/12/09 22:22:11,	/dev/sdi,	ST4000NM0035-1V4107,	ZC1BVKQ6,	RS3617RPxs,	9,	disk_refresh,	,	0,	,	,	
debug,	2023/12/09 22:22:11,	/dev/sdj,	ST4000NM0035-1V4107,	ZC1BVAJH,	RS3617RPxs,	10,	disk_refresh,	,	0,	,	,	
debug,	2023/12/09 22:22:11,	/dev/sdma,	ST4000NM0035-1V4107,	ZC129286,	RX1217rp-1,	1,	disk_refresh,	,	0,	,	,	
debug,	2023/12/09 22:22:11,	/dev/sdmb,	ST4000NM0035-1V4107,	ZC11M9S0,	RX1217rp-1,	2,	disk_refresh,	,	0,	,	,	
debug,	2023/12/09 22:22:11,	/dev/sdmc,	ST4000NM0035-1V4107,	ZC11XPD8,	RX1217rp-1,	3,	disk_refresh,	,	0,	,	,	
debug,	2023/12/09 22:22:11,	/dev/sdna,	ST4000NM0035-1V4107,	ZC124SEN,	RX1217rp-1,	4,	disk_refresh,	,	0,	,	,	
debug,	2023/12/09 22:22:11,	/dev/sdnb,	ST4000NM0035-1V4107,	ZC19PFSG,	RX1217rp-1,	5,	disk_refresh,	,	0,	,	,	
debug,	2023/12/09 22:22:11,	/dev/sdnc,	ST4000NM0035-1V4107,	ZC15VT6Z,	RX1217rp-1,	6,	disk_refresh,	,	0,	,	,	
debug,	2023/12/09 22:22:11,	/dev/sdoa,	ST4000NM002A,	WS23LDF5,	RX1217rp-1,	7,	disk_refresh,	,	0,	,	,	
debug,	2023/12/09 22:22:10,	/dev/sdk,	ST4000NM0035-1V4107,	ZC1BVTDZ,	RS3617RPxs,	11,	disk_refresh,	,	0,	,	,	
debug,	2023/12/09 22:22:10,	/dev/sdl,	ST4000NM0035-1V4107,	ZC184H3P,	RS3617RPxs,	12,	disk_refresh,	,	0,	,	,	
debug,	2023/12/09 22:22:10,	/dev/sdc,	ST4000NM0035-1V4107,	ZC12PNH9,	RS3617RPxs,	3,	disk_refresh,	,	0,	,	,	
debug,	2023/12/09 22:22:10,	/dev/sdd,	ST4000NM0035-1V4107,	ZC13E3RC,	RS3617RPxs,	4,	disk_refresh,	,	0,	,	,	
debug,	2023/12/09 22:22:10,	/dev/sde,	ST4000NM0035-1V4107,	ZC17TJHN,	RS3617RPxs,	5,	disk_refresh,	,	0,	,	,	
debug,	2023/12/09 22:22:10,	/dev/sdf,	ST4000NM0035-1V4107,	ZC17ZSKN,	RS3617RPxs,	6,	disk_refresh,	,	0,	,	,	
debug,	2023/12/09 22:22:09,	/dev/sda,	ST4000NM0115-1YZ107,	ZC124E4Y,	RS3617RPxs,	1,	disk_refresh,	,	0,	,	,	
debug,	2023/12/09 22:22:09,	/dev/sdb,	ST4000NM0035-1V4107,	ZC12RK95,	RS3617RPxs,	2,	disk_refresh,	,	0,	,	,	
info,	2023/12/04 15:52:52,	/dev/sdmb,	ST4000NM0035-1V4107,	ZC11M9S0,	RX1217rp-1,	2,	plugin,	,	0,	,	,	
debug,	2023/12/04 15:52:52,	/dev/sdmb,	ST4000NM0035-1V4107,	ZC11M9S0,	RX1217rp-1,	2,	disk_refresh,	,	0,	,	,	
info,	2023/12/04 15:48:57,	/dev/sdmb,	ST4000NM0035-1V4107,	ZC125295,	RX1217rp-1,	2,	plugout,	,	0,	,	,	
info,	2023/12/04 15:41:54,	/dev/sdmb,	ST4000NM0035-1V4107,	ZC125295,	RX1217rp-1,	2,	disk_deactivate,	,	0,	,	,	
debug,	2023/12/04 15:41:53,	/dev/sdmb,	ST4000NM0035-1V4107,	ZC125295,	RX1217rp-1,	2,	disk_raid_faulty,	,	4,	data,	,	
info,	2023/12/02 16:50:49,	/dev/sdmb,	ST4000NM0035-1V4107,	ZC125295,	RX1217rp-1,	2,	disk_smart_test_end,	,	0,	,	,	
info,	2023/12/02 13:00:02,	/dev/sdmb,	ST4000NM0035-1V4107,	ZC125295,	RX1217rp-1,	2,	disk_smart_test_start,	,	0,	,	,	
debug,	2023/12/02 11:51:00,	/dev/sdj,	ST4000NM0035-1V4107,	ZC1BVAJH,	RS3617RPxs,	10,	disk_refresh,	,	0,	,	,	
debug,	2023/12/02 11:51:00,	/dev/sdma,	ST4000NM0035-1V4107,	ZC129286,	RX1217rp-1,	1,	disk_refresh,	,	0,	,	,	
debug,	2023/12/02 11:51:00,	/dev/sdmb,	ST4000NM0035-1V4107,	ZC125295,	RX1217rp-1,	2,	disk_refresh,	,	0,	,	,	
debug,	2023/12/02 11:51:00,	/dev/sdmc,	ST4000NM0035-1V4107,	ZC11XPD8,	RX1217rp-1,	3,	disk_refresh,	,	0,	,	,	
debug,	2023/12/02 11:51:00,	/dev/sdna,	ST4000NM0035-1V4107,	ZC124SEN,	RX1217rp-1,	4,	disk_refresh,	,	0,	,	,	
debug,	2023/12/02 11:51:00,	/dev/sdnb,	ST4000NM0035-1V4107,	ZC19PFSG,	RX1217rp-1,	5,	disk_refresh,	,	0,	,	,	
debug,	2023/12/02 11:51:00,	/dev/sdnc,	ST4000NM0035-1V4107,	ZC15VT6Z,	RX1217rp-1,	6,	disk_refresh,	,	0,	,	,	
debug,	2023/12/02 11:51:00,	/dev/sdoa,	ST4000NM002A,	WS23LDF5,	RX1217rp-1,	7,	disk_refresh,	,	0,	,	,	
debug,	2023/12/02 11:51:00,	/dev/sdob,	ST4000NM002A,	WS23LD51,	RX1217rp-1,	8,	disk_refresh,	,	0,	,	,	
debug,	2023/12/02 11:51:00,	/dev/sdoc,	ST4000NM002A,	WS23LDJ2,	RX1217rp-1,	9,	disk_refresh,	,	0,	,	,	
debug,	2023/12/02 11:51:00,	/dev/sdpa,	ST4000NM002A,	WS23LD22,	RX1217rp-1,	10,	disk_refresh,	,	0,	,	,	
debug,	2023/12/02 11:50:59,	/dev/sdl,	ST4000NM0035-1V4107,	ZC184H3P,	RS3617RPxs,	12,	disk_refresh,	,	0,	,	,	
debug,	2023/12/02 11:50:59,	/dev/sdc,	ST4000NM0035-1V4107,	ZC12PNH9,	RS3617RPxs,	3,	disk_refresh,	,	0,	,	,	
debug,	2023/12/02 11:50:59,	/dev/sdd,	ST4000NM0035-1V4107,	ZC13E3RC,	RS3617RPxs,	4,	disk_refresh,	,	0,	,	,	
debug,	2023/12/02 11:50:59,	/dev/sde,	ST4000NM0035-1V4107,	ZC17TJHN,	RS3617RPxs,	5,	disk_refresh,	,	0,	,	,	
debug,	2023/12/02 11:50:59,	/dev/sdf,	ST4000NM0035-1V4107,	ZC17ZSKN,	RS3617RPxs,	6,	disk_refresh,	,	0,	,	,	
debug,	2023/12/02 11:50:59,	/dev/sdg,	ST4000NM0035-1V4107,	ZC1ASSRR,	RS3617RPxs,	7,	disk_refresh,	,	0,	,	,	
debug,	2023/12/02 11:50:59,	/dev/sdh,	ST4000NM0035-1V4107,	ZC1B50Q0,	RS3617RPxs,	8,	disk_refresh,	,	0,	,	,	
debug,	2023/12/02 11:50:59,	/dev/sdi,	ST4000NM0035-1V4107,	ZC1BVKQ6,	RS3617RPxs,	9,	disk_refresh,	,	0,	,	,	
debug,	2023/12/02 11:50:58,	/dev/sda,	ST4000NM0115-1YZ107,	ZC124E4Y,	RS3617RPxs,	1,	disk_refresh,	,	0,	,	,	
debug,	2023/12/02 11:50:58,	/dev/sdb,	ST4000NM0035-1V4107,	ZC12RK95,	RS3617RPxs,	2,	disk_refresh,	,	0,	,	,	
debug,	2023/12/02 11:50:58,	/dev/sdk,	ST4000NM0035-1V4107,	ZC1BVTDZ,	RS3617RPxs,	11,	disk_refresh,	,	0,	,	,	
debug,	2023/12/02 11:44:34,	/dev/sdk,	ST4000NM0035-1V4107,	ZC1BVTDZ,	RS3617RPxs,	11,	disk_raid_faulty,	,	2,	system,	,	
debug,	2023/12/02 11:44:33,	/dev/sdl,	ST4000NM0035-1V4107,	ZC184H3P,	RS3617RPxs,	12,	disk_raid_faulty,	,	2,	system,	,	
debug,	2023/12/02 11:11:01,	/dev/sdpa,	ST4000NM002A,	WS23LD22,	RX1217rp-1,	10,	disk_refresh,	,	0,	,	,	
debug,	2023/12/02 11:11:00,	/dev/sdg,	ST4000NM0035-1V4107,	ZC1ASSRR,	RS3617RPxs,	7,	disk_refresh,	,	0,	,	,	
debug,	2023/12/02 11:11:00,	/dev/sdh,	ST4000NM0035-1V4107,	ZC1B50Q0,	RS3617RPxs,	8,	disk_refresh,	,	0,	,	,	
debug,	2023/12/02 11:11:00,	/dev/sdi,	ST4000NM0035-1V4107,	ZC1BVKQ6,	RS3617RPxs,	9,	disk_refresh,	,	0,	,	,	
debug,	2023/12/02 11:11:00,	/dev/sdj,	ST4000NM0035-1V4107,	ZC1BVAJH,	RS3617RPxs,	10,	disk_refresh,	,	0,	,	,	
debug,	2023/12/02 11:11:00,	/dev/sdma,	ST4000NM0035-1V4107,	ZC129286,	RX1217rp-1,	1,	disk_refresh,	,	0,	,	,	
debug,	2023/12/02 11:11:00,	/dev/sdmb,	ST4000NM0035-1V4107,	ZC125295,	RX1217rp-1,	2,	disk_refresh,	,	0,	,	,	
debug,	2023/12/02 11:11:00,	/dev/sdmc,	ST4000NM0035-1V4107,	ZC11XPD8,	RX1217rp-1,	3,	disk_refresh,	,	0,	,	,	
debug,	2023/12/02 11:11:00,	/dev/sdna,	ST4000NM0035-1V4107,	ZC124SEN,	RX1217rp-1,	4,	disk_refresh,	,	0,	,	,	
debug,	2023/12/02 11:11:00,	/dev/sdnb,	ST4000NM0035-1V4107,	ZC19PFSG,	RX1217rp-1,	5,	disk_refresh,	,	0,	,	,	
debug,	2023/12/02 11:11:00,	/dev/sdnc,	ST4000NM0035-1V4107,	ZC15VT6Z,	RX1217rp-1,	6,	disk_refresh,	,	0,	,	,	
debug,	2023/12/02 11:11:00,	/dev/sdoa,	ST4000NM002A,	WS23LDF5,	RX1217rp-1,	7,	disk_refresh,	,	0,	,	,	
debug,	2023/12/02 11:11:00,	/dev/sdob,	ST4000NM002A,	WS23LD51,	RX1217rp-1,	8,	disk_refresh,	,	0,	,	,	
debug,	2023/12/02 11:11:00,	/dev/sdoc,	ST4000NM002A,	WS23LDJ2,	RX1217rp-1,	9,	disk_refresh,	,	0,	,	,	
debug,	2023/12/02 11:10:59,	/dev/sda,	ST4000NM0115-1YZ107,	ZC124E4Y,	RS3617RPxs,	1,	disk_refresh,	,	0,	,	,	
debug,	2023/12/02 11:10:59,	/dev/sdb,	ST4000NM0035-1V4107,	ZC12RK95,	RS3617RPxs,	2,	disk_refresh,	,	0,	,	,	
debug,	2023/12/02 11:10:59,	/dev/sdk,	ST4000NM0035-1V4107,	ZC1BVTDZ,	RS3617RPxs,	11,	disk_refresh,	,	0,	,	,	
debug,	2023/12/02 11:10:59,	/dev/sdl,	ST4000NM0035-1V4107,	ZC184H3P,	RS3617RPxs,	12,	disk_refresh,	,	0,	,	,	
debug,	2023/12/02 11:10:59,	/dev/sdc,	ST4000NM0035-1V4107,	ZC12PNH9,	RS3617RPxs,	3,	disk_refresh,	,	0,	,	,	
debug,	2023/12/02 11:10:59,	/dev/sdd,	ST4000NM0035-1V4107,	ZC13E3RC,	RS3617RPxs,	4,	disk_refresh,	,	0,	,	,	
debug,	2023/12/02 11:10:59,	/dev/sde,	ST4000NM0035-1V4107,	ZC17TJHN,	RS3617RPxs,	5,	disk_refresh,	,	0,	,	,	
debug,	2023/12/02 11:10:59,	/dev/sdf,	ST4000NM0035-1V4107,	ZC17ZSKN,	RS3617RPxs,	6,	disk_refresh,	,	0,	,	,	
warning,	2023/12/02 04:17:31,	/dev/sdmb,	ST4000NM0035-1V4107,	ZC125295,	RX1217rp-1,	2,	bad_sector_inc,	,	0,	,	,	
err,	2023/12/01 04:07:19,	/dev/sdmb,	ST4000NM0035-1V4107,	ZC125295,	RX1217rp-1,	2,	ioerr,	,	0,	,	,	
err,	2023/12/01 04:07:19,	/dev/sdmb,	ST4000NM0035-1V4107,	ZC125295,	RX1217rp-1,	2,	ioerr,	,	0,	,	,	
err,	2023/12/01 04:07:19,	/dev/sdmb,	ST4000NM0035-1V4107,	ZC125295,	RX1217rp-1,	2,	ioerr,	,	0,	,	,	
err,	2023/12/01 04:07:19,	/dev/sdmb,	ST4000NM0035-1V4107,	ZC125295,	RX1217rp-1,	2,	ioerr,	,	0,	,	,	
err,	2023/12/01 04:07:19,	/dev/sdmb,	ST4000NM0035-1V4107,	ZC125295,	RX1217rp-1,	2,	ioerr,	,	0,	,	,	
err,	2023/12/01 04:07:19,	/dev/sdmb,	ST4000NM0035-1V4107,	ZC125295,	RX1217rp-1,	2,	ioerr,	,	0,	,	,	
err,	2023/12/01 04:07:19,	/dev/sdmb,	ST4000NM0035-1V4107,	ZC125295,	RX1217rp-1,	2,	ioerr,	,	0,	,	,	
err,	2023/12/01 04:07:19,	/dev/sdmb,	ST4000NM0035-1V4107,	ZC125295,	RX1217rp-1,	2,	ioerr,	,	0,	,	,	
err,	2023/12/01 04:07:19,	/dev/sdmb,	ST4000NM0035-1V4107,	ZC125295,	RX1217rp-1,	2,	ioerr,	,	0,	,	,	
err,	2023/12/01 04:07:19,	/dev/sdmb,	ST4000NM0035-1V4107,	ZC125295,	RX1217rp-1,	2,	ioerr,	,	0,	,	,	
err,	2023/12/01 04:07:19,	/dev/sdmb,	ST4000NM0035-1V4107,	ZC125295,	RX1217rp-1,	2,	ioerr,	,	0,	,	,	
err,	2023/12/01 04:07:19,	/dev/sdmb,	ST4000NM0035-1V4107,	ZC125295,	RX1217rp-1,	2,	ioerr,	,	0,	,	,	
err,	2023/12/01 04:07:19,	/dev/sdmb,	ST4000NM0035-1V4107,	ZC125295,	RX1217rp-1,	2,	ioerr,	,	0,	,	,	
err,	2023/12/01 04:07:19,	/dev/sdmb,	ST4000NM0035-1V4107,	ZC125295,	RX1217rp-1,	2,	ioerr,	,	0,	,	,	
err,	2023/12/01 04:07:19,	/dev/sdmb,	ST4000NM0035-1V4107,	ZC125295,	RX1217rp-1,	2,	ioerr,	,	0,	,	,	
err,	2023/12/01 04:07:19,	/dev/sdmb,	ST4000NM0035-1V4107,	ZC125295,	RX1217rp-1,	2,	ioerr,	,	0,	,	,	
err,	2023/12/01 04:07:19,	/dev/sdmb,	ST4000NM0035-1V4107,	ZC125295,	RX1217rp-1,	2,	ioerr,	,	0,	,	,	
err,	2023/12/01 04:07:19,	/dev/sdmb,	ST4000NM0035-1V4107,	ZC125295,	RX1217rp-1,	2,	ioerr,	,	0,	,	,	
err,	2023/12/01 04:07:19,	/dev/sdmb,	ST4000NM0035-1V4107,	ZC125295,	RX1217rp-1,	2,	ioerr,	,	0,	,	,	
err,	2023/12/01 04:07:19,	/dev/sdmb,	ST4000NM0035-1V4107,	ZC125295,	RX1217rp-1,	2,	ioerr,	,	0,	,	,	
err,	2023/12/01 04:07:19,	/dev/sdmb,	ST4000NM0035-1V4107,	ZC125295,	RX1217rp-1,	2,	ioerr,	,	0,	,	,	
err,	2023/12/01 04:07:19,	/dev/sdmb,	ST4000NM0035-1V4107,	ZC125295,	RX1217rp-1,	2,	ioerr,	,	0,	,	,	
err,	2023/12/01 04:07:19,	/dev/sdmb,	ST4000NM0035-1V4107,	ZC125295,	RX1217rp-1,	2,	ioerr,	,	0,	,	,	
err,	2023/12/01 04:07:19,	/dev/sdmb,	ST4000NM0035-1V4107,	ZC125295,	RX1217rp-1,	2,	ioerr,	,	0,	,	,	
err,	2023/12/01 04:07:18,	/dev/sdmb,	ST4000NM0035-1V4107,	ZC125295,	RX1217rp-1,	2,	ioerr,	,	0,	,	,	
err,	2023/12/01 04:07:18,	/dev/sdmb,	ST4000NM0035-1V4107,	ZC125295,	RX1217rp-1,	2,	ioerr,	,	0,	,	,	
err,	2023/12/01 04:07:18,	/dev/sdmb,	ST4000NM0035-1V4107,	ZC125295,	RX1217rp-1,	2,	ioerr,	,	0,	,	,	
err,	2023/12/01 04:07:18,	/dev/sdmb,	ST4000NM0035-1V4107,	ZC125295,	RX1217rp-1,	2,	ioerr,	,	0,	,	,	
err,	2023/12/01 04:07:18,	/dev/sdmb,	ST4000NM0035-1V4107,	ZC125295,	RX1217rp-1,	2,	ioerr,	,	0,	,	,	
err,	2023/12/01 04:07:18,	/dev/sdmb,	ST4000NM0035-1V4107,	ZC125295,	RX1217rp-1,	2,	ioerr,	,	0,	,	,	
err,	2023/12/01 04:07:18,	/dev/sdmb,	ST4000NM0035-1V4107,	ZC125295,	RX1217rp-1,	2,	ioerr,	,	0,	,	,	
err,	2023/12/01 03:57:43,	/dev/sdmb,	ST4000NM0035-1V4107,	ZC125295,	RX1217rp-1,	2,	unc,	,	0,	,	,	
warning,	2023/12/01 00:16:46,	/dev/sdmb,	ST4000NM0035-1V4107,	ZC125295,	RX1217rp-1,	2,	bad_sector_inc,	,	0,	,	,	
warning,	2023/11/30 21:16:42,	/dev/sdoc,	ST4000NM002A,	WS23LDJ2,	RX1217rp-1,	9,	bad_sector_inc,	,	0,	,	,	
info,	2023/11/29 11:51:34,	/dev/sdmc,	ST4000NM0035-1V4107,	ZC11XPD8,	RX1217rp-1,	3,	plugin,	,	0,	,	,	
warning,	2023/11/29 11:44:50,	/dev/sdmc,	ST4000NM0035-1V4107,	ZC13NZ2G,	RX1217rp-1,	3,	plugout,	,	0,	,	,	
info,	2023/11/27 12:00:48,	/dev/sdpa,	ST4000NM002A,	WS23LD22,	RX1217rp-1,	10,	plugin,	,	0,	,	,	
info,	2023/11/27 11:59:45,	/dev/sdoc,	ST4000NM002A,	WS23LDJ2,	RX1217rp-1,	9,	plugin,	,	0,	,	,	
info,	2023/11/27 11:57:58,	/dev/sdob,	ST4000NM002A,	WS23LD51,	RX1217rp-1,	8,	plugin,	,	0,	,	,	
info,	2023/11/27 11:56:52,	/dev/sdoa,	ST4000NM002A,	WS23LDF5,	RX1217rp-1,	7,	plugin,	,	0,	,	,	
warning,	2023/11/26 14:12:26,	/dev/sdmc,	ST4000NM0035-1V4107,	ZC13NZ2G,	RX1217rp-1,	3,	bad_sector_inc,	,	0,	,	,	
warning,	2023/10/18 11:58:10,	/dev/sdmc,	ST4000NM0035-1V4107,	ZC13NZ2G,	RX1217rp-1,	3,	bad_sector_inc,	,	0,	,	,	
warning,	2023/06/03 06:35:27,	/dev/sdmb,	ST4000NM0035-1V4107,	ZC125295,	RX1217rp-1,	2,	bad_sector_inc,	,	0,	,	,	
err,	2023/04/09 05:03:49,	/dev/sdma,	ST4000NM0035-1V4107,	ZC129286,	RX1217rp-1,	1,	unc,	,	0,	,	,	
err,	2023/04/09 05:03:49,	/dev/sdma,	ST4000NM0035-1V4107,	ZC129286,	RX1217rp-1,	1,	ioerr,	,	0,	,	,	
err,	2023/04/09 05:03:49,	/dev/sdma,	ST4000NM0035-1V4107,	ZC129286,	RX1217rp-1,	1,	ioerr,	,	0,	,	,	
warning,	2023/04/09 03:23:43,	/dev/sdmc,	ST4000NM0035-1V4107,	ZC13NZ2G,	RX1217rp-1,	3,	plugout,	,	0,	,	,	
err,	2023/04/09 03:06:36,	/dev/sdmc,	ST4000NM0035-1V4107,	ZC13NZ2G,	RX1217rp-1,	3,	ioerr,	,	0,	,	,	
err,	2023/04/09 03:06:29,	/dev/sdmc,	ST4000NM0035-1V4107,	ZC13NZ2G,	RX1217rp-1,	3,	ioerr,	,	0,	,	,	
err,	2023/04/09 03:06:29,	/dev/sdmc,	ST4000NM0035-1V4107,	ZC13NZ2G,	RX1217rp-1,	3,	unc,	,	0,	,	,	
err,	2023/04/09 03:06:14,	/dev/sdmc,	ST4000NM0035-1V4107,	ZC13NZ2G,	RX1217rp-1,	3,	unc,	,	0,	,	,	
err,	2023/04/09 02:47:30,	/dev/sdmc,	ST4000NM0035-1V4107,	ZC13NZ2G,	RX1217rp-1,	3,	ioerr,	,	0,	,	,	
err,	2023/04/09 02:47:25,	/dev/sdmc,	ST4000NM0035-1V4107,	ZC13NZ2G,	RX1217rp-1,	3,	unc,	,	0,	,	,	
err,	2023/04/09 02:34:39,	/dev/sdmc,	ST4000NM0035-1V4107,	ZC13NZ2G,	RX1217rp-1,	3,	ioerr,	,	0,	,	,	
err,	2023/04/09 02:34:39,	/dev/sdmc,	ST4000NM0035-1V4107,	ZC13NZ2G,	RX1217rp-1,	3,	ioerr,	,	0,	,	,	
err,	2023/04/09 02:34:39,	/dev/sdmc,	ST4000NM0035-1V4107,	ZC13NZ2G,	RX1217rp-1,	3,	ioerr,	,	0,	,	,	
err,	2023/04/09 02:31:15,	/dev/sdmc,	ST4000NM0035-1V4107,	ZC13NZ2G,	RX1217rp-1,	3,	ioerr,	,	0,	,	,	
err,	2023/04/09 01:51:36,	/dev/sdmc,	ST4000NM0035-1V4107,	ZC13NZ2G,	RX1217rp-1,	3,	ioerr,	,	0,	,	,	
warning,	2023/04/08 03:18:35,	/dev/sdmc,	ST4000NM0035-1V4107,	ZC13NZ2G,	RX1217rp-1,	3,	bad_sector_inc,	,	0,	,	,	
err,	2023/04/08 03:02:14,	/dev/sdmc,	ST4000NM0035-1V4107,	ZC13NZ2G,	RX1217rp-1,	3,	ioerr,	,	0,	,	,	
err,	2023/04/08 03:02:11,	/dev/sdmc,	ST4000NM0035-1V4107,	ZC13NZ2G,	RX1217rp-1,	3,	ioerr,	,	0,	,	,	
warning,	2023/03/12 07:47:50,	/dev/sdl,	ST4000NM0035-1V4107,	ZC184H3P,	RS3617RPxs,	12,	bad_sector_inc,	,	0,	,	,	
warning,	2023/01/21 17:20:15,	/dev/sdmc,	ST4000NM0035-1V4107,	ZC13NZ2G,	RX1217rp-1,	3,	bad_sector_inc,	,	0,	,	,	
warning,	2023/01/20 04:19:42,	/dev/sdmc,	ST4000NM0035-1V4107,	ZC13NZ2G,	RX1217rp-1,	3,	bad_sector_inc,	,	0,	,	,	
warning,	2023/01/18 03:18:50,	/dev/sdmc,	ST4000NM0035-1V4107,	ZC13NZ2G,	RX1217rp-1,	3,	bad_sector_inc,	,	0,	,	,	
warning,	2023/01/15 16:17:47,	/dev/sdmc,	ST4000NM0035-1V4107,	ZC13NZ2G,	RX1217rp-1,	3,	bad_sector_inc,	,	0,	,	,	
warning,	2023/01/08 04:14:02,	/dev/sdmc,	ST4000NM0035-1V4107,	ZC13NZ2G,	RX1217rp-1,	3,	bad_sector_inc,	,	0,	,	,	
warning,	2023/01/03 02:11:47,	/dev/sdmc,	ST4000NM0035-1V4107,	ZC13NZ2G,	RX1217rp-1,	3,	bad_sector_inc,	,	0,	,	,	
warning,	2022/11/15 04:11:00,	/dev/sdma,	ST4000NM0035-1V4107,	ZC129286,	RX1217rp-1,	1,	bad_sector_inc,	,	0,	,	,	
warning,	2022/11/04 08:06:01,	/dev/sde,	ST4000NM0035-1V4107,	ZC17TJHN,	RS3617RPxs,	5,	bad_sector_inc,	,	0,	,	,	
warning,	2022/10/02 04:30:12,	/dev/sdmb,	ST4000NM0035-1V4107,	ZC125295,	RX1217rp-1,	2,	bad_sector_inc,	,	0,	,	,	
warning,	2022/07/30 04:41:19,	/dev/sdmc,	ST4000NM0035-1V4107,	ZC13NZ2G,	RX1217rp-1,	3,	bad_sector_inc,	,	0,	,	,	
err,	2022/07/30 04:04:01,	/dev/sdmc,	ST4000NM0035-1V4107,	ZC13NZ2G,	RX1217rp-1,	3,	ioerr,	,	0,	,	,	
err,	2022/07/30 04:02:21,	/dev/sdmc,	ST4000NM0035-1V4107,	ZC13NZ2G,	RX1217rp-1,	3,	ioerr,	,	0,	,	,	
err,	2022/07/30 04:01:14,	/dev/sdmc,	ST4000NM0035-1V4107,	ZC13NZ2G,	RX1217rp-1,	3,	unc,	,	0,	,	,	
err,	2022/07/30 03:57:05,	/dev/sdmc,	ST4000NM0035-1V4107,	ZC13NZ2G,	RX1217rp-1,	3,	unc,	,	0,	,	,	
err,	2022/07/30 03:57:05,	/dev/sdmc,	ST4000NM0035-1V4107,	ZC13NZ2G,	RX1217rp-1,	3,	ioerr,	,	0,	,	,	
err,	2022/07/30 03:41:55,	/dev/sdmc,	ST4000NM0035-1V4107,	ZC13NZ2G,	RX1217rp-1,	3,	ioerr,	,	0,	,	,	
err,	2022/07/30 03:41:55,	/dev/sdmc,	ST4000NM0035-1V4107,	ZC13NZ2G,	RX1217rp-1,	3,	ioerr,	,	0,	,	,	
err,	2022/07/29 05:38:27,	/dev/sdmc,	ST4000NM0035-1V4107,	ZC13NZ2G,	RX1217rp-1,	3,	ioerr,	,	0,	,	,	
err,	2022/07/29 05:38:27,	/dev/sdmc,	ST4000NM0035-1V4107,	ZC13NZ2G,	RX1217rp-1,	3,	ioerr,	,	0,	,	,	
err,	2022/07/29 05:32:32,	/dev/sdmc,	ST4000NM0035-1V4107,	ZC13NZ2G,	RX1217rp-1,	3,	unc,	,	0,	,	,	
err,	2022/07/29 05:32:32,	/dev/sdmc,	ST4000NM0035-1V4107,	ZC13NZ2G,	RX1217rp-1,	3,	ioerr,	,	0,	,	,	
err,	2022/07/29 05:32:32,	/dev/sdmc,	ST4000NM0035-1V4107,	ZC13NZ2G,	RX1217rp-1,	3,	ioerr,	,	0,	,	,	
err,	2022/07/29 05:32:32,	/dev/sdmc,	ST4000NM0035-1V4107,	ZC13NZ2G,	RX1217rp-1,	3,	ioerr,	,	0,	,	,	
err,	2022/07/29 05:32:32,	/dev/sdmc,	ST4000NM0035-1V4107,	ZC13NZ2G,	RX1217rp-1,	3,	ioerr,	,	0,	,	,	
err,	2022/07/29 05:32:32,	/dev/sdmc,	ST4000NM0035-1V4107,	ZC13NZ2G,	RX1217rp-1,	3,	ioerr,	,	0,	,	,	
err,	2022/07/29 05:32:32,	/dev/sdmc,	ST4000NM0035-1V4107,	ZC13NZ2G,	RX1217rp-1,	3,	ioerr,	,	0,	,	,	
err,	2022/07/29 05:32:32,	/dev/sdmc,	ST4000NM0035-1V4107,	ZC13NZ2G,	RX1217rp-1,	3,	ioerr,	,	0,	,	,	
err,	2022/07/29 05:32:32,	/dev/sdmc,	ST4000NM0035-1V4107,	ZC13NZ2G,	RX1217rp-1,	3,	ioerr,	,	0,	,	,	
err,	2022/07/29 05:31:16,	/dev/sdmc,	ST4000NM0035-1V4107,	ZC13NZ2G,	RX1217rp-1,	3,	unc,	,	0,	,	,	
err,	2022/07/29 05:31:16,	/dev/sdmc,	ST4000NM0035-1V4107,	ZC13NZ2G,	RX1217rp-1,	3,	ioerr,	,	0,	,	,	
err,	2022/07/29 05:31:16,	/dev/sdmc,	ST4000NM0035-1V4107,	ZC13NZ2G,	RX1217rp-1,	3,	ioerr,	,	0,	,	,	
err,	2022/07/29 05:27:50,	/dev/sdmc,	ST4000NM0035-1V4107,	ZC13NZ2G,	RX1217rp-1,	3,	ioerr,	,	0,	,	,	
err,	2022/07/29 05:27:50,	/dev/sdmc,	ST4000NM0035-1V4107,	ZC13NZ2G,	RX1217rp-1,	3,	ioerr,	,	0,	,	,	
err,	2022/07/29 05:27:50,	/dev/sdmc,	ST4000NM0035-1V4107,	ZC13NZ2G,	RX1217rp-1,	3,	ioerr,	,	0,	,	,	
err,	2022/07/29 05:27:47,	/dev/sdmc,	ST4000NM0035-1V4107,	ZC13NZ2G,	RX1217rp-1,	3,	unc,	,	0,	,	,	
err,	2022/07/29 05:27:41,	/dev/sdmc,	ST4000NM0035-1V4107,	ZC13NZ2G,	RX1217rp-1,	3,	ioerr,	,	0,	,	,	
err,	2022/07/29 05:27:41,	/dev/sdmc,	ST4000NM0035-1V4107,	ZC13NZ2G,	RX1217rp-1,	3,	ioerr,	,	0,	,	,	
err,	2022/07/29 05:04:51,	/dev/sdmc,	ST4000NM0035-1V4107,	ZC13NZ2G,	RX1217rp-1,	3,	ioerr,	,	0,	,	,	
err,	2022/07/29 05:04:43,	/dev/sdmc,	ST4000NM0035-1V4107,	ZC13NZ2G,	RX1217rp-1,	3,	unc,	,	0,	,	,	
err,	2022/07/29 05:04:43,	/dev/sdmc,	ST4000NM0035-1V4107,	ZC13NZ2G,	RX1217rp-1,	3,	ioerr,	,	0,	,	,	
err,	2022/07/29 05:04:43,	/dev/sdmc,	ST4000NM0035-1V4107,	ZC13NZ2G,	RX1217rp-1,	3,	ioerr,	,	0,	,	,	
err,	2022/07/29 05:04:43,	/dev/sdmc,	ST4000NM0035-1V4107,	ZC13NZ2G,	RX1217rp-1,	3,	ioerr,	,	0,	,	,	
err,	2022/07/29 05:04:43,	/dev/sdmc,	ST4000NM0035-1V4107,	ZC13NZ2G,	RX1217rp-1,	3,	ioerr,	,	0,	,	,	
err,	2022/07/29 05:04:43,	/dev/sdmc,	ST4000NM0035-1V4107,	ZC13NZ2G,	RX1217rp-1,	3,	ioerr,	,	0,	,	,	
err,	2022/07/29 05:04:43,	/dev/sdmc,	ST4000NM0035-1V4107,	ZC13NZ2G,	RX1217rp-1,	3,	ioerr,	,	0,	,	,	
err,	2022/07/29 05:04:43,	/dev/sdmc,	ST4000NM0035-1V4107,	ZC13NZ2G,	RX1217rp-1,	3,	ioerr,	,	0,	,	,	
err,	2022/07/29 05:04:43,	/dev/sdmc,	ST4000NM0035-1V4107,	ZC13NZ2G,	RX1217rp-1,	3,	ioerr,	,	0,	,	,	
err,	2022/07/29 04:56:58,	/dev/sdmc,	ST4000NM0035-1V4107,	ZC13NZ2G,	RX1217rp-1,	3,	ioerr,	,	0,	,	,	
err,	2022/07/29 04:47:48,	/dev/sdmc,	ST4000NM0035-1V4107,	ZC13NZ2G,	RX1217rp-1,	3,	ioerr,	,	0,	,	,	
err,	2022/07/29 04:47:44,	/dev/sdmc,	ST4000NM0035-1V4107,	ZC13NZ2G,	RX1217rp-1,	3,	unc,	,	0,	,	,	
err,	2022/07/29 04:47:44,	/dev/sdmc,	ST4000NM0035-1V4107,	ZC13NZ2G,	RX1217rp-1,	3,	ioerr,	,	0,	,	,	
err,	2022/07/29 04:47:44,	/dev/sdmc,	ST4000NM0035-1V4107,	ZC13NZ2G,	RX1217rp-1,	3,	ioerr,	,	0,	,	,	
err,	2022/07/29 04:47:44,	/dev/sdmc,	ST4000NM0035-1V4107,	ZC13NZ2G,	RX1217rp-1,	3,	ioerr,	,	0,	,	,	
err,	2022/07/29 04:47:44,	/dev/sdmc,	ST4000NM0035-1V4107,	ZC13NZ2G,	RX1217rp-1,	3,	ioerr,	,	0,	,	,	
err,	2022/07/29 04:47:42,	/dev/sdmc,	ST4000NM0035-1V4107,	ZC13NZ2G,	RX1217rp-1,	3,	ioerr,	,	0,	,	,	
err,	2022/07/29 04:47:42,	/dev/sdmc,	ST4000NM0035-1V4107,	ZC13NZ2G,	RX1217rp-1,	3,	ioerr,	,	0,	,	,	
err,	2022/07/29 04:47:42,	/dev/sdmc,	ST4000NM0035-1V4107,	ZC13NZ2G,	RX1217rp-1,	3,	ioerr,	,	0,	,	,	
err,	2022/07/29 04:47:42,	/dev/sdmc,	ST4000NM0035-1V4107,	ZC13NZ2G,	RX1217rp-1,	3,	ioerr,	,	0,	,	,	
warning,	2022/07/29 04:40:53,	/dev/sdmc,	ST4000NM0035-1V4107,	ZC13NZ2G,	RX1217rp-1,	3,	bad_sector_inc,	,	0,	,	,	
err,	2022/07/29 04:22:17,	/dev/sdmc,	ST4000NM0035-1V4107,	ZC13NZ2G,	RX1217rp-1,	3,	ioerr,	,	0,	,	,	
err,	2022/07/29 04:19:51,	/dev/sdmc,	ST4000NM0035-1V4107,	ZC13NZ2G,	RX1217rp-1,	3,	ioerr,	,	0,	,	,	
err,	2022/07/29 04:13:59,	/dev/sdmc,	ST4000NM0035-1V4107,	ZC13NZ2G,	RX1217rp-1,	3,	ioerr,	,	0,	,	,	
err,	2022/07/29 04:13:59,	/dev/sdmc,	ST4000NM0035-1V4107,	ZC13NZ2G,	RX1217rp-1,	3,	ioerr,	,	0,	,	,	
err,	2022/07/29 04:11:39,	/dev/sdmc,	ST4000NM0035-1V4107,	ZC13NZ2G,	RX1217rp-1,	3,	ioerr,	,	0,	,	,	
err,	2022/07/29 04:10:03,	/dev/sdmc,	ST4000NM0035-1V4107,	ZC13NZ2G,	RX1217rp-1,	3,	ioerr,	,	0,	,	,	
err,	2022/07/29 04:08:41,	/dev/sdmc,	ST4000NM0035-1V4107,	ZC13NZ2G,	RX1217rp-1,	3,	ioerr,	,	0,	,	,	
err,	2022/07/28 09:00:30,	/dev/sdmc,	ST4000NM0035-1V4107,	ZC13NZ2G,	RX1217rp-1,	3,	unc,	,	0,	,	,	
err,	2022/07/28 09:00:30,	/dev/sdmc,	ST4000NM0035-1V4107,	ZC13NZ2G,	RX1217rp-1,	3,	ioerr,	,	0,	,	,	
warning,	2022/07/28 03:40:26,	/dev/sdmc,	ST4000NM0035-1V4107,	ZC13NZ2G,	RX1217rp-1,	3,	bad_sector_inc,	,	0,	,	,	
err,	2022/07/28 03:31:41,	/dev/sdmc,	ST4000NM0035-1V4107,	ZC13NZ2G,	RX1217rp-1,	3,	ioerr,	,	0,	,	,	
err,	2022/07/28 03:31:34,	/dev/sdmc,	ST4000NM0035-1V4107,	ZC13NZ2G,	RX1217rp-1,	3,	ioerr,	,	0,	,	,	
err,	2022/07/28 03:26:00,	/dev/sdmc,	ST4000NM0035-1V4107,	ZC13NZ2G,	RX1217rp-1,	3,	ioerr,	,	0,	,	,	
err,	2022/07/28 03:23:35,	/dev/sdmc,	ST4000NM0035-1V4107,	ZC13NZ2G,	RX1217rp-1,	3,	ioerr,	,	0,	,	,	
err,	2022/07/28 03:22:06,	/dev/sdmc,	ST4000NM0035-1V4107,	ZC13NZ2G,	RX1217rp-1,	3,	ioerr,	,	0,	,	,	
err,	2022/07/28 03:17:56,	/dev/sdmc,	ST4000NM0035-1V4107,	ZC13NZ2G,	RX1217rp-1,	3,	ioerr,	,	0,	,	,	
err,	2022/07/28 03:16:30,	/dev/sdmc,	ST4000NM0035-1V4107,	ZC13NZ2G,	RX1217rp-1,	3,	ioerr,	,	0,	,	,	
warning,	2022/07/27 03:40:02,	/dev/sdmc,	ST4000NM0035-1V4107,	ZC13NZ2G,	RX1217rp-1,	3,	bad_sector_inc,	,	0,	,	,	
warning,	2022/07/25 23:39:32,	/dev/sdmc,	ST4000NM0035-1V4107,	ZC13NZ2G,	RX1217rp-1,	3,	bad_sector_inc,	,	0,	,	,	
err,	2022/07/25 23:33:11,	/dev/sdmc,	ST4000NM0035-1V4107,	ZC13NZ2G,	RX1217rp-1,	3,	ioerr,	,	0,	,	,	
err,	2022/07/25 23:33:11,	/dev/sdmc,	ST4000NM0035-1V4107,	ZC13NZ2G,	RX1217rp-1,	3,	ioerr,	,	0,	,	,	
err,	2022/07/25 23:33:11,	/dev/sdmc,	ST4000NM0035-1V4107,	ZC13NZ2G,	RX1217rp-1,	3,	ioerr,	,	0,	,	,	
err,	2022/07/25 23:33:11,	/dev/sdmc,	ST4000NM0035-1V4107,	ZC13NZ2G,	RX1217rp-1,	3,	ioerr,	,	0,	,	,	
err,	2022/07/25 23:33:10,	/dev/sdmc,	ST4000NM0035-1V4107,	ZC13NZ2G,	RX1217rp-1,	3,	unc,	,	0,	,	,	
err,	2022/07/25 03:03:56,	/dev/sdmc,	ST4000NM0035-1V4107,	ZC13NZ2G,	RX1217rp-1,	3,	unc,	,	0,	,	,	
err,	2022/07/25 03:03:56,	/dev/sdmc,	ST4000NM0035-1V4107,	ZC13NZ2G,	RX1217rp-1,	3,	ioerr,	,	0,	,	,	
err,	2022/07/25 03:01:13,	/dev/sdmc,	ST4000NM0035-1V4107,	ZC13NZ2G,	RX1217rp-1,	3,	ioerr,	,	0,	,	,	
err,	2022/07/25 02:59:47,	/dev/sdmc,	ST4000NM0035-1V4107,	ZC13NZ2G,	RX1217rp-1,	3,	ioerr,	,	0,	,	,	
err,	2022/07/25 02:59:42,	/dev/sdmc,	ST4000NM0035-1V4107,	ZC13NZ2G,	RX1217rp-1,	3,	unc,	,	0,	,	,	
err,	2022/07/25 02:59:42,	/dev/sdmc,	ST4000NM0035-1V4107,	ZC13NZ2G,	RX1217rp-1,	3,	ioerr,	,	0,	,	,	
err,	2022/07/25 02:53:37,	/dev/sdmc,	ST4000NM0035-1V4107,	ZC13NZ2G,	RX1217rp-1,	3,	ioerr,	,	0,	,	,	
err,	2022/07/24 17:47:22,	/dev/sdmc,	ST4000NM0035-1V4107,	ZC13NZ2G,	RX1217rp-1,	3,	ioerr,	,	0,	,	,	
err,	2022/07/24 17:47:22,	/dev/sdmc,	ST4000NM0035-1V4107,	ZC13NZ2G,	RX1217rp-1,	3,	ioerr,	,	0,	,	,	
err,	2022/07/24 17:47:22,	/dev/sdmc,	ST4000NM0035-1V4107,	ZC13NZ2G,	RX1217rp-1,	3,	ioerr,	,	0,	,	,	
err,	2022/07/24 17:47:22,	/dev/sdmc,	ST4000NM0035-1V4107,	ZC13NZ2G,	RX1217rp-1,	3,	ioerr,	,	0,	,	,	
err,	2022/07/24 17:47:22,	/dev/sdmc,	ST4000NM0035-1V4107,	ZC13NZ2G,	RX1217rp-1,	3,	ioerr,	,	0,	,	,	
err,	2022/07/24 17:47:22,	/dev/sdmc,	ST4000NM0035-1V4107,	ZC13NZ2G,	RX1217rp-1,	3,	ioerr,	,	0,	,	,	
err,	2022/07/24 17:47:15,	/dev/sdmc,	ST4000NM0035-1V4107,	ZC13NZ2G,	RX1217rp-1,	3,	ioerr,	,	0,	,	,	
err,	2022/07/24 17:47:15,	/dev/sdmc,	ST4000NM0035-1V4107,	ZC13NZ2G,	RX1217rp-1,	3,	ioerr,	,	0,	,	,	
err,	2022/07/24 17:47:15,	/dev/sdmc,	ST4000NM0035-1V4107,	ZC13NZ2G,	RX1217rp-1,	3,	ioerr,	,	0,	,	,	
err,	2022/07/24 17:47:15,	/dev/sdmc,	ST4000NM0035-1V4107,	ZC13NZ2G,	RX1217rp-1,	3,	ioerr,	,	0,	,	,	
err,	2022/07/24 17:47:15,	/dev/sdmc,	ST4000NM0035-1V4107,	ZC13NZ2G,	RX1217rp-1,	3,	ioerr,	,	0,	,	,	
err,	2022/07/24 17:47:15,	/dev/sdmc,	ST4000NM0035-1V4107,	ZC13NZ2G,	RX1217rp-1,	3,	ioerr,	,	0,	,	,	
err,	2022/07/24 17:47:15,	/dev/sdmc,	ST4000NM0035-1V4107,	ZC13NZ2G,	RX1217rp-1,	3,	ioerr,	,	0,	,	,	
err,	2022/07/24 17:47:15,	/dev/sdmc,	ST4000NM0035-1V4107,	ZC13NZ2G,	RX1217rp-1,	3,	ioerr,	,	0,	,	,	
err,	2022/07/24 17:47:15,	/dev/sdmc,	ST4000NM0035-1V4107,	ZC13NZ2G,	RX1217rp-1,	3,	ioerr,	,	0,	,	,	
err,	2022/07/24 17:47:15,	/dev/sdmc,	ST4000NM0035-1V4107,	ZC13NZ2G,	RX1217rp-1,	3,	ioerr,	,	0,	,	,	
err,	2022/07/24 17:47:15,	/dev/sdmc,	ST4000NM0035-1V4107,	ZC13NZ2G,	RX1217rp-1,	3,	ioerr,	,	0,	,	,	
err,	2022/07/24 17:47:15,	/dev/sdmc,	ST4000NM0035-1V4107,	ZC13NZ2G,	RX1217rp-1,	3,	unc,	,	0,	,	,	
err,	2022/07/24 17:47:15,	/dev/sdmc,	ST4000NM0035-1V4107,	ZC13NZ2G,	RX1217rp-1,	3,	ioerr,	,	0,	,	,	
err,	2022/07/24 17:47:13,	/dev/sdmc,	ST4000NM0035-1V4107,	ZC13NZ2G,	RX1217rp-1,	3,	ioerr,	,	0,	,	,	
err,	2022/07/24 17:47:07,	/dev/sdmc,	ST4000NM0035-1V4107,	ZC13NZ2G,	RX1217rp-1,	3,	ioerr,	,	0,	,	,	
err,	2022/07/24 17:45:23,	/dev/sdmc,	ST4000NM0035-1V4107,	ZC13NZ2G,	RX1217rp-1,	3,	ioerr,	,	0,	,	,	
err,	2022/07/24 17:44:22,	/dev/sdmc,	ST4000NM0035-1V4107,	ZC13NZ2G,	RX1217rp-1,	3,	unc,	,	0,	,	,	
err,	2022/07/24 17:37:41,	/dev/sdmc,	ST4000NM0035-1V4107,	ZC13NZ2G,	RX1217rp-1,	3,	ioerr,	,	0,	,	,	
err,	2022/07/24 17:37:40,	/dev/sdmc,	ST4000NM0035-1V4107,	ZC13NZ2G,	RX1217rp-1,	3,	unc,	,	0,	,	,	
err,	2022/07/24 17:07:53,	/dev/sdmc,	ST4000NM0035-1V4107,	ZC13NZ2G,	RX1217rp-1,	3,	ioerr,	,	0,	,	,	
err,	2022/07/24 17:07:53,	/dev/sdmc,	ST4000NM0035-1V4107,	ZC13NZ2G,	RX1217rp-1,	3,	ioerr,	,	0,	,	,	
warning,	2022/07/24 13:39:03,	/dev/sdmc,	ST4000NM0035-1V4107,	ZC13NZ2G,	RX1217rp-1,	3,	bad_sector_inc,	,	0,	,	,	
warning,	2022/07/18 03:35:21,	/dev/sdmc,	ST4000NM0035-1V4107,	ZC13NZ2G,	RX1217rp-1,	3,	bad_sector_inc,	,	0,	,	,	
err,	2022/07/12 03:12:48,	/dev/sdmc,	ST4000NM0035-1V4107,	ZC13NZ2G,	RX1217rp-1,	3,	ioerr,	,	0,	,	,	
warning,	2022/07/03 00:28:52,	/dev/sdmc,	ST4000NM0035-1V4107,	ZC13NZ2G,	RX1217rp-1,	3,	bad_sector_inc,	,	0,	,	,	
warning,	2022/04/26 03:44:50,	/dev/sdmb,	ST4000NM0035-1V4107,	ZC125295,	RX1217rp-1,	2,	bad_sector_inc,	,	0,	,	,	
warning,	2021/06/07 09:57:31,	/dev/sdmb,	ST4000NM0035-1V4107     ,	ZC125295,	RX1217rp-1,	2,	bad_sector_inc,	,	0,	,	,	
info,	2020/10/15 11:21:21,	/dev/sdnc,	ST4000NM0035-1V4107,	ZC15VT6Z,	RX1217rp-1,	6,	plugin,	,	0,	,	,	
info,	2020/10/15 11:21:21,	/dev/sdnb,	ST4000NM0035-1V4107,	ZC19PFSG,	RX1217rp-1,	5,	plugin,	,	0,	,	,	
info,	2020/10/15 11:20:57,	/dev/sdna,	ST4000NM0035-1V4107,	ZC124SEN,	RX1217rp-1,	4,	plugin,	,	0,	,	,	
warning,	2020/07/28 10:31:14,	/dev/sdl,	ST4000NM0035-1V4107     ,	ZC184H3P,	RS3617RPxs,	12,	bad_sector_inc,	,	0,	,	,	
warning,	2020/07/26 08:25:10,	/dev/sdl,	ST4000NM0035-1V4107     ,	ZC184H3P,	RS3617RPxs,	12,	bad_sector_inc,	,	0,	,	,	
info,	2020/07/24 12:25:28,	/dev/sdma,	ST4000NM0035-1V4107,	ZC129286,	RX1217rp-1,	1,	plugin,	,	0,	,	,	
info,	2020/07/24 12:25:28,	/dev/sdmb,	ST4000NM0035-1V4107,	ZC125295,	RX1217rp-1,	2,	plugin,	,	0,	,	,	
info,	2020/07/24 12:25:28,	/dev/sdmc,	ST4000NM0035-1V4107,	ZC13NZ2G,	RX1217rp-1,	3,	plugin,	,	0,	,	,	
info,	2020/07/07 09:13:29,	,	,	ZC124E4Y,	,	1,	bootup_in,	,	0,	,	,	
info,	2020/07/07 09:13:29,	,	,	ZC12RK95,	,	2,	bootup_in,	,	0,	,	,	
info,	2020/07/07 09:13:29,	,	,	ZC12PNH9,	,	3,	bootup_in,	,	0,	,	,	
info,	2020/07/07 09:13:29,	,	,	ZC13E3RC,	,	4,	bootup_in,	,	0,	,	,	
info,	2020/07/07 09:13:29,	,	,	ZC17TJHN,	,	5,	bootup_in,	,	0,	,	,	
info,	2020/07/07 09:13:29,	,	,	ZC17ZSKN,	,	6,	bootup_in,	,	0,	,	,	
info,	2020/07/07 09:13:29,	,	,	ZC1ASSRR,	,	7,	bootup_in,	,	0,	,	,	
info,	2020/07/07 09:13:29,	,	,	ZC1B50Q0,	,	8,	bootup_in,	,	0,	,	,	
info,	2020/07/07 09:13:29,	,	,	ZC1BVKQ6,	,	9,	bootup_in,	,	0,	,	,	
info,	2020/07/07 09:13:29,	,	,	ZC1BVAJH,	,	10,	bootup_in,	,	0,	,	,	
info,	2020/07/07 09:13:29,	,	,	ZC1BVTDZ,	,	11,	bootup_in,	,	0,	,	,	
info,	2020/07/07 09:13:29,	,	,	ZC184H3P,	,	12,	bootup_in,	,	0,	,	,	
info,	2019/11/19 12:41:43,	/dev/sdk,	ST4000NM0035-1V4107,	ZC1BVTDZ,	RS3617RPxs,	11,	plugin,	,	0,	,	,	
info,	2019/11/19 12:40:35,	/dev/sdj,	ST4000NM0035-1V4107,	ZC1BVAJH,	RS3617RPxs,	10,	plugin,	,	0,	,	,	
info,	2019/11/19 12:40:12,	/dev/sdi,	ST4000NM0035-1V4107,	ZC1BVKQ6,	RS3617RPxs,	9,	plugin,	,	0,	,	,	
info,	2019/06/25 14:29:19,	/dev/sdh,	ST4000NM0035-1V4107,	ZC1B50Q0,	RS3617RPxs,	8,	plugin,	,	0,	,	,	
info,	2019/06/25 14:28:13,	/dev/sdg,	ST4000NM0035-1V4107,	ZC1ASSRR,	RS3617RPxs,	7,	plugin,	,	0,	,	,	
info,	2019/02/11 09:29:04,	/dev/sda,	ST4000NM0115-1YZ107,	ZC124E4Y,	RS3617RPxs,	1,	plugin,	,	0,	,	,	
warning,	2019/02/11 09:27:18,	/dev/sda,	ST4000NM0035-1V4107,	ZC12RF2Y,	RS3617RPxs,	1,	plugout,	,	0,	,	,	
err,	2019/02/09 13:41:01,	/dev/sda,	ST4000NM0035-1V4107     ,	ZC12RF2Y,	RS3617RPxs,	1,	status_failing,	,	0,	,	,	
err,	2019/02/04 16:32:58,	/dev/sda,	ST4000NM0035-1V4107     ,	ZC12RF2Y,	RS3617RPxs,	1,	status_failing,	,	0,	,	,	
err,	2019/02/04 00:00:17,	/dev/sda,	ST4000NM0035-1V4107     ,	ZC12RF2Y,	RS3617RPxs,	1,	status_failing,	,	0,	,	,	
err,	2019/02/04 00:00:14,	/dev/sda,	ST4000NM0035-1V4107,	ZC12RF2Y,	RS3617RPxs,	1,	smart_quick_err,	,	0,	,	,	
info,	2018/10/23 10:46:22,	/dev/sdl,	ST4000NM0035-1V4107,	ZC184H3P,	RS3617RPxs,	12,	plugin,	,	0,	,	,	
info,	2018/10/23 10:44:32,	/dev/sdf,	ST4000NM0035-1V4107,	ZC17ZSKN,	RS3617RPxs,	6,	plugin,	,	0,	,	,	
info,	2018/10/23 10:42:13,	/dev/sde,	ST4000NM0035-1V4107,	ZC17TJHN,	RS3617RPxs,	5,	plugin,	,	0,	,	,	
debug,	1970/01/01 05:30:00,	/dev/sdma,	ST4000NM0035-1V4107,	ZC129286,	RX1217rp-1,	1,	unc,	,	0,	,	,	
debug,	1970/01/01 05:30:00,	/dev/sdma,	ST4000NM0035-1V4107,	ZC129286,	RX1217rp-1,	1,	ioerr,	,	0,	,	,	
debug,	1970/01/01 05:30:00,	/dev/sdma,	ST4000NM0035-1V4107,	ZC129286,	RX1217rp-1,	1,	ioerr,	,	0,	,	,	
debug,	1970/01/01 05:30:00,	/dev/sdma,	ST4000NM0035-1V4107,	ZC129286,	RX1217rp-1,	1,	ioerr,	,	0,	,	,	
debug,	1970/01/01 05:30:00,	/dev/sdma,	ST4000NM0035-1V4107,	ZC129286,	RX1217rp-1,	1,	ioerr,	,	0,	,	,	
debug,	1970/01/01 05:30:00,	/dev/sdma,	ST4000NM0035-1V4107,	ZC129286,	RX1217rp-1,	1,	ioerr,	,	0,	,	,	
debug,	1970/01/01 05:30:00,	/dev/sdma,	ST4000NM0035-1V4107,	ZC129286,	RX1217rp-1,	1,	ioerr,	,	0,	,	,	
debug,	1970/01/01 05:30:00,	/dev/sdma,	ST4000NM0035-1V4107,	ZC129286,	RX1217rp-1,	1,	ioerr,	,	0,	,	,	
debug,	1970/01/01 05:30:00,	/dev/sdma,	ST4000NM0035-1V4107,	ZC129286,	RX1217rp-1,	1,	ioerr,	,	0,	,	,	
debug,	1970/01/01 05:30:00,	/dev/sdma,	ST4000NM0035-1V4107,	ZC129286,	RX1217rp-1,	1,	unc,	,	0,	,	,	
debug,	1970/01/01 05:30:00,	/dev/sdmb,	ST4000NM0035-1V4107,	ZC11M9S0,	RX1217rp-1,	2,	ioerr,	,	0,	,	,	
debug,	1970/01/01 05:30:00,	/dev/sdmb,	ST4000NM0035-1V4107,	ZC11M9S0,	RX1217rp-1,	2,	ioerr,	,	0,	,	,	
debug,	1970/01/01 05:30:00,	/dev/sdmb,	ST4000NM0035-1V4107,	ZC11M9S0,	RX1217rp-1,	2,	ioerr,	,	0,	,	,	
debug,	1970/01/01 05:30:00,	/dev/sdmb,	ST4000NM0035-1V4107,	ZC11M9S0,	RX1217rp-1,	2,	ioerr,	,	0,	,	,	
debug,	1970/01/01 05:30:00,	/dev/sdmb,	ST4000NM0035-1V4107,	ZC11M9S0,	RX1217rp-1,	2,	unc,	,	0,	,	,	
debug,	1970/01/01 05:30:00,	/dev/sdmb,	ST4000NM0035-1V4107,	ZC11M9S0,	RX1217rp-1,	2,	ioerr,	,	0,	,	,	
debug,	1970/01/01 05:30:00,	/dev/sdmb,	ST4000NM0035-1V4107,	ZC11M9S0,	RX1217rp-1,	2,	ioerr,	,	0,	,	,	
debug,	1970/01/01 05:30:00,	/dev/sdmb,	ST4000NM0035-1V4107,	ZC11M9S0,	RX1217rp-1,	2,	unc,	,	0,	,	,	
debug,	1970/01/01 05:30:00,	/dev/sde,	ST4000NM0035-1V4107,	ZC17TJHN,	RS3617RPxs,	5,	unc,	,	0,	,	,	
debug,	1970/01/01 05:30:00,	/dev/sde,	ST4000NM0035-1V4107,	ZC17TJHN,	RS3617RPxs,	5,	ioerr,	,	0,	,	,	
debug,	1970/01/01 05:30:00,	/dev/sde,	ST4000NM0035-1V4107,	ZC17TJHN,	RS3617RPxs,	5,	ioerr,	,	0,	,	,	
debug,	1970/01/01 05:30:00,	/dev/sde,	ST4000NM0035-1V4107,	ZC17TJHN,	RS3617RPxs,	5,	ioerr,	,	0,	,	,	
debug,	1970/01/01 05:30:00,	/dev/sde,	ST4000NM0035-1V4107,	ZC17TJHN,	RS3617RPxs,	5,	ioerr,	,	0,	,	,	
debug,	1970/01/01 05:30:00,	/dev/sde,	ST4000NM0035-1V4107,	ZC17TJHN,	RS3617RPxs,	5,	unc,	,	0,	,	,	
debug,	1970/01/01 05:30:00,	/dev/sde,	ST4000NM0035-1V4107,	ZC17TJHN,	RS3617RPxs,	5,	ioerr,	,	0,	,	,	
debug,	1970/01/01 05:30:00,	/dev/sde,	ST4000NM0035-1V4107,	ZC17TJHN,	RS3617RPxs,	5,	unc,	,	0,	,	,	
debug,	1970/01/01 05:30:00,	/dev/sde,	ST4000NM0035-1V4107,	ZC17TJHN,	RS3617RPxs,	5,	ioerr,	,	0,	,	,	
debug,	1970/01/01 05:30:00,	/dev/sde,	ST4000NM0035-1V4107,	ZC17TJHN,	RS3617RPxs,	5,	ioerr,	,	0,	,	,	
debug,	1970/01/01 05:30:00,	/dev/sde,	ST4000NM0035-1V4107,	ZC17TJHN,	RS3617RPxs,	5,	ioerr,	,	0,	,	,	
debug,	1970/01/01 05:30:00,	/dev/sde,	ST4000NM0035-1V4107,	ZC17TJHN,	RS3617RPxs,	5,	ioerr,	,	0,	,	,	
debug,	1970/01/01 05:30:00,	/dev/sde,	ST4000NM0035-1V4107,	ZC17TJHN,	RS3617RPxs,	5,	ioerr,	,	0,	,	,	
debug,	1970/01/01 05:30:00,	/dev/sdmb,	ST4000NM0035-1V4107,	ZC11M9S0,	RX1217rp-1,	2,	ioerr,	,	0,	,	,	
debug,	1970/01/01 05:30:00,	/dev/sdmb,	ST4000NM0035-1V4107,	ZC11M9S0,	RX1217rp-1,	2,	ioerr,	,	0,	,	,	
debug,	1970/01/01 05:30:00,	/dev/sdmb,	ST4000NM0035-1V4107,	ZC11M9S0,	RX1217rp-1,	2,	ioerr,	,	0,	,	,	
debug,	1970/01/01 05:30:00,	/dev/sdmb,	ST4000NM0035-1V4107,	ZC11M9S0,	RX1217rp-1,	2,	ioerr,	,	0,	,	,	
debug,	1970/01/01 05:30:00,	/dev/sdmb,	ST4000NM0035-1V4107,	ZC11M9S0,	RX1217rp-1,	2,	ioerr,	,	0,	,	,	
debug,	1970/01/01 05:30:00,	/dev/sdmb,	ST4000NM0035-1V4107,	ZC11M9S0,	RX1217rp-1,	2,	unc,	,	0,	,	,	
debug,	1970/01/01 05:30:00,	/dev/sdmb,	ST4000NM0035-1V4107,	ZC11M9S0,	RX1217rp-1,	2,	ioerr,	,	0,	,	,	
debug,	1970/01/01 05:30:00,	/dev/sdmb,	ST4000NM0035-1V4107,	ZC11M9S0,	RX1217rp-1,	2,	ioerr,	,	0,	,	,	
debug,	1970/01/01 05:30:00,	/dev/sdmb,	ST4000NM0035-1V4107,	ZC11M9S0,	RX1217rp-1,	2,	ioerr,	,	0,	,	,	
debug,	1970/01/01 05:30:00,	/dev/sdmb,	ST4000NM0035-1V4107,	ZC11M9S0,	RX1217rp-1,	2,	unc,	,	0,	,	,	
debug,	1970/01/01 05:30:00,	/dev/sdb,	ST4000NM0035-1V4107,	ZC12RK95,	RS3617RPxs,	2,	ioerr,	,	0,	,	,	
debug,	1970/01/01 05:30:00,	/dev/sdb,	ST4000NM0035-1V4107,	ZC12RK95,	RS3617RPxs,	2,	ioerr,	,	0,	,	,	
debug,	1970/01/01 05:30:00,	/dev/sdb,	ST4000NM0035-1V4107,	ZC12RK95,	RS3617RPxs,	2,	ioerr,	,	0,	,	,	
debug,	1970/01/01 05:30:00,	/dev/sdb,	ST4000NM0035-1V4107,	ZC12RK95,	RS3617RPxs,	2,	ioerr,	,	0,	,	,	
debug,	1970/01/01 05:30:00,	/dev/sdb,	ST4000NM0035-1V4107,	ZC12RK95,	RS3617RPxs,	2,	ioerr,	,	0,	,	,	
debug,	1970/01/01 05:30:00,	/dev/sdb,	ST4000NM0035-1V4107,	ZC12RK95,	RS3617RPxs,	2,	ioerr,	,	0,	,	,	
debug,	1970/01/01 05:30:00,	/dev/sdb,	ST4000NM0035-1V4107,	ZC12RK95,	RS3617RPxs,	2,	ioerr,	,	0,	,	,	
debug,	1970/01/01 05:30:00,	/dev/sdb,	ST4000NM0035-1V4107,	ZC12RK95,	RS3617RPxs,	2,	ioerr,	,	0,	,	,	
debug,	1970/01/01 05:30:00,	/dev/sdb,	ST4000NM0035-1V4107,	ZC12RK95,	RS3617RPxs,	2,	ioerr,	,	0,	,	,	
debug,	1970/01/01 05:30:00,	/dev/sdb,	ST4000NM0035-1V4107,	ZC12RK95,	RS3617RPxs,	2,	ioerr,	,	0,	,	,	
debug,	1970/01/01 05:30:00,	/dev/sdb,	ST4000NM0035-1V4107,	ZC12RK95,	RS3617RPxs,	2,	ioerr,	,	0,	,	,	
debug,	1970/01/01 05:30:00,	/dev/sdb,	ST4000NM0035-1V4107,	ZC12RK95,	RS3617RPxs,	2,	ioerr,	,	0,	,	,	
debug,	1970/01/01 05:30:00,	/dev/sdb,	ST4000NM0035-1V4107,	ZC12RK95,	RS3617RPxs,	2,	ioerr,	,	0,	,	,	
debug,	1970/01/01 05:30:00,	/dev/sdb,	ST4000NM0035-1V4107,	ZC12RK95,	RS3617RPxs,	2,	ioerr,	,	0,	,	,	
debug,	1970/01/01 05:30:00,	/dev/sdb,	ST4000NM0035-1V4107,	ZC12RK95,	RS3617RPxs,	2,	ioerr,	,	0,	,	,	
debug,	1970/01/01 05:30:00,	/dev/sdb,	ST4000NM0035-1V4107,	ZC12RK95,	RS3617RPxs,	2,	ioerr,	,	0,	,	,	
debug,	1970/01/01 05:30:00,	/dev/sdb,	ST4000NM0035-1V4107,	ZC12RK95,	RS3617RPxs,	2,	ioerr,	,	0,	,	,	
debug,	1970/01/01 05:30:00,	/dev/sdb,	ST4000NM0035-1V4107,	ZC12RK95,	RS3617RPxs,	2,	ioerr,	,	0,	,	,	
debug,	1970/01/01 05:30:00,	/dev/sdb,	ST4000NM0035-1V4107,	ZC12RK95,	RS3617RPxs,	2,	ioerr,	,	0,	,	,	
debug,	1970/01/01 05:30:00,	/dev/sdb,	ST4000NM0035-1V4107,	ZC12RK95,	RS3617RPxs,	2,	ioerr,	,	0,	,	,	
debug,	1970/01/01 05:30:00,	/dev/sdb,	ST4000NM0035-1V4107,	ZC12RK95,	RS3617RPxs,	2,	ioerr,	,	0,	,	,	
debug,	1970/01/01 05:30:00,	/dev/sdb,	ST4000NM0035-1V4107,	ZC12RK95,	RS3617RPxs,	2,	ioerr,	,	0,	,	,	
debug,	1970/01/01 05:30:00,	/dev/sdb,	ST4000NM0035-1V4107,	ZC12RK95,	RS3617RPxs,	2,	ioerr,	,	0,	,	,	
debug,	1970/01/01 05:30:00,	/dev/sdb,	ST4000NM0035-1V4107,	ZC12RK95,	RS3617RPxs,	2,	ioerr,	,	0,	,	,	
debug,	1970/01/01 05:30:00,	/dev/sdb,	ST4000NM0035-1V4107,	ZC12RK95,	RS3617RPxs,	2,	ioerr,	,	0,	,	,	
debug,	1970/01/01 05:30:00,	/dev/sdb,	ST4000NM0035-1V4107,	ZC12RK95,	RS3617RPxs,	2,	ioerr,	,	0,	,	,	
debug,	1970/01/01 05:30:00,	/dev/sdb,	ST4000NM0035-1V4107,	ZC12RK95,	RS3617RPxs,	2,	ioerr,	,	0,	,	,	
debug,	1970/01/01 05:30:00,	/dev/sdb,	ST4000NM0035-1V4107,	ZC12RK95,	RS3617RPxs,	2,	ioerr,	,	0,	,	,	
debug,	1970/01/01 05:30:00,	/dev/sdb,	ST4000NM0035-1V4107,	ZC12RK95,	RS3617RPxs,	2,	ioerr,	,	0,	,	,	
debug,	1970/01/01 05:30:00,	/dev/sdb,	ST4000NM0035-1V4107,	ZC12RK95,	RS3617RPxs,	2,	ioerr,	,	0,	,	,	
debug,	1970/01/01 05:30:00,	/dev/sdb,	ST4000NM0035-1V4107,	ZC12RK95,	RS3617RPxs,	2,	ioerr,	,	0,	,	,	
debug,	1970/01/01 05:30:00,	/dev/sdb,	ST4000NM0035-1V4107,	ZC12RK95,	RS3617RPxs,	2,	ioerr,	,	0,	,	,	
debug,	1970/01/01 05:30:00,	/dev/sdb,	ST4000NM0035-1V4107,	ZC12RK95,	RS3617RPxs,	2,	ioerr,	,	0,	,	,	
debug,	1970/01/01 05:30:00,	/dev/sdb,	ST4000NM0035-1V4107,	ZC12RK95,	RS3617RPxs,	2,	ioerr,	,	0,	,	,	
debug,	1970/01/01 05:30:00,	/dev/sdb,	ST4000NM0035-1V4107,	ZC12RK95,	RS3617RPxs,	2,	ioerr,	,	0,	,	,	
debug,	1970/01/01 05:30:00,	/dev/sdb,	ST4000NM0035-1V4107,	ZC12RK95,	RS3617RPxs,	2,	ioerr,	,	0,	,	,	
debug,	1970/01/01 05:30:00,	/dev/sdb,	ST4000NM0035-1V4107,	ZC12RK95,	RS3617RPxs,	2,	ioerr,	,	0,	,	,	
debug,	1970/01/01 05:30:00,	/dev/sdb,	ST4000NM0035-1V4107,	ZC12RK95,	RS3617RPxs,	2,	ioerr,	,	0,	,	,	
debug,	1970/01/01 05:30:00,	/dev/sdb,	ST4000NM0035-1V4107,	ZC12RK95,	RS3617RPxs,	2,	ioerr,	,	0,	,	,	
debug,	1970/01/01 05:30:00,	/dev/sdb,	ST4000NM0035-1V4107,	ZC12RK95,	RS3617RPxs,	2,	ioerr,	,	0,	,	,	
debug,	1970/01/01 05:30:00,	/dev/sdb,	ST4000NM0035-1V4107,	ZC12RK95,	RS3617RPxs,	2,	ioerr,	,	0,	,	,	
debug,	1970/01/01 05:30:00,	/dev/sdb,	ST4000NM0035-1V4107,	ZC12RK95,	RS3617RPxs,	2,	ioerr,	,	0,	,	,	
debug,	1970/01/01 05:30:00,	/dev/sdb,	ST4000NM0035-1V4107,	,	RS3617RPxs,	2,	unc,	,	0,	,	,	
debug,	1970/01/01 05:30:00,	/dev/sdb,	ST4000NM0035-1V4107,	ZC12RK95,	RS3617RPxs,	2,	ioerr,	,	0,	,	,	
debug,	1970/01/01 05:30:00,	/dev/sdb,	ST4000NM0035-1V4107,	ZC12RK95,	RS3617RPxs,	2,	unc,	,	0,	,	,	
debug,	1970/01/01 05:30:00,	/dev/sdb,	ST4000NM0035-1V4107,	ZC12RK95,	RS3617RPxs,	2,	ioerr,	,	0,	,	,	
debug,	1970/01/01 05:30:00,	/dev/sdb,	ST4000NM0035-1V4107,	ZC12RK95,	RS3617RPxs,	2,	ioerr,	,	0,	,	,	
debug,	1970/01/01 05:30:00,	/dev/sdb,	ST4000NM0035-1V4107,	ZC12RK95,	RS3617RPxs,	2,	ioerr,	,	0,	,	,	
debug,	1970/01/01 05:30:00,	/dev/sdb,	ST4000NM0035-1V4107,	ZC12RK95,	RS3617RPxs,	2,	unc,	,	0,	,	,	
debug,	1970/01/01 05:30:00,	/dev/sdb,	ST4000NM0035-1V4107,	ZC12RK95,	RS3617RPxs,	2,	ioerr,	,	0,	,	,	
debug,	1970/01/01 05:30:00,	/dev/sdb,	ST4000NM0035-1V4107,	ZC12RK95,	RS3617RPxs,	2,	ioerr,	,	0,	,	,	
debug,	1970/01/01 05:30:00,	/dev/sdb,	ST4000NM0035-1V4107,	ZC12RK95,	RS3617RPxs,	2,	ioerr,	,	0,	,	,	
debug,	1970/01/01 05:30:00,	/dev/sdb,	ST4000NM0035-1V4107,	ZC12RK95,	RS3617RPxs,	2,	ioerr,	,	0,	,	,	
debug,	1970/01/01 05:30:00,	/dev/sdb,	ST4000NM0035-1V4107,	ZC12RK95,	RS3617RPxs,	2,	ioerr,	,	0,	,	,	
debug,	1970/01/01 05:30:00,	/dev/sdb,	ST4000NM0035-1V4107,	ZC12RK95,	RS3617RPxs,	2,	unc,	,	0,	,	,	
debug,	1970/01/01 05:30:00,	/dev/sdb,	ST4000NM0035-1V4107,	ZC12RK95,	RS3617RPxs,	2,	ioerr,	,	0,	,	,	
debug,	1970/01/01 05:30:00,	/dev/sdmb,	ST4000NM0035-1V4107,	ZC125295,	RX1217rp-1,	2,	unc,	,	0,	,	,	
debug,	1970/01/01 05:30:00,	/dev/sdmb,	ST4000NM0035-1V4107,	ZC125295,	RX1217rp-1,	2,	ioerr,	,	0,	,	,	
debug,	1970/01/01 05:30:00,	/dev/sdmb,	ST4000NM0035-1V4107,	ZC125295,	RX1217rp-1,	2,	ioerr,	,	0,	,	,	
debug,	1970/01/01 05:30:00,	/dev/sdmb,	ST4000NM0035-1V4107,	ZC125295,	RX1217rp-1,	2,	ioerr,	,	0,	,	,	
debug,	1970/01/01 05:30:00,	/dev/sdmb,	ST4000NM0035-1V4107,	ZC125295,	RX1217rp-1,	2,	ioerr,	,	0,	,	,	
debug,	1970/01/01 05:30:00,	/dev/sdmb,	ST4000NM0035-1V4107,	ZC125295,	RX1217rp-1,	2,	ioerr,	,	0,	,	,	
debug,	1970/01/01 05:30:00,	/dev/sdmb,	ST4000NM0035-1V4107,	ZC125295,	RX1217rp-1,	2,	ioerr,	,	0,	,	,	
debug,	1970/01/01 05:30:00,	/dev/sdmb,	ST4000NM0035-1V4107,	ZC125295,	RX1217rp-1,	2,	ioerr,	,	0,	,	,	
debug,	1970/01/01 05:30:00,	/dev/sdmb,	ST4000NM0035-1V4107,	ZC125295,	RX1217rp-1,	2,	ioerr,	,	0,	,	,	
debug,	1970/01/01 05:30:00,	/dev/sdmb,	ST4000NM0035-1V4107,	ZC125295,	RX1217rp-1,	2,	unc,	,	0,	,	,	
debug,	1970/01/01 05:30:00,	/dev/sdmb,	ST4000NM0035-1V4107,	ZC125295,	RX1217rp-1,	2,	ioerr,	,	0,	,	,	
debug,	1970/01/01 05:30:00,	/dev/sdmb,	ST4000NM0035-1V4107,	ZC125295,	RX1217rp-1,	2,	ioerr,	,	0,	,	,	
debug,	1970/01/01 05:30:00,	/dev/sdmb,	ST4000NM0035-1V4107,	ZC125295,	RX1217rp-1,	2,	ioerr,	,	0,	,	,	
debug,	1970/01/01 05:30:00,	/dev/sdmb,	ST4000NM0035-1V4107,	ZC125295,	RX1217rp-1,	2,	ioerr,	,	0,	,	,	
debug,	1970/01/01 05:30:00,	/dev/sdmb,	ST4000NM0035-1V4107,	ZC125295,	RX1217rp-1,	2,	ioerr,	,	0,	,	,	
debug,	1970/01/01 05:30:00,	/dev/sdmb,	ST4000NM0035-1V4107,	ZC125295,	RX1217rp-1,	2,	ioerr,	,	0,	,	,	
debug,	1970/01/01 05:30:00,	/dev/sdmb,	ST4000NM0035-1V4107,	ZC125295,	RX1217rp-1,	2,	ioerr,	,	0,	,	,	
debug,	1970/01/01 05:30:00,	/dev/sdmb,	ST4000NM0035-1V4107,	ZC125295,	RX1217rp-1,	2,	ioerr,	,	0,	,	,	
debug,	1970/01/01 05:30:00,	/dev/sdmb,	ST4000NM0035-1V4107,	ZC125295,	RX1217rp-1,	2,	ioerr,	,	0,	,	,	
debug,	1970/01/01 05:30:00,	/dev/sdmb,	ST4000NM0035-1V4107,	ZC125295,	RX1217rp-1,	2,	ioerr,	,	0,	,	,	
debug,	1970/01/01 05:30:00,	/dev/sdmb,	ST4000NM0035-1V4107,	ZC125295,	RX1217rp-1,	2,	ioerr,	,	0,	,	,	
debug,	1970/01/01 05:30:00,	/dev/sdmb,	ST4000NM0035-1V4107,	ZC125295,	RX1217rp-1,	2,	ioerr,	,	0,	,	,	
debug,	1970/01/01 05:30:00,	/dev/sdmb,	ST4000NM0035-1V4107,	ZC125295,	RX1217rp-1,	2,	ioerr,	,	0,	,	,	
debug,	1970/01/01 05:30:00,	/dev/sdmb,	ST4000NM0035-1V4107,	ZC125295,	RX1217rp-1,	2,	ioerr,	,	0,	,	,	
debug,	1970/01/01 05:30:00,	/dev/sdmb,	ST4000NM0035-1V4107,	ZC125295,	RX1217rp-1,	2,	ioerr,	,	0,	,	,	
debug,	1970/01/01 05:30:00,	/dev/sdmb,	ST4000NM0035-1V4107,	ZC125295,	RX1217rp-1,	2,	ioerr,	,	0,	,	,	
debug,	1970/01/01 05:30:00,	/dev/sdmb,	ST4000NM0035-1V4107,	ZC125295,	RX1217rp-1,	2,	ioerr,	,	0,	,	,	
debug,	1970/01/01 05:30:00,	/dev/sdmb,	ST4000NM0035-1V4107,	ZC125295,	RX1217rp-1,	2,	ioerr,	,	0,	,	,	
debug,	1970/01/01 05:30:00,	/dev/sdmb,	ST4000NM0035-1V4107,	ZC125295,	RX1217rp-1,	2,	ioerr,	,	0,	,	,	
debug,	1970/01/01 05:30:00,	/dev/sdmb,	ST4000NM0035-1V4107,	ZC125295,	RX1217rp-1,	2,	ioerr,	,	0,	,	,	
debug,	1970/01/01 05:30:00,	/dev/sdmb,	ST4000NM0035-1V4107,	ZC125295,	RX1217rp-1,	2,	ioerr,	,	0,	,	,	
debug,	1970/01/01 05:30:00,	/dev/sdmb,	ST4000NM0035-1V4107,	ZC125295,	RX1217rp-1,	2,	ioerr,	,	0,	,	,	
debug,	1970/01/01 05:30:00,	/dev/sdmb,	ST4000NM0035-1V4107,	ZC125295,	RX1217rp-1,	2,	ioerr,	,	0,	,	,	
debug,	1970/01/01 05:30:00,	/dev/sdmb,	ST4000NM0035-1V4107,	ZC125295,	RX1217rp-1,	2,	ioerr,	,	0,	,	,	
debug,	1970/01/01 05:30:00,	/dev/sdmb,	ST4000NM0035-1V4107,	ZC125295,	RX1217rp-1,	2,	ioerr,	,	0,	,	,	
debug,	1970/01/01 05:30:00,	/dev/sdmb,	ST4000NM0035-1V4107,	ZC125295,	RX1217rp-1,	2,	ioerr,	,	0,	,	,	
debug,	1970/01/01 05:30:00,	/dev/sdmb,	ST4000NM0035-1V4107,	ZC125295,	RX1217rp-1,	2,	ioerr,	,	0,	,	,	
debug,	1970/01/01 05:30:00,	/dev/sdmb,	ST4000NM0035-1V4107,	ZC125295,	RX1217rp-1,	2,	ioerr,	,	0,	,	,	
debug,	1970/01/01 05:30:00,	/dev/sdmb,	ST4000NM0035-1V4107,	ZC125295,	RX1217rp-1,	2,	ioerr,	,	0,	,	,	
debug,	1970/01/01 05:30:00,	/dev/sdmb,	ST4000NM0035-1V4107,	ZC125295,	RX1217rp-1,	2,	ioerr,	,	0,	,	,	
debug,	1970/01/01 05:30:00,	/dev/sdmb,	ST4000NM0035-1V4107,	ZC125295,	RX1217rp-1,	2,	ioerr,	,	0,	,	,	
debug,	1970/01/01 05:30:00,	/dev/sdmb,	ST4000NM0035-1V4107,	ZC125295,	RX1217rp-1,	2,	ioerr,	,	0,	,	,	
debug,	1970/01/01 05:30:00,	/dev/sdmb,	ST4000NM0035-1V4107,	ZC125295,	RX1217rp-1,	2,	ioerr,	,	0,	,	,	
debug,	1970/01/01 05:30:00,	/dev/sdmb,	ST4000NM0035-1V4107,	ZC125295,	RX1217rp-1,	2,	ioerr,	,	0,	,	,	
debug,	1970/01/01 05:30:00,	/dev/sdmb,	ST4000NM0035-1V4107,	ZC125295,	RX1217rp-1,	2,	ioerr,	,	0,	,	,	
debug,	1970/01/01 05:30:00,	/dev/sdmb,	ST4000NM0035-1V4107,	ZC125295,	RX1217rp-1,	2,	ioerr,	,	0,	,	,	
debug,	1970/01/01 05:30:00,	/dev/sdmb,	ST4000NM0035-1V4107,	ZC125295,	RX1217rp-1,	2,	ioerr,	,	0,	,	,	
debug,	1970/01/01 05:30:00,	/dev/sdmb,	ST4000NM0035-1V4107,	ZC125295,	RX1217rp-1,	2,	ioerr,	,	0,	,	,	
debug,	1970/01/01 05:30:00,	/dev/sdmb,	ST4000NM0035-1V4107,	ZC125295,	RX1217rp-1,	2,	ioerr,	,	0,	,	,	
debug,	1970/01/01 05:30:00,	/dev/sdmb,	ST4000NM0035-1V4107,	ZC125295,	RX1217rp-1,	2,	ioerr,	,	0,	,	,	
debug,	1970/01/01 05:30:00,	/dev/sdmb,	ST4000NM0035-1V4107,	ZC125295,	RX1217rp-1,	2,	unc,	,	0,	,	,	
debug,	1970/01/01 05:30:00,	/dev/sdmb,	ST4000NM0035-1V4107,	ZC125295,	RX1217rp-1,	2,	ioerr,	,	0,	,	,	
